{"type": "FeatureCollection", "features": [{"type": "Feature", "properties": {"bidding_zone": "AT"}, "geometry": {"type": "Polygon", "coordinates": [[[16.94854, 48.58659], [16.94336, 48.55093], [16.86494, 48.45808], [16.84448, 48.3656], [16.85533, 48.35646], [16.88644, 48.34992], [16.90162, 48.32319], [16.89843, 48.31617], [16.9211, 48.28888], [16.97472, 48.19561], [16.97481, 48.17688], [16.98194, 48.1613], [17.00716, 48.1428], [17.02338, 48.13691], [17.06732, 48.08392], [17.05914, 48.06043], [17.07506, 48.05208], [17.06969, 48.03567], [17.12067, 48.02055], [17.14736, 48.00596], [17.0856, 47.97015], [17.09161, 47.96547], [17.08452, 47.93849], [17.07413, 47.93211], [17.08215, 47.92532], [17.07773, 47.90088], [17.03944, 47.87113], [17.00406, 47.86328], [17.00437, 47.85238], [17.03128, 47.84146], [17.04572, 47.80492], [17.04064, 47.80111], [17.05057, 47.73099], [17.0666, 47.70757], [16.97344, 47.69531], [16.85904, 47.69696], [16.85016, 47.71293], [16.82664, 47.69429], [16.78594, 47.67866], [16.74756, 47.68628], [16.71106, 47.70551], [16.70247, 47.7236], [16.68986, 47.72957], [16.60977, 47.75063], [16.5678, 47.75419], [16.53111, 47.74298], [16.52582, 47.72808], [16.46963, 47.69507], [16.44587, 47.68494], [16.43913, 47.69048], [16.40781, 47.66133], [16.48192, 47.63895], [16.49766, 47.64133], [16.63975, 47.60889], [16.65442, 47.57985], [16.65059, 47.56656], [16.66366, 47.56158], [16.67656, 47.53603], [16.65461, 47.50337], [16.63684, 47.4932], [16.63826, 47.47905], [16.62305, 47.44756], [16.57441, 47.42466], [16.51475, 47.40454], [16.47345, 47.40165], [16.4566, 47.41184], [16.44409, 47.40951], [16.43396, 47.39685], [16.43644, 47.35851], [16.42497, 47.35112], [16.42435, 47.3452], [16.43882, 47.33657], [16.44718, 47.32464], [16.4626, 47.27314], [16.43665, 47.24877], [16.42135, 47.24314], [16.42347, 47.23187], [16.40926, 47.20368], [16.41278, 47.18717], [16.42781, 47.18405], [16.43582, 47.15515], [16.43365, 47.14575], [16.44709, 47.13971], [16.45841, 47.14341], [16.48281, 47.14038], [16.49268, 47.12266], [16.49016, 47.11267], [16.48192, 47.10524], [16.46083, 47.0963], [16.45432, 47.0817], [16.46176, 47.0685], [16.47855, 47.06467], [16.46934, 47.04072], [16.42466, 47.02408], [16.46007, 47.02013], [16.45342, 47.00679], [16.42393, 46.99697], [16.36658, 47.00382], [16.32586, 47.00044], [16.2749, 47.00432], [16.26539, 46.99326], [16.26105, 46.97809], [16.23294, 46.96607], [16.23079, 46.9571], [16.09307, 46.86328], [16.03721, 46.84482], [16.0256, 46.83646], [15.98169, 46.82769], [15.97198, 46.82063], [15.97818, 46.80913], [15.9697, 46.76053], [15.98047, 46.70586], [15.97005, 46.69426], [15.94634, 46.69715], [15.87854, 46.72072], [15.85074, 46.72449], [15.82294, 46.72283], [15.7757, 46.70973], [15.70498, 46.70541], [15.6521, 46.71082], [15.63598, 46.71756], [15.63291, 46.69846], [15.5878, 46.67596], [15.54596, 46.67188], [15.53066, 46.66385], [15.52062, 46.64882], [15.43926, 46.62964], [15.38814, 46.64558], [15.18488, 46.64045], [15.06195, 46.64956], [15.00439, 46.63684], [14.99085, 46.62353], [14.95313, 46.61416], [14.94796, 46.61927], [14.93359, 46.62113], [14.9008, 46.60689], [14.85039, 46.60114], [14.83365, 46.58439], [14.81055, 46.54458], [14.75674, 46.49912], [14.74731, 46.49472], [14.73526, 46.49334], [14.72637, 46.49771], [14.70973, 46.49251], [14.68348, 46.46497], [14.59015, 46.43443], [14.57118, 46.41005], [14.5498, 46.39971], [14.50219, 46.41836], [14.46592, 46.41611], [14.41527, 46.42832], [14.40649, 46.43934], [14.31374, 46.43683], [14.10594, 46.4611], [14.06636, 46.48104], [14.01651, 46.48273], [13.93682, 46.49678], [13.89086, 46.51179], [13.74395, 46.51431], [13.49356, 46.55497], [13.47802, 46.56357], [13.41704, 46.56049], [13.37332, 46.56579], [13.33106, 46.55956], [13.17707, 46.57198], [13.14646, 46.58496], [13.0645, 46.59804], [12.96034, 46.6032], [12.80557, 46.62588], [12.73987, 46.64299], [12.7291, 46.64148], [12.66959, 46.65302], [12.59689, 46.65437], [12.46907, 46.67587], [12.38828, 46.70264], [12.3577, 46.73268], [12.34269, 46.76513], [12.3192, 46.77314], [12.27401, 46.82849], [12.27582, 46.84629], [12.26662, 46.86815], [12.25081, 46.87562], [12.22164, 46.87631], [12.1541, 46.93525], [12.13076, 46.98477], [12.16443, 47.02681], [12.18228, 47.03362], [12.20358, 47.05333], [12.2042, 47.07969], [12.18063, 47.08521], [12.11624, 47.07656], [12.07647, 47.0624], [11.89951, 47.02772], [11.84417, 47.00503], [11.77195, 46.98601], [11.69941, 46.98467], [11.68381, 46.99191], [11.59648, 47.00044], [11.50578, 46.9941], [11.48941, 47.00421], [11.47184, 47.00708], [11.45292, 47.00088], [11.42996, 46.98293], [11.35524, 46.98001], [11.31381, 46.98726], [11.24374, 46.97925], [11.17449, 46.96385], [11.15661, 46.95651], [11.09191, 46.91243], [11.0752, 46.87195], [11.0251, 46.79697], [10.99326, 46.777], [10.90664, 46.77069], [10.8481, 46.77412], [10.83415, 46.78025], [10.8156, 46.77872], [10.75977, 46.79331], [10.73832, 46.80946], [10.74868, 46.81944], [10.73896, 46.82955], [10.64708, 46.86376], [10.58239, 46.85354], [10.4794, 46.85513], [10.45379, 46.86459], [10.45429, 46.8936], [10.46384, 46.91975], [10.45846, 46.93662], [10.41645, 46.96193], [10.38436, 46.99315], [10.3734, 46.99625], [10.33888, 46.98411], [10.26398, 46.92311], [10.23512, 46.92331], [10.21992, 46.90577], [10.21462, 46.88749], [10.17979, 46.86235], [10.1335, 46.85151], [10.02644, 46.87803], [10.00691, 46.89076], [9.96196, 46.90069], [9.87773, 46.93769], [9.86543, 46.97369], [9.87059, 46.99884], [9.85633, 47.00408], [9.85798, 47.01548], [9.66905, 47.0562], [9.58179, 47.05738], [9.6088, 47.08077], [9.61572, 47.10676], [9.60559, 47.13227], [9.58182, 47.1549], [9.57111, 47.15921], [9.55705, 47.18329], [9.56291, 47.19774], [9.54247, 47.23344], [9.5471, 47.24303], [9.53842, 47.2485], [9.52774, 47.2704], [9.5533, 47.29985], [9.5874, 47.32781], [9.60105, 47.36127], [9.6398, 47.39452], [9.64952, 47.40972], [9.65035, 47.45209], [9.55522, 47.51062], [9.54779, 47.53358], [9.61262, 47.52188], [9.6767, 47.52263], [9.70399, 47.53142], [9.72731, 47.5597], [9.74893, 47.57554], [9.81049, 47.55968], [9.81313, 47.54175], [9.83349, 47.53462], [9.85891, 47.54134], [9.97158, 47.50532], [9.98077, 47.49294], [9.98263, 47.48103], [9.99358, 47.47659], [10.01215, 47.48472], [10.03408, 47.47358], [10.07422, 47.42852], [10.07101, 47.41426], [10.05322, 47.40486], [10.06417, 47.39618], [10.07316, 47.36548], [10.08288, 47.35907], [10.11037, 47.36739], [10.13083, 47.36267], [10.15402, 47.37468], [10.20029, 47.36343], [10.18574, 47.31719], [10.18414, 47.29463], [10.16866, 47.29042], [10.15543, 47.27288], [10.15988, 47.27112], [10.23935, 47.27774], [10.30591, 47.30218], [10.34343, 47.33076], [10.37165, 47.36739], [10.41164, 47.38104], [10.42828, 47.39605], [10.45195, 47.43876], [10.44761, 47.47258], [10.43366, 47.48785], [10.42009, 47.49286], [10.43091, 47.54168], [10.43945, 47.55156], [10.48254, 47.53286], [10.52512, 47.52847], [10.53691, 47.52986], [10.55735, 47.54409], [10.65869, 47.54722], [10.74475, 47.52403], [10.75219, 47.5154], [10.76077, 47.51364], [10.80976, 47.5221], [10.87305, 47.52022], [10.87075, 47.50194], [10.85162, 47.4931], [10.85844, 47.48516], [10.89034, 47.47514], [10.95215, 47.42671], [10.96178, 47.41712], [10.95528, 47.40961], [10.96551, 47.39607], [10.97946, 47.39055], [11.08375, 47.38951], [11.19121, 47.4252], [11.21449, 47.41396], [11.21304, 47.39582], [11.23702, 47.39396], [11.25883, 47.40073], [11.28666, 47.42342], [11.32943, 47.43951], [11.36766, 47.44013], [11.38388, 47.44486], [11.39246, 47.45478], [11.38864, 47.46222], [11.37862, 47.46668], [11.39297, 47.48716], [11.46817, 47.50567], [11.48259, 47.50258], [11.55121, 47.51369], [11.5694, 47.52738], [11.57935, 47.55104], [11.71578, 47.58326], [11.76402, 47.58312], [11.82034, 47.57529], [11.83068, 47.57761], [11.83972, 47.59294], [12.03374, 47.60786], [12.1736, 47.60508], [12.20575, 47.63621], [12.20513, 47.67229], [12.20025, 47.67874], [12.19688, 47.70908], [12.20928, 47.71826], [12.23428, 47.71169], [12.22332, 47.6959], [12.22879, 47.68487], [12.23872, 47.6789], [12.2937, 47.69001], [12.35147, 47.68169], [12.37382, 47.68495], [12.43574, 47.66611], [12.45276, 47.64975], [12.49658, 47.6289], [12.53823, 47.63133], [12.59424, 47.6563], [12.68584, 47.66934], [12.75809, 47.64406], [12.77701, 47.63207], [12.79619, 47.60703], [12.78587, 47.60268], [12.77367, 47.5795], [12.77894, 47.55482], [12.85687, 47.51777], [12.8826, 47.49857], [12.93159, 47.47351], [12.94255, 47.47049], [12.96973, 47.47573], [12.99112, 47.46568], [13.00187, 47.46602], [13.03732, 47.49305], [13.03222, 47.51096], [13.04886, 47.59038], [13.07205, 47.62242], [13.07205, 47.65947], [13.04456, 47.69657], [13.01986, 47.71293], [13.00435, 47.71461], [12.98632, 47.70925], [12.92812, 47.71284], [12.89766, 47.72187], [12.91723, 47.75016], [12.91916, 47.76046], [12.95166, 47.80434], [12.99123, 47.84711], [12.96498, 47.87196], [12.93108, 47.92488], [12.88423, 47.95361], [12.8469, 47.98786], [12.83062, 48.01547], [12.79517, 48.04035], [12.76006, 48.07598], [12.76035, 48.10698], [12.80698, 48.15357], [12.89746, 48.20371], [12.93304, 48.20925], [12.99272, 48.24053], [13.08213, 48.2751], [13.14043, 48.28994], [13.27421, 48.3071], [13.3078, 48.31964], [13.40557, 48.37658], [13.41952, 48.39216], [13.42717, 48.41854], [13.43616, 48.43059], [13.43823, 48.47854], [13.45921, 48.51639], [13.45027, 48.53219], [13.45986, 48.56455], [13.48567, 48.5812], [13.6752, 48.52305], [13.68884, 48.53085], [13.71651, 48.52169], [13.72334, 48.5422], [13.74857, 48.56047], [13.77428, 48.56921], [13.80239, 48.61171], [13.80622, 48.64292], [13.80095, 48.67522], [13.80353, 48.68716], [13.81686, 48.69558], [13.79896, 48.70318], [13.80293, 48.74751], [13.81572, 48.76643], [13.84316, 48.75986], [13.92655, 48.72679], [13.98877, 48.69243], [14.0177, 48.64931], [14.0062, 48.63951], [14.0152, 48.62039], [14.04083, 48.60117], [14.07483, 48.59171], [14.2299, 48.57804], [14.32536, 48.55864], [14.40535, 48.58629], [14.42117, 48.59706], [14.43218, 48.61644], [14.48213, 48.62448], [14.53382, 48.60871], [14.55573, 48.61314], [14.60187, 48.6084], [14.60513, 48.60032], [14.63469, 48.60233], [14.65919, 48.57696], [14.67562, 48.57624], [14.69567, 48.58954], [14.70664, 48.67192], [14.73941, 48.7031], [14.77536, 48.724], [14.78006, 48.74177], [14.82188, 48.77402], [14.87889, 48.77253], [14.91933, 48.76157], [14.93958, 48.76281], [14.95106, 48.78033], [14.93814, 48.80281], [14.96821, 48.88503], [14.96488, 48.93807], [14.97206, 48.98328], [14.99346, 49.00112], [15.06983, 48.99667], [15.13975, 48.96934], [15.14881, 48.95983], [15.14195, 48.93748], [15.23807, 48.95076], [15.25761, 48.96472], [15.31094, 48.97402], [15.41746, 48.95212], [15.49203, 48.92518], [15.52125, 48.90849], [15.6216, 48.8807], [15.68135, 48.85847], [15.72682, 48.85495], [15.76323, 48.86529], [15.8252, 48.86445], [15.83328, 48.85201], [15.85735, 48.84925], [15.8813, 48.83794], [15.87575, 48.83309], [15.88763, 48.83494], [15.90753, 48.82554], [15.9081, 48.81971], [15.91674, 48.82118], [15.93032, 48.81476], [15.93177, 48.80643], [16.03233, 48.75806], [16.08535, 48.74287], [16.15409, 48.74559], [16.31759, 48.73284], [16.3395, 48.73558], [16.35831, 48.72726], [16.38497, 48.73708], [16.41654, 48.77282], [16.47735, 48.79984], [16.54356, 48.79624], [16.60098, 48.78189], [16.65266, 48.75984], [16.66196, 48.74002], [16.67509, 48.73393], [16.71868, 48.73282], [16.7989, 48.70922], [16.83316, 48.71431], [16.88369, 48.70371], [16.90261, 48.66861], [16.91052, 48.63078], [16.94504, 48.60417], [16.94854, 48.58659]]]}}, {"type": "Feature", "properties": {"bidding_zone": "BE"}, "geometry": {"type": "Polygon", "coordinates": [[[2.52662, 51.08977], [2.57993, 51.1048], [2.71567, 51.1695], [3.00367, 51.27958], [3.21222, 51.34739], [3.34941, 51.37522], [3.35807, 51.33671], [3.35321, 51.2886], [3.36737, 51.26349], [3.39166, 51.24677], [3.42194, 51.23798], [3.45388, 51.23563], [3.50121, 51.24028], [3.50267, 51.25679], [3.58027, 51.28618], [3.68184, 51.27568], [3.75566, 51.25483], [3.78037, 51.23449], [3.7814, 51.21987], [3.80869, 51.20533], [3.92703, 51.20626], [3.94945, 51.21078], [3.99503, 51.23323], [4.11895, 51.2724], [4.16856, 51.29687], [4.20794, 51.33059], [4.22149, 51.368], [4.24106, 51.35659], [4.25611, 51.32844], [4.30299, 51.29609], [4.30812, 51.28364], [4.29672, 51.26756], [4.30836, 51.27123], [4.33082, 51.29609], [4.28932, 51.30915], [4.28305, 51.35008], [4.26107, 51.36938], [4.2812, 51.36894], [4.34561, 51.35229], [4.39222, 51.35041], [4.41123, 51.35674], [4.4162, 51.37397], [4.39514, 51.39495], [4.38768, 51.42926], [4.44092, 51.45981], [4.50342, 51.47471], [4.53081, 51.44935], [4.52151, 51.42864], [4.54063, 51.42007], [4.5827, 51.4226], [4.63014, 51.41821], [4.65391, 51.42622], [4.68859, 51.45287], [4.75566, 51.49111], [4.78418, 51.47739], [4.81055, 51.45273], [4.82017, 51.41442], [4.77907, 51.42642], [4.7678, 51.42539], [4.76212, 51.41337], [4.7833, 51.40764], [4.86546, 51.40409], [4.91033, 51.3919], [4.93193, 51.39562], [4.95714, 51.411], [4.99636, 51.4477], [5.03096, 51.46909], [5.05947, 51.45312], [5.07116, 51.41438], [5.06525, 51.40591], [5.06174, 51.38425], [5.06814, 51.37454], [5.0961, 51.35514], [5.12292, 51.31338], [5.14018, 51.30739], [5.16386, 51.30868], [5.21513, 51.27876], [5.21542, 51.25873], [5.23299, 51.25592], [5.27072, 51.26183], [5.38906, 51.25871], [5.47685, 51.28506], [5.50879, 51.275], [5.54302, 51.23776], [5.54553, 51.21992], [5.56837, 51.20765], [5.63222, 51.19371], [5.65901, 51.17907], [5.69328, 51.1814], [5.75234, 51.16948], [5.78138, 51.15241], [5.79648, 51.15308], [5.82557, 51.12705], [5.8205, 51.09632], [5.80495, 51.09662], [5.81177, 51.08231], [5.7913, 51.055], [5.77963, 51.0613], [5.77146, 51.05812], [5.76402, 51.03518], [5.77545, 51.02536], [5.74905, 50.98635], [5.72237, 50.95942], [5.7417, 50.96273], [5.75, 50.95024], [5.73662, 50.93213], [5.62232, 50.85266], [5.62449, 50.83028], [5.64072, 50.81504], [5.67189, 50.80244], [5.69449, 50.77442], [5.68837, 50.76083], [5.70656, 50.75422], [5.72785, 50.75416], [5.73663, 50.76252], [5.79317, 50.75215], [5.99433, 50.74986], [5.99419, 50.74259], [6.01122, 50.72977], [6.00762, 50.71691], [6.01155, 50.70853], [6.04953, 50.71188], [6.11943, 50.67925], [6.1531, 50.63892], [6.14777, 50.63676], [6.15945, 50.62239], [6.18002, 50.61552], [6.19872, 50.61522], [6.23594, 50.59668], [6.17908, 50.56198], [6.16069, 50.54358], [6.17589, 50.52879], [6.16947, 50.5225], [6.17082, 50.51795], [6.18607, 50.51543], [6.18856, 50.51304], [6.1826, 50.50658], [6.2072, 50.48633], [6.24901, 50.4923], [6.29549, 50.48508], [6.32381, 50.46431], [6.33163, 50.4469], [6.34167, 50.43767], [6.34444, 50.39704], [6.33639, 50.37992], [6.33773, 50.36809], [6.35688, 50.34678], [6.36445, 50.31616], [6.33694, 50.30403], [6.29949, 50.30887], [6.28595, 50.30386], [6.26942, 50.28649], [6.26859, 50.27389], [6.18963, 50.24272], [6.15717, 50.22272], [6.14684, 50.21404], [6.15925, 50.20519], [6.13818, 50.16864], [6.12131, 50.16159], [6.11583, 50.14547], [6.12274, 50.14187], [6.1165, 50.121], [6.10088, 50.13725], [6.09713, 50.15131], [6.08421, 50.15932], [6.05478, 50.1543], [6.00765, 50.16204], [5.99832, 50.17497], [5.98292, 50.16707], [5.96163, 50.16562], [5.95039, 50.14723], [5.9038, 50.11128], [5.87244, 50.09689], [5.86799, 50.08365], [5.83771, 50.04744], [5.83822, 50.04221], [5.81571, 50.00975], [5.80267, 50.00248], [5.80304, 49.98749], [5.78809, 49.96123], [5.76371, 49.94682], [5.71896, 49.89137], [5.71493, 49.88187], [5.73584, 49.8737], [5.74015, 49.8594], [5.73188, 49.85996], [5.72692, 49.84523], [5.73153, 49.84245], [5.7202, 49.82471], [5.72774, 49.80022], [5.73828, 49.78885], [5.75478, 49.78494], [5.78799, 49.75889], [5.80471, 49.73104], [5.80536, 49.72188], [5.81651, 49.71759], [5.84688, 49.68296], [5.84226, 49.67392], [5.84577, 49.66658], [5.865, 49.6623], [5.88037, 49.64478], [5.84122, 49.58969], [5.82996, 49.58276], [5.83839, 49.57976], [5.81543, 49.55381], [5.78975, 49.53828], [5.74635, 49.54943], [5.7278, 49.53901], [5.681, 49.53599], [5.64465, 49.5438], [5.61974, 49.53553], [5.61175, 49.52841], [5.56747, 49.51741], [5.5476, 49.52344], [5.50732, 49.51089], [5.45062, 49.54492], [5.40208, 49.60245], [5.38347, 49.6133], [5.35136, 49.62113], [5.30586, 49.64861], [5.29945, 49.6625], [5.25924, 49.69133], [5.21504, 49.68926], [5.12412, 49.72148], [5.08189, 49.75273], [5.06065, 49.7567], [4.97099, 49.79706], [4.9178, 49.78903], [4.86758, 49.78813], [4.8468, 49.86769], [4.86196, 49.90031], [4.8602, 49.91334], [4.84459, 49.93173], [4.81193, 49.9404], [4.79004, 49.95957], [4.80965, 50.00861], [4.82671, 50.03602], [4.82677, 50.05142], [4.83782, 50.07907], [4.84604, 50.09069], [4.85214, 50.09162], [4.86289, 50.08408], [4.87188, 50.13978], [4.86268, 50.14759], [4.83965, 50.14451], [4.8181, 50.153], [4.81555, 50.16133], [4.78858, 50.15337], [4.68192, 50.08392], [4.67344, 50.0662], [4.67969, 50.05418], [4.65615, 50.00244], [4.54063, 49.95987], [4.36875, 49.94497], [4.2776, 49.96016], [4.2315, 49.95586], [4.17607, 49.96025], [4.14932, 49.97158], [4.13895, 49.98244], [4.13682, 50.0], [4.15029, 50.02388], [4.18049, 50.0499], [4.21001, 50.06015], [4.21032, 50.06671], [4.1974, 50.08408], [4.18055, 50.12723], [4.15856, 50.12901], [4.13525, 50.1438], [4.14414, 50.17842], [4.16997, 50.22349], [4.20132, 50.24153], [4.2037, 50.25197], [4.1976, 50.25848], [4.16277, 50.27295], [4.15027, 50.26954], [4.15023, 50.26047], [4.02273, 50.33812], [4.0033, 50.34406], [3.95459, 50.33518], [3.86083, 50.3385], [3.84021, 50.3452], [3.79866, 50.34845], [3.75505, 50.34633], [3.74151, 50.34313], [3.71885, 50.32168], [3.68935, 50.30606], [3.66729, 50.3248], [3.65291, 50.37181], [3.65283, 50.40685], [3.64436, 50.4455], [3.62813, 50.46436], [3.60829, 50.47651], [3.58637, 50.48348], [3.49047, 50.49694], [3.49801, 50.51185], [3.47713, 50.51986], [3.46287, 50.51914], [3.42913, 50.50182], [3.31621, 50.50737], [3.27334, 50.53154], [3.2652, 50.55215], [3.26433, 50.5702], [3.24614, 50.60888], [3.23519, 50.66185], [3.24376, 50.6721], [3.23239, 50.69592], [3.22443, 50.70517], [3.19952, 50.70898], [3.1462, 50.76889], [3.12925, 50.77907], [3.1033, 50.78408], [2.97143, 50.75783], [2.94838, 50.74869], [2.92183, 50.72702], [2.83975, 50.71177], [2.75937, 50.75064], [2.74384, 50.7662], [2.70664, 50.78879], [2.69186, 50.80884], [2.66662, 50.81367], [2.59678, 50.87593], [2.5793, 50.91177], [2.58436, 50.92171], [2.61165, 50.94123], [2.60845, 50.96113], [2.57468, 50.98877], [2.54292, 51.03869], [2.52662, 51.08977]]]}}, {"type": "Feature", "properties": {"bidding_zone": "BG"}, "geometry": {"type": "Polygon", "coordinates": [[[26.23445, 41.74583], [26.21182, 41.75048], [26.20208, 41.74346], [26.10836, 41.72789], [26.08149, 41.71151], [26.06051, 41.7073], [26.05369, 41.70151], [26.04748, 41.67461], [26.05503, 41.64875], [26.06691, 41.6355], [26.08854, 41.62937], [26.11123, 41.6082], [26.14355, 41.52153], [26.14588, 41.47804], [26.15518, 41.43486], [26.13535, 41.38574], [26.06641, 41.35068], [25.9371, 41.31564], [25.9139, 41.31318], [25.84855, 41.32192], [25.83334, 41.33464], [25.81101, 41.34104], [25.78564, 41.33033], [25.72033, 41.31487], [25.64003, 41.311], [25.55149, 41.31567], [25.53795, 41.31221], [25.52857, 41.29997], [25.38193, 41.26436], [25.25117, 41.24356], [25.15787, 41.30611], [25.11465, 41.32237], [25.10186, 41.33665], [25.08108, 41.33418], [24.91696, 41.38636], [24.88637, 41.40063], [24.80327, 41.39267], [24.80084, 41.375], [24.77373, 41.3561], [24.74301, 41.3721], [24.69919, 41.40895], [24.65547, 41.41768], [24.64193, 41.42375], [24.64431, 41.42765], [24.63281, 41.42752], [24.596, 41.44273], [24.56934, 41.46738], [24.54486, 41.50819], [24.53094, 41.54754], [24.51016, 41.56165], [24.45921, 41.54951], [24.39973, 41.52761], [24.3744, 41.52373], [24.28567, 41.52542], [24.2864, 41.54036], [24.25075, 41.56346], [24.21437, 41.55576], [24.1816, 41.53736], [24.17711, 41.52972], [24.13669, 41.5289], [24.0766, 41.53602], [24.04735, 41.52574], [24.04867, 41.50868], [24.03291, 41.46909], [24.01133, 41.46006], [24.00074, 41.46414], [23.99719, 41.45716], [23.97353, 41.45229], [23.91932, 41.45444], [23.8948, 41.46434], [23.88266, 41.45589], [23.82281, 41.43492], [23.79207, 41.43447], [23.77708, 41.42905], [23.76231, 41.41299], [23.7104, 41.40229], [23.67218, 41.40295], [23.63516, 41.38677], [23.54285, 41.38609], [23.51301, 41.39773], [23.41452, 41.3999], [23.37207, 41.38965], [23.30705, 41.38734], [23.2877, 41.3982], [23.26993, 41.39727], [23.22425, 41.37903], [23.20978, 41.36859], [23.20627, 41.35979], [23.15596, 41.32207], [23.02559, 41.32563], [22.91758, 41.33613], [22.94085, 41.34983], [22.94447, 41.36843], [22.93734, 41.41076], [22.9546, 41.43241], [22.94623, 41.45323], [22.9438, 41.51781], [22.95146, 41.60562], [23.00958, 41.71637], [23.00886, 41.73993], [22.99119, 41.76099], [22.94394, 41.7751], [22.91492, 41.82527], [22.90768, 41.84858], [22.89562, 41.86489], [22.86178, 41.93896], [22.85476, 41.98263], [22.83822, 42.01948], [22.82127, 42.02537], [22.80167, 42.02129], [22.7903, 42.02739], [22.78086, 42.04317], [22.73756, 42.04289], [22.70572, 42.05594], [22.68077, 42.05984], [22.58272, 42.10483], [22.49824, 42.16509], [22.48145, 42.19332], [22.45196, 42.20978], [22.34502, 42.31344], [22.42398, 42.32589], [22.43845, 42.34005], [22.44758, 42.36111], [22.48023, 42.39543], [22.50884, 42.40493], [22.53313, 42.45759], [22.53654, 42.47839], [22.52486, 42.50766], [22.47207, 42.54331], [22.43847, 42.62374], [22.46341, 42.7117], [22.48259, 42.73067], [22.48145, 42.73982], [22.46556, 42.74966], [22.43926, 42.79165], [22.46407, 42.83745], [22.52228, 42.87007], [22.53757, 42.86834], [22.55811, 42.87847], [22.62153, 42.88081], [22.66624, 42.87193], [22.72702, 42.88689], [22.7388, 42.89738], [22.75551, 42.93753], [22.7999, 42.98574], [22.82902, 42.9935], [22.88422, 43.03665], [22.89346, 43.05446], [22.91768, 43.07788], [22.93527, 43.08556], [22.95563, 43.10827], [22.97403, 43.14119], [22.98457, 43.17463], [22.98137, 43.19899], [22.93963, 43.20841], [22.8649, 43.24942], [22.82248, 43.29739], [22.81714, 43.3155], [22.80453, 43.32898], [22.71937, 43.38867], [22.6888, 43.3947], [22.65111, 43.41149], [22.63782, 43.42637], [22.61471, 43.42771], [22.55123, 43.45839], [22.49948, 43.51843], [22.47725, 43.5918], [22.48197, 43.59946], [22.4738, 43.613], [22.47287, 43.63594], [22.46626, 43.64912], [22.43729, 43.66388], [22.39482, 43.70664], [22.38709, 43.73939], [22.38853, 43.75829], [22.37398, 43.77094], [22.36963, 43.7813], [22.36606, 43.85006], [22.38385, 43.92101], [22.39453, 43.93634], [22.39902, 43.96953], [22.4208, 44.00742], [22.46878, 44.01796], [22.50367, 44.0199], [22.52063, 44.04103], [22.5672, 44.0618], [22.59297, 44.06393], [22.60475, 44.07938], [22.59979, 44.10393], [22.60281, 44.14105], [22.62371, 44.18849], [22.66748, 44.22022], [22.69164, 44.22843], [22.90644, 44.12289], [22.94261, 44.11147], [22.97789, 44.10802], [23.02852, 44.07798], [23.02441, 44.04722], [22.98597, 44.01747], [22.90582, 44.00398], [22.88587, 43.99453], [22.85052, 43.89699], [22.85104, 43.87435], [22.86344, 43.85541], [22.88876, 43.83952], [22.91956, 43.83422], [23.13185, 43.84794], [23.19696, 43.86275], [23.22551, 43.87382], [23.53457, 43.85356], [23.56428, 43.84879], [23.5927, 43.83743], [23.63611, 43.83216], [23.6519, 43.83471], [23.99448, 43.783], [24.15938, 43.75294], [24.35823, 43.76002], [24.37549, 43.76387], [24.4315, 43.79425], [24.62544, 43.76551], [24.7056, 43.74377], [24.75263, 43.7388], [24.79205, 43.74082], [25.15967, 43.68633], [25.30537, 43.67962], [25.35962, 43.65429], [25.40313, 43.65005], [25.46742, 43.66775], [25.55656, 43.67036], [25.6165, 43.68775], [25.64632, 43.70314], [25.70127, 43.71805], [25.7396, 43.71893], [25.78114, 43.73201], [25.80498, 43.76109], [25.81885, 43.76685], [25.84555, 43.79102], [25.8693, 43.80089], [25.91643, 43.84438], [25.934, 43.87032], [26.21582, 44.00727], [26.41817, 44.06404], [26.61417, 44.08486], [26.67732, 44.09705], [26.70868, 44.10811], [26.75369, 44.10811], [26.78945, 44.11596], [26.86319, 44.14756], [27.05533, 44.16458], [27.10024, 44.14449], [27.13795, 44.13903], [27.27121, 44.08408], [27.28534, 44.07245], [27.34167, 44.05307], [27.35355, 44.04527], [27.37288, 44.02072], [27.38384, 44.01509], [27.57696, 44.01684], [27.6709, 43.9978], [27.7217, 43.94874], [27.78733, 43.96042], [27.8195, 43.97355], [27.88428, 43.98735], [27.95674, 43.91117], [27.98101, 43.84934], [28.01481, 43.83004], [28.22125, 43.76198], [28.43457, 43.73521], [28.57838, 43.74128], [28.57345, 43.62045], [28.56182, 43.50132], [28.46543, 43.38931], [28.40464, 43.40496], [28.39381, 43.41429], [28.36866, 43.42178], [28.32163, 43.42829], [28.21233, 43.40882], [28.15724, 43.40778], [28.11883, 43.39155], [28.09156, 43.36396], [28.05418, 43.29285], [28.03516, 43.26826], [27.9626, 43.21581], [27.90398, 43.20234], [27.90398, 43.1955], [27.92815, 43.18229], [27.90321, 43.05503], [27.88771, 43.04214], [27.88356, 43.03099], [27.88543, 43.00861], [27.8953, 42.97847], [27.89176, 42.85278], [27.88396, 42.84837], [27.88356, 42.83194], [27.89064, 42.81296], [27.88887, 42.74971], [27.81836, 42.71665], [27.73268, 42.7145], [27.719, 42.69457], [27.71725, 42.67421], [27.69057, 42.65055], [27.64674, 42.64057], [27.62843, 42.62897], [27.63201, 42.59863], [27.5935, 42.56449], [27.54086, 42.5655], [27.51149, 42.55305], [27.49855, 42.53246], [27.48015, 42.4829], [27.46225, 42.48957], [27.45289, 42.48013], [27.45338, 42.46524], [27.46567, 42.45563], [27.46111, 42.44355], [27.46567, 42.42829], [27.47267, 42.46186], [27.50392, 42.43732], [27.51417, 42.43513], [27.52977, 42.44856], [27.63955, 42.40098], [27.7082, 42.34995], [27.75789, 42.28764], [27.75115, 42.27704], [27.75587, 42.25849], [27.78045, 42.24335], [27.77369, 42.23591], [27.80974, 42.21841], [27.85351, 42.17603], [27.84938, 42.16706], [27.87258, 42.15705], [27.90398, 42.11982], [27.91544, 42.11439], [27.98271, 42.04741], [28.01276, 41.97323], [27.96592, 41.98214], [27.93457, 41.97942], [27.8931, 41.98481], [27.85223, 41.99545], [27.81192, 41.9947], [27.80495, 41.98343], [27.80166, 41.95654], [27.68707, 41.9686], [27.6093, 41.95349], [27.60575, 41.94196], [27.59735, 41.93902], [27.59054, 41.94289], [27.57661, 41.93203], [27.53486, 41.9208], [27.45983, 41.95733], [27.36289, 42.02505], [27.33247, 42.05743], [27.30529, 42.07759], [27.27335, 42.09175], [27.23821, 42.09792], [27.21641, 42.09562], [27.19271, 42.07703], [27.10551, 42.06817], [27.0837, 42.07841], [27.04655, 42.08294], [27.02262, 42.07389], [27.01171, 42.05864], [26.96402, 42.02488], [26.88486, 41.99185], [26.79768, 41.97488], [26.78057, 41.98343], [26.75527, 41.97075], [26.6792, 41.96333], [26.60569, 41.96741], [26.54709, 41.9269], [26.54472, 41.91643], [26.55747, 41.90999], [26.5293, 41.84668], [26.51143, 41.82637], [26.43945, 41.81455], [26.37553, 41.81662], [26.33419, 41.78954], [26.32003, 41.76546], [26.31631, 41.74376], [26.3209, 41.71655], [26.24983, 41.73265], [26.23445, 41.74583]]]}}, {"type": "Feature", "properties": {"bidding_zone": "CH"}, "geometry": {"type": "Polygon", "coordinates": [[[10.41722, 46.79885], [10.42175, 46.77852], [10.40755, 46.73903], [10.39965, 46.73555], [10.39562, 46.7264], [10.39438, 46.70082], [10.36917, 46.6724], [10.37754, 46.65328], [10.39562, 46.63881], [10.4226, 46.63681], [10.43828, 46.61885], [10.44248, 46.58286], [10.43066, 46.55005], [10.36309, 46.54707], [10.27932, 46.56346], [10.23237, 46.59408], [10.23377, 46.61798], [10.21786, 46.62697], [10.19212, 46.62682], [10.08784, 46.60439], [10.06862, 46.56201], [10.03275, 46.53297], [10.0281, 46.48393], [10.04211, 46.46475], [10.02634, 46.44626], [10.04205, 46.43272], [10.08193, 46.42075], [10.10915, 46.36393], [10.09745, 46.35164], [10.09177, 46.32896], [10.10489, 46.30937], [10.12863, 46.29262], [10.14522, 46.25352], [10.12832, 46.23823], [10.08057, 46.22798], [10.04204, 46.23782], [10.03172, 46.26007], [10.01699, 46.26913], [9.97087, 46.32854], [9.96402, 46.35609], [9.91844, 46.37115], [9.8554, 46.36696], [9.76651, 46.33885], [9.72011, 46.35089], [9.70926, 46.34239], [9.70883, 46.31935], [9.63945, 46.2959], [9.57959, 46.29609], [9.52871, 46.3062], [9.4929, 46.3382], [9.4826, 46.35681], [9.47495, 46.36117], [9.44183, 46.42836], [9.43465, 46.49833], [9.41067, 46.48889], [9.40304, 46.48088], [9.3514, 46.48818], [9.35083, 46.49786], [9.33099, 46.5015], [9.28231, 46.49737], [9.26319, 46.48512], [9.24582, 46.46104], [9.23797, 46.43655], [9.24758, 46.42303], [9.25989, 46.41714], [9.25107, 46.28677], [9.20342, 46.21924], [9.18133, 46.20405], [9.1353, 46.15915], [9.09059, 46.13817], [9.07209, 46.11889], [9.06873, 46.10006], [9.02143, 46.04971], [9.00212, 46.03931], [8.99778, 46.02794], [9.00374, 46.01625], [8.99913, 45.98255], [8.97979, 45.96691], [8.99344, 45.95425], [9.0017, 45.93606], [9.02206, 45.92256], [9.04668, 45.87559], [9.02373, 45.8457], [8.95448, 45.8302], [8.911, 45.85763], [8.9121, 45.8834], [8.90652, 45.89648], [8.86445, 45.95342], [8.80464, 45.97694], [8.77803, 45.99619], [8.80188, 46.02793], [8.8196, 46.04293], [8.83438, 46.06639], [8.80895, 46.08975], [8.74715, 46.09445], [8.72389, 46.10954], [8.70383, 46.09897], [8.6417, 46.11079], [8.56637, 46.15921], [8.53868, 46.18762], [8.4584, 46.2459], [8.43848, 46.28286], [8.44629, 46.38218], [8.44163, 46.43494], [8.42789, 46.44869], [8.39916, 46.45218], [8.34345, 46.44388], [8.31627, 46.43365], [8.29498, 46.41805], [8.2866, 46.40536], [8.29404, 46.39922], [8.22205, 46.33612], [8.1411, 46.29443], [8.10687, 46.28555], [8.08734, 46.2718], [8.07308, 46.25361], [8.09191, 46.24048], [8.12725, 46.1876], [8.12519, 46.16094], [8.06285, 46.09966], [8.03535, 46.09652], [8.02533, 46.09114], [8.0182, 46.08086], [8.01488, 46.05251], [7.99316, 46.01592], [7.9353, 45.98779], [7.8982, 45.98195], [7.88378, 45.97387], [7.87262, 45.95732], [7.78789, 45.92183], [7.67127, 45.95192], [7.64303, 45.96634], [7.54112, 45.98412], [7.52438, 45.97807], [7.51747, 45.96999], [7.44865, 45.94368], [7.32793, 45.91235], [7.28667, 45.91343], [7.24904, 45.89969], [7.129, 45.88042], [7.05576, 45.90381], [7.02026, 45.92738], [6.98767, 45.99311], [6.91511, 46.04861], [6.89369, 46.05518], [6.85497, 46.0918], [6.86819, 46.10468], [6.86922, 46.11233], [6.85393, 46.12261], [6.8067, 46.12985], [6.77207, 46.16514], [6.79847, 46.23009], [6.82768, 46.26948], [6.78418, 46.31397], [6.76803, 46.36705], [6.7821, 46.37846], [6.78923, 46.39521], [6.78706, 46.41417], [6.77772, 46.42411], [6.76267, 46.42926], [6.61368, 46.4559], [6.54702, 46.45737], [6.48294, 46.44859], [6.44652, 46.43132], [6.42891, 46.43052], [6.34543, 46.4018], [6.30156, 46.39448], [6.26911, 46.37503], [6.2195, 46.32911], [6.21412, 46.31547], [6.23758, 46.26793], [6.25226, 46.25992], [6.26412, 46.26369], [6.27295, 46.25225], [6.20616, 46.19849], [6.08662, 46.14702], [6.02829, 46.14793], [6.0018, 46.14356], [5.97157, 46.1512], [5.98292, 46.17083], [5.97079, 46.1814], [5.97002, 46.2147], [6.04356, 46.24322], [6.06767, 46.24162], [6.08968, 46.24638], [6.09403, 46.25304], [6.09505, 46.27881], [6.10854, 46.31616], [6.1364, 46.35934], [6.13506, 46.3704], [6.12286, 46.38554], [6.06355, 46.42558], [6.06757, 46.4336], [6.0654, 46.44843], [6.06797, 46.45855], [6.10781, 46.51782], [6.1457, 46.55163], [6.12869, 46.56475], [6.16074, 46.61104], [6.3071, 46.69576], [6.33794, 46.70741], [6.37422, 46.73361], [6.40739, 46.7457], [6.4292, 46.76082], [6.43261, 46.78598], [6.42017, 46.79627], [6.4272, 46.82492], [6.44677, 46.85771], [6.44842, 46.87156], [6.43545, 46.89537], [6.43857, 46.92588], [6.45625, 46.94834], [6.5207, 46.96976], [6.5987, 46.98654], [6.66541, 47.02129], [6.68825, 47.04385], [6.68344, 47.05129], [6.68809, 47.05825], [6.7832, 47.13351], [6.84028, 47.16953], [6.8593, 47.19092], [6.88834, 47.21131], [6.95625, 47.24523], [6.95257, 47.26787], [6.97852, 47.30205], [6.9919, 47.30595], [7.00648, 47.31936], [7.03655, 47.32952], [7.0443, 47.3405], [7.004, 47.36814], [6.9856, 47.36212], [6.92148, 47.36123], [6.90039, 47.39424], [6.92452, 47.406], [6.92533, 47.41588], [6.93771, 47.42662], [6.95232, 47.42884], [6.98343, 47.4438], [6.99097, 47.45222], [6.98729, 47.46126], [7.05342, 47.48936], [7.13523, 47.48984], [7.16924, 47.47324], [7.16264, 47.45989], [7.16833, 47.44357], [7.21938, 47.42848], [7.23809, 47.4168], [7.27511, 47.42667], [7.33158, 47.43201], [7.37855, 47.43065], [7.40635, 47.43824], [7.42609, 47.45576], [7.42922, 47.46537], [7.44789, 47.48606], [7.46743, 47.48191], [7.48448, 47.49294], [7.48593, 47.49839], [7.47694, 47.51488], [7.50112, 47.51731], [7.50546, 47.52302], [7.50515, 47.53302], [7.48938, 47.53938], [7.49492, 47.54736], [7.61999, 47.59152], [7.65231, 47.58255], [7.64654, 47.57154], [7.6359, 47.56459], [7.60975, 47.56475], [7.66142, 47.54625], [7.68344, 47.54426], [7.76674, 47.55596], [7.79079, 47.56744], [7.90977, 47.56432], [7.91216, 47.56056], [8.04228, 47.56056], [8.08724, 47.56738], [8.10371, 47.57911], [8.19824, 47.60693], [8.29647, 47.60693], [8.30635, 47.59219], [8.31616, 47.58785], [8.35409, 47.58102], [8.41807, 47.58077], [8.44887, 47.58428], [8.4559, 47.59751], [8.47764, 47.6127], [8.52626, 47.61942], [8.5607, 47.5894], [8.57413, 47.59244], [8.58178, 47.60766], [8.58033, 47.63901], [8.59356, 47.64257], [8.59511, 47.63482], [8.60162, 47.6326], [8.60731, 47.65629], [8.56824, 47.66293], [8.45176, 47.65181], [8.41328, 47.66269], [8.40342, 47.68779], [8.42373, 47.71516], [8.43791, 47.72319], [8.44215, 47.73442], [8.50986, 47.76689], [8.57266, 47.77564], [8.60576, 47.76866], [8.60762, 47.76225], [8.61744, 47.75732], [8.62614, 47.76116], [8.70947, 47.71132], [8.71707, 47.69456], [8.76988, 47.69507], [8.76172, 47.70125], [8.76325, 47.7046], [8.79307, 47.71655], [8.83115, 47.70361], [8.84631, 47.68915], [8.83768, 47.68779], [8.83779, 47.68084], [8.85267, 47.67079], [8.88171, 47.65614], [8.90621, 47.6518], [8.98188, 47.66224], [9.1834, 47.67042], [9.19694, 47.65614], [9.21671, 47.65615], [9.55439, 47.51113], [9.58451, 47.48072], [9.62581, 47.46675], [9.60908, 47.3918], [9.52701, 47.26955], [9.50462, 47.24373], [9.48736, 47.21001], [9.47949, 47.09751], [9.48351, 47.08023], [9.47589, 47.07323], [9.47702, 47.0639], [9.56064, 47.0524], [9.5812, 47.05687], [9.59991, 47.05349], [9.62916, 47.05597], [9.74502, 47.03711], [9.84531, 47.00737], [9.86543, 46.97369], [9.86243, 46.93977], [9.87514, 46.92742], [9.89994, 46.9144], [9.96196, 46.90069], [10.02644, 46.87803], [10.0681, 46.85662], [10.1113, 46.84712], [10.15781, 46.85161], [10.20142, 46.86683], [10.21166, 46.87704], [10.21462, 46.88749], [10.26398, 46.92311], [10.29568, 46.92269], [10.2962, 46.94137], [10.30463, 46.95245], [10.34941, 46.98477], [10.41329, 46.96492], [10.45459, 46.89941], [10.45283, 46.86494], [10.43408, 46.81279], [10.41722, 46.79885]]]}}, {"type": "Feature", "properties": {"bidding_zone": "CZ"}, "geometry": {"type": "Polygon", "coordinates": [[[14.81039, 50.85845], [14.90089, 50.86285], [14.98206, 50.85907], [14.98885, 50.92094], [14.99777, 50.93017], [14.99663, 50.95922], [14.98701, 50.96809], [14.98455, 51.00232], [15.00141, 51.01311], [15.07488, 51.00117], [15.09389, 50.98542], [15.10795, 50.98102], [15.11921, 50.98247], [15.12294, 50.99336], [15.16751, 50.98212], [15.17016, 50.97797], [15.25859, 50.95855], [15.26385, 50.93705], [15.25305, 50.9141], [15.26535, 50.88227], [15.28778, 50.85488], [15.31703, 50.84215], [15.353, 50.8129], [15.34969, 50.78372], [15.3561, 50.77545], [15.37026, 50.77261], [15.39783, 50.79618], [15.46396, 50.79385], [15.65677, 50.74752], [15.6738, 50.73355], [15.68434, 50.73143], [15.73289, 50.73888], [15.81612, 50.70978], [15.84816, 50.67515], [15.89378, 50.67697], [15.94853, 50.67026], [15.97383, 50.63545], [15.99287, 50.62187], [15.98004, 50.61298], [15.982, 50.60363], [16.02448, 50.60859], [16.06641, 50.62993], [16.13972, 50.63866], [16.17548, 50.62409], [16.19232, 50.62658], [16.21061, 50.64709], [16.28223, 50.65561], [16.35996, 50.62139], [16.4125, 50.58516], [16.41973, 50.57363], [16.41122, 50.56372], [16.39448, 50.55934], [16.39831, 50.54867], [16.3791, 50.51689], [16.35664, 50.50049], [16.32303, 50.49256], [16.30343, 50.49604], [16.28772, 50.49278], [16.2814, 50.48225], [16.26498, 50.47165], [16.21124, 50.45129], [16.21796, 50.43713], [16.19801, 50.44002], [16.19015, 50.42416], [16.19956, 50.40628], [16.2243, 50.40348], [16.23752, 50.39161], [16.24968, 50.37104], [16.2625, 50.36442], [16.28865, 50.37186], [16.33418, 50.36689], [16.3509, 50.34492], [16.35324, 50.33352], [16.37102, 50.31838], [16.39717, 50.31225], [16.49205, 50.24272], [16.55025, 50.17575], [16.56667, 50.14221], [16.58424, 50.12743], [16.61865, 50.10702], [16.66062, 50.09302], [16.70123, 50.09493], [16.73438, 50.12305], [16.75425, 50.13229], [16.77861, 50.15703], [16.8418, 50.18672], [16.88096, 50.19156], [16.89648, 50.20239], [16.9333, 50.21603], [16.95527, 50.21347], [16.95762, 50.22504], [16.97542, 50.23164], [16.99631, 50.21291], [17.0084, 50.20996], [17.01481, 50.21849], [17.01284, 50.23166], [16.99982, 50.24272], [16.99837, 50.26701], [16.98783, 50.28494], [16.95246, 50.3042], [16.91475, 50.34522], [16.89791, 50.37822], [16.86914, 50.4145], [16.88008, 50.42705], [16.94459, 50.42004], [16.95879, 50.4146], [16.98076, 50.41611], [17.10482, 50.38872], [17.1317, 50.37682], [17.15318, 50.37774], [17.19122, 50.35989], [17.20105, 50.34323], [17.21087, 50.33641], [17.24611, 50.32215], [17.2806, 50.31796], [17.33381, 50.29299], [17.33479, 50.27001], [17.34171, 50.25972], [17.35504, 50.25326], [17.3659, 50.27156], [17.3782, 50.27216], [17.41243, 50.2561], [17.42419, 50.24055], [17.44, 50.24272], [17.4555, 50.25478], [17.55469, 50.26408], [17.6064, 50.25823], [17.62955, 50.2621], [17.66967, 50.29146], [17.70225, 50.30718], [17.72012, 50.29863], [17.72636, 50.27098], [17.71916, 50.2528], [17.72143, 50.24272], [17.73545, 50.23076], [17.70928, 50.19356], [17.62217, 50.16735], [17.6004, 50.16681], [17.58945, 50.16324], [17.58211, 50.15317], [17.58418, 50.14588], [17.63275, 50.10635], [17.68106, 50.10078], [17.7445, 50.05819], [17.76329, 50.02522], [17.77455, 50.01519], [17.83936, 49.97364], [17.87574, 49.96868], [17.91212, 49.97581], [17.9292, 49.98565], [17.97146, 49.99604], [18.03242, 50.00284], [18.03748, 50.00723], [18.03573, 50.01721], [18.0287, 50.02413], [18.01791, 50.02384], [18.02832, 50.03525], [18.04951, 50.03193], [18.0877, 50.00727], [18.08513, 49.99876], [18.09815, 49.98904], [18.18975, 49.96885], [18.22342, 49.95449], [18.26416, 49.93149], [18.27261, 49.9183], [18.29245, 49.90781], [18.30692, 49.90967], [18.34844, 49.92983], [18.42291, 49.91765], [18.4818, 49.89665], [18.50505, 49.8967], [18.5174, 49.9018], [18.5624, 49.87935], [18.57715, 49.84111], [18.56634, 49.83158], [18.56675, 49.80476], [18.60768, 49.74296], [18.62401, 49.70637], [18.63734, 49.70033], [18.6824, 49.69578], [18.80521, 49.61489], [18.8293, 49.54014], [18.83223, 49.51079], [18.79227, 49.50954], [18.74971, 49.49399], [18.67617, 49.48848], [18.6359, 49.49672], [18.58679, 49.48727], [18.55621, 49.49016], [18.53564, 49.48168], [18.52873, 49.46034], [18.46461, 49.41535], [18.41036, 49.38641], [18.38764, 49.38975], [18.38644, 49.36667], [18.36484, 49.33623], [18.25317, 49.29304], [18.19003, 49.27694], [18.16058, 49.2587], [18.13649, 49.23307], [18.11779, 49.20258], [18.10508, 49.16976], [18.10039, 49.11934], [18.08594, 49.06514], [18.05088, 49.03652], [17.98032, 49.02079], [17.93506, 49.01939], [17.91408, 49.0105], [17.90085, 48.99303], [17.89268, 48.97114], [17.82126, 48.92324], [17.79553, 48.92058], [17.77941, 48.91174], [17.7585, 48.88813], [17.62539, 48.84185], [17.48269, 48.82779], [17.45333, 48.84276], [17.41774, 48.83304], [17.3076, 48.84195], [17.26027, 48.85779], [17.21221, 48.86606], [17.16746, 48.85976], [17.11371, 48.83392], [17.10462, 48.82462], [17.10065, 48.8119], [17.04995, 48.77403], [17.02535, 48.74633], [16.97345, 48.64823], [16.94752, 48.62316], [16.94526, 48.60583], [16.92832, 48.6209], [16.90261, 48.66861], [16.89667, 48.69698], [16.87301, 48.71899], [16.83316, 48.71431], [16.76445, 48.72202], [16.7127, 48.73423], [16.65266, 48.75984], [16.64315, 48.77826], [16.54579, 48.7963], [16.51954, 48.8056], [16.49225, 48.79971], [16.45308, 48.80219], [16.43572, 48.79454], [16.41654, 48.77282], [16.36728, 48.73897], [16.25154, 48.73931], [16.05723, 48.75478], [15.93032, 48.81476], [15.92505, 48.8226], [15.90753, 48.82554], [15.89963, 48.83475], [15.8813, 48.83794], [15.88599, 48.84203], [15.87017, 48.84389], [15.82604, 48.86405], [15.8185, 48.87232], [15.7879, 48.87226], [15.76323, 48.86529], [15.70078, 48.86045], [15.5796, 48.89354], [15.45035, 48.94482], [15.35785, 48.97081], [15.28871, 48.97536], [15.27455, 48.98673], [15.26287, 48.98259], [15.25761, 48.96472], [15.19961, 48.94814], [15.16172, 48.94629], [15.14881, 48.95983], [15.1374, 48.99303], [15.0543, 48.99841], [15.00397, 49.00977], [14.97886, 49.00626], [14.97824, 48.99282], [14.9646, 48.97174], [14.96488, 48.93807], [14.94736, 48.82773], [14.92256, 48.77139], [14.81546, 48.78033], [14.80037, 48.77651], [14.78006, 48.74177], [14.70384, 48.6731], [14.69131, 48.59922], [14.60187, 48.6084], [14.60059, 48.61758], [14.59418, 48.62132], [14.55573, 48.61314], [14.48213, 48.62448], [14.45817, 48.64318], [14.44359, 48.63652], [14.43218, 48.61644], [14.36758, 48.57622], [14.2299, 48.57804], [14.14183, 48.58673], [14.04912, 48.60249], [14.0177, 48.64931], [14.03287, 48.65491], [14.03215, 48.66726], [14.01416, 48.67507], [13.99111, 48.70018], [13.87495, 48.75243], [13.81511, 48.76685], [13.72467, 48.8673], [13.68753, 48.87487], [13.61651, 48.91807], [13.60866, 48.94616], [13.59047, 48.94482], [13.53889, 48.96704], [13.51595, 48.97024], [13.5021, 48.96606], [13.49483, 48.95764], [13.44072, 48.95557], [13.40117, 48.97759], [13.37239, 49.03851], [13.28733, 49.10057], [13.22783, 49.11167], [13.15076, 49.15288], [13.05582, 49.23818], [13.04376, 49.24266], [13.01092, 49.26853], [12.99981, 49.29493], [12.98244, 49.29963], [12.95433, 49.31911], [12.92291, 49.3327], [12.88467, 49.33957], [12.87092, 49.33673], [12.87325, 49.33], [12.81338, 49.32935], [12.74785, 49.36621], [12.72933, 49.39115], [12.70918, 49.40474], [12.68115, 49.4145], [12.62638, 49.46964], [12.62298, 49.50985], [12.59626, 49.51452], [12.55568, 49.57495], [12.5466, 49.59558], [12.52961, 49.60543], [12.50064, 49.63929], [12.50537, 49.64612], [12.50464, 49.6594], [12.49637, 49.66999], [12.44946, 49.68496], [12.4082, 49.71318], [12.39053, 49.73965], [12.41341, 49.76285], [12.43674, 49.76926], [12.45266, 49.7797], [12.45616, 49.80838], [12.47142, 49.82945], [12.48252, 49.82724], [12.51291, 49.87024], [12.52407, 49.90497], [12.51787, 49.9122], [12.48867, 49.92142], [12.46598, 49.94634], [12.47074, 49.95561], [12.46816, 49.97023], [12.45131, 49.98057], [12.41452, 49.98305], [12.27646, 50.04233], [12.20781, 50.09751], [12.18296, 50.14717], [12.1827, 50.17074], [12.17505, 50.18262], [12.13929, 50.21104], [12.12572, 50.21648], [12.09762, 50.25715], [12.10911, 50.26381], [12.11097, 50.27662], [12.10725, 50.29088], [12.09242, 50.30429], [12.09922, 50.31099], [12.13486, 50.31094], [12.17434, 50.28864], [12.17805, 50.26877], [12.18921, 50.26246], [12.2123, 50.25943], [12.23115, 50.24487], [12.22993, 50.23482], [12.24701, 50.2231], [12.26023, 50.20494], [12.27323, 50.17234], [12.28336, 50.16221], [12.30042, 50.16082], [12.31437, 50.16733], [12.307, 50.20741], [12.35859, 50.27324], [12.42601, 50.32812], [12.45379, 50.3407], [12.46681, 50.34189], [12.46789, 50.3567], [12.54902, 50.39341], [12.64138, 50.39806], [12.69181, 50.39465], [12.71316, 50.41162], [12.76543, 50.43096], [12.86826, 50.42222], [12.91836, 50.4054], [12.95257, 50.40416], [12.9966, 50.43367], [13.00643, 50.47267], [13.01641, 50.49038], [13.06978, 50.49108], [13.1074, 50.49899], [13.16011, 50.49702], [13.1847, 50.50875], [13.2377, 50.57676], [13.26163, 50.5765], [13.28465, 50.56896], [13.30563, 50.57578], [13.31427, 50.59223], [13.3396, 50.61041], [13.37461, 50.62173], [13.40702, 50.60131], [13.42934, 50.59433], [13.44794, 50.59727], [13.49817, 50.62916], [13.49332, 50.64321], [13.52329, 50.66218], [13.52722, 50.67567], [13.5206, 50.68444], [13.52656, 50.69282], [13.55674, 50.70464], [13.69175, 50.71184], [13.74906, 50.72321], [13.83453, 50.72368], [13.87536, 50.73654], [13.88218, 50.74274], [13.88002, 50.75708], [13.99844, 50.80112], [14.03494, 50.80258], [14.19079, 50.84791], [14.2117, 50.86346], [14.29738, 50.88266], [14.34655, 50.8802], [14.3759, 50.89596], [14.38189, 50.92087], [14.33668, 50.93409], [14.29941, 50.95259], [14.29373, 50.96397], [14.30376, 50.96971], [14.27477, 50.97557], [14.25586, 51.00185], [14.2832, 51.02949], [14.31973, 51.03779], [14.3653, 51.02675], [14.38675, 51.01327], [14.42196, 51.01986], [14.50045, 51.01067], [14.5457, 50.99394], [14.55967, 50.95493], [14.57091, 50.94344], [14.55036, 50.91209], [14.56183, 50.90635], [14.60398, 50.91742], [14.62383, 50.91475], [14.60834, 50.85307], [14.6132, 50.84558], [14.64353, 50.84016], [14.70043, 50.81597], [14.75923, 50.81018], [14.77536, 50.81297], [14.78507, 50.82005], [14.81039, 50.85845]]]}}, {"type": "Feature", "properties": {"bidding_zone": "DE"}, "geometry": {"type": "MultiPolygon", "coordinates": [[[[6.19355, 49.49941], [6.13609, 49.49527], [6.14002, 49.48972], [6.10725, 49.48251], [6.10203, 49.47327], [6.07412, 49.45464], [6.00702, 49.44624], [5.95947, 49.45464], [5.94695, 49.46995], [5.92814, 49.4823], [5.83465, 49.50287], [5.8221, 49.51052], [5.79068, 49.53775], [5.81446, 49.54514], [5.8374, 49.56111], [5.84691, 49.57672], [5.83839, 49.57976], [5.85654, 49.61284], [5.88546, 49.64353], [5.87988, 49.65775], [5.865, 49.6623], [5.84688, 49.68296], [5.84877, 49.69273], [5.85735, 49.70043], [5.856, 49.70808], [5.85022, 49.71402], [5.81651, 49.71759], [5.77849, 49.77304], [5.75478, 49.78494], [5.725, 49.8083], [5.72578, 49.83335], [5.73653, 49.83944], [5.73153, 49.84245], [5.74015, 49.8594], [5.75813, 49.8582], [5.73525, 49.87564], [5.74401, 49.91945], [5.78404, 49.95741], [5.80164, 49.96382], [5.8126, 49.97757], [5.80304, 49.98749], [5.81571, 50.00975], [5.83637, 50.01855], [5.83822, 50.04221], [5.84799, 50.05604], [5.86438, 50.06749], [5.86799, 50.08365], [5.9038, 50.11128], [5.94106, 50.12831], [5.95039, 50.14723], [5.97546, 50.16656], [6.00765, 50.16204], [6.01413, 50.15358], [6.02736, 50.14945], [6.08906, 50.15459], [6.10088, 50.13725], [6.1026, 50.12475], [6.11749, 50.12046], [6.12948, 50.13405], [6.12274, 50.14187], [6.13818, 50.16864], [6.15914, 50.17244], [6.16513, 50.1819], [6.16575, 50.19316], [6.15925, 50.20519], [6.17369, 50.23023], [6.21345, 50.24958], [6.2534, 50.25678], [6.27179, 50.26742], [6.26859, 50.27389], [6.33694, 50.30403], [6.36202, 50.30696], [6.37453, 50.31548], [6.37246, 50.32944], [6.35688, 50.34678], [6.34444, 50.39704], [6.35117, 50.43356], [6.34167, 50.43767], [6.34092, 50.45176], [6.32326, 50.46602], [6.32574, 50.47403], [6.3369, 50.481], [6.20303, 50.49912], [6.17871, 50.52251], [6.16846, 50.54536], [6.2139, 50.57992], [6.23293, 50.58715], [6.25133, 50.60844], [6.24905, 50.61443], [6.19872, 50.61522], [6.15449, 50.63726], [6.1611, 50.64218], [6.10023, 50.7013], [6.081, 50.71349], [6.04953, 50.71188], [6.01122, 50.72977], [6.01083, 50.73706], [6.00051, 50.74049], [5.99455, 50.74952], [6.02737, 50.84519], [6.04555, 50.84418], [6.06281, 50.86294], [6.05465, 50.89147], [6.06374, 50.90754], [6.04146, 50.91244], [6.00684, 50.94995], [5.99701, 50.95432], [6.00576, 50.96852], [6.0037, 50.97374], [5.96783, 50.971], [5.89473, 50.98423], [5.86719, 51.00566], [5.85752, 51.03013], [5.86836, 51.04531], [5.89895, 51.04337], [5.91957, 51.0297], [5.93796, 51.03094], [5.96479, 51.05871], [6.08696, 51.12431], [6.13237, 51.13983], [6.14725, 51.15225], [6.13481, 51.15956], [6.13691, 51.16484], [6.13133, 51.16718], [6.15707, 51.17925], [6.13413, 51.18422], [6.11248, 51.17486], [6.08242, 51.17998], [6.0748, 51.19902], [6.07588, 51.22412], [6.11324, 51.27819], [6.14777, 51.31816], [6.19355, 51.34452], [6.20782, 51.38767], [6.19273, 51.39896], [6.20534, 51.45844], [6.19335, 51.50934], [6.14728, 51.54337], [6.09111, 51.59893], [6.08986, 51.62659], [6.09919, 51.64447], [6.05273, 51.65825], [6.01538, 51.69558], [6.02199, 51.70951], [5.98239, 51.72857], [5.95755, 51.75339], [5.96235, 51.75635], [5.96411, 51.77656], [5.94873, 51.80269], [6.0154, 51.83587], [6.08675, 51.8532], [6.15614, 51.84206], [6.11879, 51.87075], [6.1665, 51.88076], [6.22518, 51.86255], [6.23806, 51.8643], [6.27786, 51.85515], [6.2874, 51.84616], [6.3127, 51.84378], [6.34322, 51.8302], [6.34497, 51.8211], [6.38248, 51.82759], [6.38655, 51.83775], [6.41553, 51.85331], [6.46289, 51.84836], [6.48472, 51.85553], [6.51758, 51.85395], [6.74375, 51.90833], [6.76701, 51.92551], [6.78985, 51.95115], [6.81073, 51.96058], [6.81166, 51.9728], [6.80401, 51.98437], [6.71563, 52.03618], [6.71299, 52.05689], [6.72451, 52.08022], [6.74902, 52.09868], [6.79788, 52.11062], [6.83067, 52.11289], [6.84328, 52.12], [6.85648, 52.13659], [6.90996, 52.16711], [6.94767, 52.18281], [6.98365, 52.21466], [7.02632, 52.23064], [7.02911, 52.23578], [7.01491, 52.25928], [7.04823, 52.36507], [7.03417, 52.39078], [6.9733, 52.45137], [6.96143, 52.44354], [6.92207, 52.44028], [6.84051, 52.44211], [6.74883, 52.46401], [6.70293, 52.49922], [6.6916, 52.53018], [6.71251, 52.55007], [6.74375, 52.55971], [6.71853, 52.57274], [6.70624, 52.5961], [6.71074, 52.61787], [6.74844, 52.63408], [6.97958, 52.63361], [7.01847, 52.62599], [7.03666, 52.64738], [7.05088, 52.74477], [7.11709, 52.88701], [7.16192, 52.93264], [7.18362, 52.96612], [7.19282, 52.99801], [7.18906, 53.16899], [7.19851, 53.20058], [7.19459, 53.24502], [7.21583, 53.2556], [7.23357, 53.27363], [7.23699, 53.28555], [7.2295, 53.29658], [7.25473, 53.31953], [7.29151, 53.32392], [7.36655, 53.3028], [7.34254, 53.32404], [7.30291, 53.33275], [7.13305, 53.33636], [7.05332, 53.37583], [7.07432, 53.47764], [7.09181, 53.51993], [7.11964, 53.5163], [7.14177, 53.53718], [7.13998, 53.54979], [7.11273, 53.56248], [7.20584, 53.65395], [7.29136, 53.68163], [7.47057, 53.68992], [7.48024, 53.68203], [7.50392, 53.67866], [7.65079, 53.69689], [8.00928, 53.69072], [8.02559, 53.67549], [8.05291, 53.6363], [8.12582, 53.58193], [8.11915, 53.57193], [8.14284, 53.56604], [8.1664, 53.54405], [8.15268, 53.52479], [8.1338, 53.5163], [8.11573, 53.51073], [8.07635, 53.50861], [8.05877, 53.50202], [8.08619, 53.45612], [8.09978, 53.44741], [8.12387, 53.45401], [8.15235, 53.44977], [8.1867, 53.42951], [8.20533, 53.41071], [8.21974, 53.40644], [8.24871, 53.40839], [8.27174, 53.4195], [8.29282, 53.4405], [8.31511, 53.47492], [8.32049, 53.50922], [8.29151, 53.52936], [8.28427, 53.52821], [8.30156, 53.58413], [8.33389, 53.6062], [8.38771, 53.57713], [8.45137, 53.55171], [8.49268, 53.51436], [8.49318, 53.49063], [8.4839, 53.45734], [8.48504, 53.40119], [8.4909, 53.37645], [8.50441, 53.35806], [8.50733, 53.3828], [8.50144, 53.41763], [8.52362, 53.50102], [8.55665, 53.51822], [8.56577, 53.5467], [8.52706, 53.59722], [8.50625, 53.67075], [8.52492, 53.76371], [8.5409, 53.79628], [8.57559, 53.83848], [8.61895, 53.875], [8.73599, 53.8585], [8.78248, 53.84247], [8.86069, 53.831], [9.20557, 53.85596], [9.32197, 53.81348], [9.37861, 53.76768], [9.40268, 53.74242], [9.49057, 53.67714], [9.49838, 53.65986], [9.56707, 53.5996], [9.58237, 53.59129], [9.62679, 53.58403], [9.69663, 53.55663], [9.81902, 53.54035], [9.83204, 53.54361], [9.81959, 53.55663], [9.78207, 53.56973], [9.71875, 53.5741], [9.63125, 53.60019], [9.53808, 53.67577], [9.53224, 53.71117], [9.4661, 53.73415], [9.41472, 53.77582], [9.39666, 53.81102], [9.39519, 53.831], [9.35873, 53.83954], [9.29558, 53.87189], [9.25782, 53.88557], [9.06963, 53.90093], [8.97813, 53.92622], [8.92041, 53.96533], [8.90352, 54.00029], [8.90406, 54.04561], [8.97535, 54.02407], [8.99724, 54.03022], [9.01857, 54.08242], [9.01832, 54.09789], [8.97446, 54.12808], [8.97731, 54.1457], [8.95289, 54.15009], [8.90522, 54.14267], [8.90664, 54.26079], [8.89595, 54.26831], [8.92205, 54.27424], [8.95314, 54.30256], [8.96315, 54.31761], [8.94028, 54.31501], [8.9026, 54.29584], [8.88111, 54.29027], [8.88795, 54.30394], [8.84838, 54.30016], [8.78037, 54.31304], [8.73603, 54.29521], [8.64492, 54.29497], [8.62651, 54.3517], [8.67205, 54.35928], [8.69557, 54.35859], [8.69557, 54.36542], [8.65065, 54.378], [8.63478, 54.36542], [8.64805, 54.39766], [8.75082, 54.4138], [8.86069, 54.4138], [8.90724, 54.42552], [8.94947, 54.44733], [9.00473, 54.46589], [9.01149, 54.48212], [9.01157, 54.50633], [8.98609, 54.52928], [8.90447, 54.58063], [8.88795, 54.60187], [8.86985, 54.60635], [8.80543, 54.68757], [8.79317, 54.69201], [8.68232, 54.79185], [8.67128, 54.89442], [8.73278, 54.88905], [8.79194, 54.90189], [8.90293, 54.89692], [9.18584, 54.84468], [9.21681, 54.82825], [9.22639, 54.80591], [9.24407, 54.80177], [9.31703, 54.80162], [9.38991, 54.81673], [9.40519, 54.80839], [9.45143, 54.81037], [9.511, 54.82783], [9.52996, 54.8415], [9.58131, 54.851], [9.58318, 54.83027], [9.6316, 54.81989], [9.69304, 54.81802], [9.73463, 54.80732], [9.80177, 54.78339], [9.82374, 54.75674], [9.89536, 54.76948], [9.89341, 54.77984], [9.95381, 54.73828], [9.99873, 54.696], [9.97047, 54.70124], [9.9463, 54.68765], [9.93238, 54.68525], [9.92945, 54.6739], [9.99635, 54.67878], [10.0114, 54.66706], [10.02227, 54.67244], [10.02881, 54.5813], [9.94131, 54.51465], [9.89389, 54.48712], [9.8401, 54.48212], [9.8401, 54.47529], [9.88331, 54.4621], [10.02117, 54.48132], [10.14346, 54.48843], [10.18593, 54.43519], [10.19703, 54.4101], [10.19125, 54.39671], [10.17709, 54.38426], [10.14177, 54.37226], [10.14829, 54.36518], [10.14177, 54.35859], [10.15252, 54.35179], [10.15553, 54.34341], [10.14177, 54.32441], [10.16375, 54.32917], [10.18035, 54.34113], [10.20387, 54.37226], [10.22178, 54.4108], [10.36045, 54.43833], [10.44337, 54.4064], [10.6291, 54.34996], [10.6902, 54.31623], [10.73129, 54.31021], [10.77711, 54.31513], [10.84586, 54.34653], [10.95596, 54.37568], [11.01543, 54.37517], [11.06436, 54.28052], [11.00859, 54.18115], [10.84672, 54.09442], [10.83611, 54.08999], [10.82228, 54.09736], [10.80543, 54.09488], [10.75261, 54.05012], [10.76588, 54.02436], [10.78045, 54.00996], [10.79965, 54.00056], [10.82691, 53.99543], [10.8755, 53.99543], [10.88738, 53.96393], [10.92262, 53.96137], [10.96469, 53.98542], [11.04076, 54.00446], [11.1043, 54.00918], [11.24536, 53.97835], [11.24293, 53.94522], [11.25563, 53.94086], [11.29371, 53.94086], [11.3308, 53.95967], [11.34272, 53.95707], [11.35825, 53.94086], [11.39991, 53.94086], [11.43873, 53.90913], [11.45769, 53.90615], [11.47682, 53.9527], [11.47242, 53.96882], [11.47983, 53.97614], [11.49789, 53.98184], [11.49593, 53.98637], [11.70059, 54.11353], [11.79629, 54.14546], [12.093, 54.16698], [12.09164, 54.114], [12.115, 54.09789], [12.10532, 54.11001], [12.09506, 54.1457], [12.10548, 54.15738], [12.13429, 54.16698], [12.14283, 54.18049], [12.12322, 54.18025], [12.16956, 54.22629], [12.32732, 54.29377], [12.34213, 54.30394], [12.38628, 54.35177], [12.42469, 54.37525], [12.41847, 54.36066], [12.424, 54.34492], [12.39674, 54.35175], [12.3899, 54.34492], [12.39649, 54.33295], [12.39161, 54.32111], [12.37908, 54.31245], [12.36256, 54.31021], [12.38014, 54.27709], [12.36883, 54.26919], [12.41245, 54.25141], [12.43678, 54.24771], [12.45818, 54.25556], [12.44264, 54.25519], [12.41033, 54.26919], [12.41684, 54.28095], [12.45143, 54.30394], [12.47242, 54.31021], [12.47869, 54.33185], [12.56056, 54.35859], [12.54078, 54.36542], [12.54078, 54.37226], [12.55934, 54.37629], [12.57423, 54.37226], [12.57423, 54.3791], [12.59295, 54.36933], [12.62273, 54.37393], [12.67726, 54.39208], [12.67042, 54.4064], [12.70484, 54.41462], [12.71754, 54.4138], [12.71754, 54.4064], [12.70248, 54.40412], [12.69239, 54.39619], [12.68409, 54.37226], [12.7046, 54.3996], [12.72381, 54.38125], [12.73504, 54.37816], [12.7461, 54.38589], [12.76857, 54.38007], [12.78712, 54.39208], [12.79469, 54.37714], [12.81804, 54.35798], [12.85467, 54.35786], [12.87599, 54.36542], [12.90382, 54.3996], [12.94113, 54.41882], [13.02279, 54.41155], [13.07979, 54.35578], [13.07667, 54.35253], [13.08074, 54.33714], [13.10922, 54.31021], [13.11492, 54.28002], [13.16042, 54.2766], [13.17066, 54.26919], [13.1434, 54.26301], [13.17612, 54.26484], [13.20772, 54.25428], [13.31372, 54.20426], [13.32179, 54.19453], [13.34889, 54.18049], [13.32154, 54.16682], [13.34653, 54.16694], [13.37481, 54.17543], [13.39753, 54.16471], [13.38299, 54.15314], [13.39479, 54.14891], [13.4087, 54.15461], [13.41774, 54.15314], [13.45037, 54.11042], [13.4651, 54.09846], [13.48357, 54.09129], [13.50709, 54.09105], [13.50709, 54.09789], [13.47926, 54.11835], [13.47926, 54.12519], [13.60271, 54.13947], [13.63678, 54.14931], [13.70136, 54.1522], [13.73235, 54.1421], [13.78696, 54.06736], [13.7732, 54.04633], [13.7461, 54.03644], [13.79762, 53.99893], [13.82992, 53.98971], [13.85452, 53.89554], [13.81853, 53.878], [13.80812, 53.86514], [13.81707, 53.85293], [13.8628, 53.84125], [13.86915, 53.83031], [13.89991, 53.80915], [13.91066, 53.81049], [13.98422, 53.77399], [14.01734, 53.76952], [14.03745, 53.75528], [14.06886, 53.75528], [14.10613, 53.74335], [14.19276, 53.74093], [14.25889, 53.72964], [14.21274, 53.70808], [14.2639, 53.69998], [14.2651, 53.67176], [14.26097, 53.65621], [14.27872, 53.63169], [14.29704, 53.56257], [14.29694, 53.52914], [14.30417, 53.50852], [14.32846, 53.48609], [14.38101, 53.36254], [14.39801, 53.31522], [14.40329, 53.27879], [14.4141, 53.27004], [14.41235, 53.21809], [14.3977, 53.21099], [14.38065, 53.18986], [14.37786, 53.17655], [14.38722, 53.14673], [14.36856, 53.10557], [14.29316, 53.02676], [14.14449, 52.95992], [14.15056, 52.94342], [14.13887, 52.93286], [14.12861, 52.87822], [14.14805, 52.86335], [14.12392, 52.85065], [14.1354, 52.8366], [14.15276, 52.82833], [14.20267, 52.82157], [14.25371, 52.78252], [14.46544, 52.67118], [14.4901, 52.65064], [14.51493, 52.64465], [14.61448, 52.53403], [14.60906, 52.5178], [14.61288, 52.51567], [14.57458, 52.44062], [14.53981, 52.42187], [14.5454, 52.38215], [14.57393, 52.31416], [14.58773, 52.30207], [14.58415, 52.29123], [14.60658, 52.27575], [14.67988, 52.25], [14.70436, 52.20916], [14.69257, 52.19958], [14.69257, 52.19338], [14.70046, 52.18578], [14.68637, 52.12103], [14.69639, 52.10669], [14.75218, 52.08093], [14.71982, 52.01944], [14.69908, 51.99251], [14.69772, 51.96888], [14.6749, 51.90483], [14.63978, 51.87009], [14.59594, 51.84242], [14.58281, 51.82508], [14.58581, 51.80389], [14.60224, 51.78831], [14.62044, 51.78044], [14.63622, 51.75525], [14.64844, 51.71721], [14.69007, 51.69089], [14.7249, 51.66172], [14.73867, 51.62715], [14.72143, 51.57602], [14.71272, 51.56742], [14.70456, 51.54799], [14.71004, 51.53024], [14.73215, 51.51582], [14.77704, 51.50639], [14.90596, 51.46333], [14.93555, 51.43535], [14.96377, 51.32839], [14.99211, 51.30074], [15.01623, 51.25346], [14.99136, 51.18897], [14.97028, 51.11428], [14.96025, 51.10458], [14.95839, 51.08492], [14.91748, 51.00874], [14.83488, 50.89902], [14.8105, 50.87705], [14.81041, 50.86167], [14.79746, 50.84233], [14.7665, 50.81831], [14.72334, 50.8147], [14.67599, 50.82772], [14.61357, 50.85557], [14.61776, 50.87972], [14.63459, 50.9094], [14.62922, 50.92072], [14.59521, 50.9186], [14.57091, 50.94344], [14.57744, 50.96573], [14.57433, 50.97549], [14.5423, 50.99875], [14.50045, 51.01067], [14.48214, 51.0372], [14.47346, 51.02337], [14.46209, 51.01965], [14.36729, 51.02627], [14.31936, 51.04001], [14.28753, 51.03683], [14.26355, 51.02143], [14.2495, 50.99265], [14.23833, 50.98247], [14.27477, 50.97557], [14.29323, 50.95835], [14.2928, 50.95348], [14.31833, 50.93751], [14.33668, 50.93409], [14.37705, 50.91406], [14.36904, 50.89873], [14.29738, 50.88266], [14.23213, 50.87938], [14.2117, 50.86346], [14.09648, 50.82275], [14.00521, 50.80262], [13.95959, 50.80207], [13.92332, 50.77995], [13.89252, 50.78042], [13.88332, 50.77323], [13.88002, 50.75708], [13.70137, 50.7165], [13.55657, 50.70673], [13.51564, 50.69102], [13.5206, 50.68444], [13.47256, 50.61694], [13.43613, 50.60107], [13.40117, 50.60933], [13.38097, 50.62549], [13.36878, 50.62833], [13.35937, 50.61934], [13.32185, 50.60239], [13.30606, 50.58633], [13.26953, 50.57642], [13.23235, 50.58203], [13.21065, 50.54506], [13.18115, 50.5105], [13.04103, 50.49339], [13.02626, 50.49764], [13.00962, 50.49268], [13.00643, 50.47267], [12.9668, 50.41621], [12.94268, 50.40644], [12.88335, 50.41902], [12.81739, 50.44302], [12.78814, 50.43434], [12.73791, 50.43155], [12.70645, 50.40913], [12.64138, 50.39806], [12.55053, 50.39636], [12.51022, 50.38876], [12.47508, 50.36943], [12.46789, 50.3567], [12.42601, 50.32812], [12.39819, 50.31517], [12.37055, 50.28298], [12.33649, 50.25859], [12.3338, 50.24272], [12.31406, 50.2265], [12.307, 50.20741], [12.27734, 50.18144], [12.23356, 50.24157], [12.24244, 50.24836], [12.23965, 50.25657], [12.2123, 50.25943], [12.17434, 50.28864], [12.16854, 50.30298], [12.14931, 50.31171], [12.07614, 50.31517], [12.09242, 50.30429], [12.08975, 50.26855], [12.09762, 50.25715], [12.07955, 50.24272], [12.08989, 50.23084], [12.12572, 50.21648], [12.175, 50.17583], [12.18296, 50.14717], [12.17918, 50.11798], [12.18787, 50.10283], [12.22095, 50.08696], [12.24143, 50.07049], [12.24688, 50.04496], [12.38827, 49.99618], [12.45762, 49.95552], [12.46598, 49.94634], [12.46268, 49.93127], [12.48867, 49.92142], [12.51201, 49.8958], [12.5125, 49.87744], [12.49756, 49.85308], [12.47142, 49.82945], [12.46247, 49.83122], [12.4502, 49.80015], [12.41341, 49.76285], [12.3954, 49.75789], [12.38362, 49.74286], [12.39891, 49.7195], [12.41958, 49.70022], [12.45703, 49.67979], [12.50029, 49.6397], [12.49689, 49.63387], [12.50743, 49.63], [12.50195, 49.61971], [12.52961, 49.60543], [12.55568, 49.57495], [12.56872, 49.53884], [12.59626, 49.51452], [12.62638, 49.46964], [12.63218, 49.44396], [12.64355, 49.42949], [12.68393, 49.41249], [12.74495, 49.36831], [12.76209, 49.34324], [12.77791, 49.33255], [12.85666, 49.32221], [12.87537, 49.32386], [12.87325, 49.33], [12.9167, 49.33047], [13.04376, 49.24266], [13.15076, 49.15288], [13.1785, 49.11835], [13.20682, 49.10749], [13.25166, 49.10612], [13.28877, 49.09746], [13.33906, 49.06079], [13.38369, 49.00811], [13.38417, 48.99303], [13.39854, 48.97768], [13.42727, 48.95996], [13.48226, 48.93763], [13.49483, 48.95764], [13.54766, 48.95967], [13.61651, 48.91807], [13.63739, 48.89345], [13.65444, 48.88224], [13.68753, 48.87487], [13.76733, 48.81782], [13.79619, 48.77981], [13.81475, 48.76694], [13.78358, 48.71527], [13.78875, 48.71651], [13.79896, 48.70318], [13.79883, 48.62168], [13.78535, 48.58745], [13.74857, 48.56047], [13.73387, 48.55978], [13.72334, 48.5422], [13.68884, 48.53085], [13.67336, 48.53549], [13.65806, 48.55109], [13.62437, 48.56536], [13.5207, 48.58458], [13.45456, 48.57344], [13.44009, 48.56096], [13.45027, 48.53219], [13.40938, 48.39414], [13.37461, 48.36138], [13.32285, 48.33125], [13.21523, 48.3019], [13.13644, 48.29106], [13.03278, 48.26357], [12.99272, 48.24053], [12.90103, 48.20509], [12.86255, 48.19665], [12.83685, 48.17248], [12.78235, 48.14202], [12.76406, 48.12376], [12.74504, 48.12063], [12.73894, 48.11345], [12.73698, 48.09996], [12.74204, 48.08678], [12.76023, 48.06487], [12.79517, 48.04035], [12.8469, 47.98786], [12.86204, 47.96255], [12.88423, 47.95361], [12.95352, 47.88984], [12.9542, 47.80776], [12.92674, 47.77739], [12.90392, 47.73596], [12.89201, 47.72355], [12.90834, 47.71236], [12.96405, 47.70536], [12.98632, 47.70925], [13.03359, 47.69873], [13.0541, 47.65513], [13.04886, 47.59038], [13.03825, 47.58402], [13.04125, 47.5619], [13.02812, 47.54165], [13.03222, 47.51096], [13.01436, 47.47808], [12.96802, 47.4757], [12.87891, 47.50644], [12.82845, 47.53725], [12.80937, 47.54219], [12.78281, 47.56416], [12.78115, 47.59043], [12.79503, 47.60575], [12.81315, 47.61182], [12.75166, 47.64939], [12.76199, 47.66686], [12.65306, 47.67513], [12.6174, 47.66934], [12.58087, 47.65232], [12.52656, 47.63613], [12.48291, 47.6373], [12.43978, 47.66365], [12.42413, 47.69156], [12.4077, 47.69373], [12.37382, 47.68495], [12.26836, 47.70273], [12.23428, 47.71169], [12.24223, 47.73202], [12.1766, 47.70582], [12.18177, 47.69213], [12.20025, 47.67874], [12.20381, 47.64673], [12.18564, 47.61953], [12.03374, 47.60786], [11.93589, 47.61074], [11.85197, 47.59916], [11.83972, 47.59294], [11.71578, 47.58326], [11.62046, 47.58965], [11.58914, 47.57038], [11.57935, 47.55104], [11.46992, 47.5061], [11.43535, 47.50971], [11.41262, 47.50609], [11.36549, 47.46933], [11.37862, 47.46668], [11.37412, 47.46025], [11.32943, 47.43951], [11.30565, 47.4354], [11.28666, 47.42342], [11.21449, 47.41396], [11.21521, 47.423], [11.19382, 47.42894], [11.1686, 47.42426], [11.13579, 47.40885], [11.04199, 47.39312], [10.98086, 47.39814], [10.96178, 47.41712], [10.95983, 47.43251], [10.90991, 47.46899], [10.89034, 47.47514], [10.8706, 47.50078], [10.89223, 47.51488], [10.85864, 47.53067], [10.84479, 47.53131], [10.80976, 47.5221], [10.74475, 47.52403], [10.60791, 47.56227], [10.58373, 47.56247], [10.55735, 47.54409], [10.48281, 47.5418], [10.45304, 47.5485], [10.45174, 47.55482], [10.46156, 47.56991], [10.45712, 47.57924], [10.42921, 47.57702], [10.41423, 47.57301], [10.43097, 47.54216], [10.40391, 47.41699], [10.36914, 47.36606], [10.31279, 47.31343], [10.24062, 47.28413], [10.18301, 47.27881], [10.18414, 47.29463], [10.19326, 47.30492], [10.19047, 47.31747], [10.20855, 47.35447], [10.20928, 47.37248], [10.19088, 47.37923], [10.15402, 47.37468], [10.09648, 47.37959], [10.06631, 47.39336], [10.07101, 47.41426], [10.0806, 47.42739], [10.07182, 47.43912], [10.02262, 47.48796], [10.01215, 47.48472], [9.95916, 47.51488], [9.94873, 47.52423], [9.94594, 47.54077], [9.91875, 47.53219], [9.89174, 47.53364], [9.81049, 47.55968], [9.80796, 47.57632], [9.78212, 47.58841], [9.75267, 47.58206], [9.71514, 47.55078], [9.65059, 47.52588], [9.54881, 47.53399], [9.27321, 47.65009], [9.21671, 47.65615], [9.18281, 47.6707], [9.01659, 47.6789], [8.99767, 47.67384], [8.98188, 47.66224], [8.88119, 47.6564], [8.84631, 47.68915], [8.85608, 47.69068], [8.83024, 47.70719], [8.79758, 47.72003], [8.77071, 47.72086], [8.76325, 47.7046], [8.75479, 47.69805], [8.72832, 47.70005], [8.70467, 47.71533], [8.70043, 47.7235], [8.71976, 47.74732], [8.71314, 47.75742], [8.68193, 47.75874], [8.65702, 47.78812], [8.6441, 47.79101], [8.63501, 47.7846], [8.62614, 47.76116], [8.60576, 47.76866], [8.60162, 47.7946], [8.58312, 47.80024], [8.55822, 47.80117], [8.5423, 47.79502], [8.5516, 47.77926], [8.53651, 47.77409], [8.46365, 47.76391], [8.42373, 47.71516], [8.39213, 47.69952], [8.39771, 47.67629], [8.3913, 47.66546], [8.41197, 47.66105], [8.45827, 47.63988], [8.47605, 47.6404], [8.51742, 47.65659], [8.55234, 47.65913], [8.56709, 47.6519], [8.57051, 47.63779], [8.55947, 47.62402], [8.49238, 47.61983], [8.46179, 47.60614], [8.454, 47.59619], [8.41475, 47.5896], [8.32783, 47.60693], [8.29647, 47.60693], [8.28857, 47.6158], [8.23296, 47.62195], [8.17901, 47.6158], [8.16206, 47.60376], [8.12207, 47.59213], [8.09375, 47.57617], [7.92705, 47.56387], [7.90977, 47.56432], [7.9043, 47.58356], [7.8982, 47.58785], [7.83371, 47.59048], [7.81966, 47.59534], [7.79079, 47.56744], [7.69805, 47.56987], [7.65231, 47.58255], [7.65967, 47.59658], [7.61999, 47.59152], [7.59232, 47.59914], [7.59032, 47.60795], [7.57264, 47.622], [7.5294, 47.67388], [7.53781, 47.73182], [7.53857, 47.77363], [7.59326, 47.90566], [7.60046, 47.95146], [7.62112, 47.97144], [7.61895, 48.00265], [7.59934, 48.02582], [7.58418, 48.06431], [7.6166, 48.15679], [7.70566, 48.28003], [7.72502, 48.32233], [7.73697, 48.32666], [7.75072, 48.34137], [7.75196, 48.35534], [7.74654, 48.36937], [7.76514, 48.41001], [7.78562, 48.50442], [7.81346, 48.51947], [7.80167, 48.54758], [7.80171, 48.56106], [7.83799, 48.63603], [7.94843, 48.71186], [7.95918, 48.72137], [7.96395, 48.73431], [7.99342, 48.7599], [8.02295, 48.76509], [8.02729, 48.78002], [8.03876, 48.79077], [8.09034, 48.80751], [8.10274, 48.82131], [8.14811, 48.90373], [8.17932, 48.9427], [8.20031, 48.95856], [8.18873, 48.96575], [8.08066, 48.98589], [7.9319, 49.03484], [7.8605, 49.0325], [7.77366, 49.04812], [7.76176, 49.04585], [7.61094, 49.06177], [7.52549, 49.08638], [7.47339, 49.13216], [7.48273, 49.13705], [7.47611, 49.15152], [7.41482, 49.15778], [7.41048, 49.16894], [7.39105, 49.17002], [7.35095, 49.15917], [7.33487, 49.13511], [7.20351, 49.11413], [7.11497, 49.12741], [7.07986, 49.14201], [7.07076, 49.13612], [7.07478, 49.12532], [7.03672, 49.1127], [7.02217, 49.12344], [7.00914, 49.15896], [7.00947, 49.1817], [6.99469, 49.1822], [6.92545, 49.20558], [6.83346, 49.20945], [6.82768, 49.19555], [6.83244, 49.18534], [6.8207, 49.17393], [6.77627, 49.15415], [6.73545, 49.1606], [6.70597, 49.19064], [6.70882, 49.19777], [6.70252, 49.21364], [6.68792, 49.20903], [6.67136, 49.2259], [6.66376, 49.24387], [6.64831, 49.2494], [6.63949, 49.25839], [6.63968, 49.27115], [6.60552, 49.2927], [6.57471, 49.31968], [6.56545, 49.34749], [6.57338, 49.34774], [6.57772, 49.3558], [6.57431, 49.36179], [6.52074, 49.40324], [6.51167, 49.42474], [6.49452, 49.43554], [6.40274, 49.46546], [6.39168, 49.4667], [6.3645, 49.4561], [6.33544, 49.45603], [6.24219, 49.49434], [6.19355, 49.49941]]], [[[8.55209, 53.54361], [8.55209, 53.5362], [8.52995, 53.52483], [8.53617, 53.5482], [8.55209, 53.54361]]], [[[11.00647, 54.37873], [11.01338, 54.37915], [11.01349, 54.37894], [11.00647, 54.37873]]], [[[12.59148, 54.45173], [12.72249, 54.45173], [12.7791, 54.4457], [12.90068, 54.42242], [12.87078, 54.41682], [12.76368, 54.42219], [12.69459, 54.43366], [12.67042, 54.42007], [12.6242, 54.42292], [12.61451, 54.41975], [12.60841, 54.4064], [12.60222, 54.4138], [12.58172, 54.4064], [12.58766, 54.39403], [12.60222, 54.39208], [12.59588, 54.39151], [12.59474, 54.38589], [12.57553, 54.39199], [12.55405, 54.39081], [12.53598, 54.38373], [12.52703, 54.37226], [12.51075, 54.38426], [12.49098, 54.39008], [12.45006, 54.39076], [12.56153, 54.45891], [12.59148, 54.45173]]], [[[13.90602, 53.94306], [13.90756, 53.93354], [13.90565, 53.93007], [13.90215, 53.93897], [13.90602, 53.94306]]], [[[11.45769, 53.96137], [11.45037, 53.96123], [11.46246, 53.96557], [11.45769, 53.96137]]], [[[14.02793, 53.86574], [13.92578, 53.87905], [13.9204, 53.8927], [13.93165, 53.89932], [13.93898, 53.92821], [13.90964, 53.96108], [13.92107, 53.99483], [13.95484, 53.9936], [13.97267, 53.98924], [13.96583, 53.98184], [13.96827, 53.97626], [13.95899, 53.94086], [13.97462, 53.95734], [13.98748, 53.96141], [14.02784, 53.96137], [14.01857, 53.95637], [14.01433, 53.94709], [14.04835, 53.94086], [14.04029, 53.95384], [14.05307, 53.97842], [14.05128, 54.00507], [14.03745, 54.02171], [14.01433, 54.01602], [14.0062, 54.03229], [13.9817, 54.05634], [13.94606, 54.0666], [13.92612, 54.06403], [13.91586, 54.05638], [13.92482, 54.04389], [13.92482, 54.03644], [13.90724, 54.02749], [13.89825, 54.0155], [13.87527, 54.03401], [13.8711, 54.04865], [13.85361, 54.04597], [13.82715, 54.05957], [13.82041, 54.09282], [13.82773, 54.12725], [14.10779, 54.00093], [14.20696, 53.93973], [14.19307, 53.91149], [14.17529, 53.90648], [14.19276, 53.89377], [14.20082, 53.87816], [14.08741, 53.87043], [14.06511, 53.87238], [14.04835, 53.87938], [14.02793, 53.86574]]], [[[13.88063, 53.84411], [13.8401, 53.85029], [13.82179, 53.86514], [13.85913, 53.87786], [13.86553, 53.85337], [13.88063, 53.84411]]], [[[13.81379, 54.03065], [13.7942, 54.01813], [13.7741, 54.02277], [13.78207, 54.04214], [13.79444, 54.05713], [13.81379, 54.03065]]], [[[13.71144, 54.28641], [13.70732, 54.28115], [13.70266, 54.28352], [13.71144, 54.28641]]], [[[13.71599, 54.29328], [13.71192, 54.30394], [13.68121, 54.2944], [13.65867, 54.30584], [13.70362, 54.32046], [13.71192, 54.33185], [13.65992, 54.32978], [13.62718, 54.32182], [13.69093, 54.34492], [13.69093, 54.35175], [13.65008, 54.35244], [13.6268, 54.3391], [13.59929, 54.35175], [13.49969, 54.34492], [13.42888, 54.31094], [13.4061, 54.28522], [13.35963, 54.27546], [13.35587, 54.24973], [13.32326, 54.26466], [13.33522, 54.28351], [13.30979, 54.27083], [13.19004, 54.32563], [13.16211, 54.36455], [13.15936, 54.38002], [13.17433, 54.38398], [13.20484, 54.37226], [13.21168, 54.3791], [13.22332, 54.3725], [13.26686, 54.38589], [13.25115, 54.38691], [13.23927, 54.39362], [13.23439, 54.40339], [13.23902, 54.42007], [13.22535, 54.42084], [13.20143, 54.43366], [13.16321, 54.42778], [13.16518, 54.43666], [13.18181, 54.45303], [13.25953, 54.46845], [13.25953, 54.47529], [13.27312, 54.48212], [13.23325, 54.49307], [13.22535, 54.50194], [13.23365, 54.50922], [13.23276, 54.51626], [13.2033, 54.50947], [13.18101, 54.51082], [13.17666, 54.54424], [13.18644, 54.55111], [13.25953, 54.55378], [13.2649, 54.5478], [13.28826, 54.53994], [13.29786, 54.51968], [13.30551, 54.52342], [13.30926, 54.53482], [13.30104, 54.55036], [13.33367, 54.57307], [13.3694, 54.58515], [13.35825, 54.56476], [13.34205, 54.55036], [13.35385, 54.54987], [13.36313, 54.54291], [13.34889, 54.52367], [13.37485, 54.52558], [13.3838, 54.53189], [13.38982, 54.54291], [13.36313, 54.55036], [13.36313, 54.5572], [13.37672, 54.56464], [13.41733, 54.52456], [13.4109, 54.50943], [13.43067, 54.49274], [13.45558, 54.48749], [13.50709, 54.48827], [13.49969, 54.49575], [13.52076, 54.51626], [13.52076, 54.52367], [13.49969, 54.55036], [13.49969, 54.5572], [13.52076, 54.56464], [13.52076, 54.57079], [13.50831, 54.57038], [13.48658, 54.5572], [13.44142, 54.5572], [13.42384, 54.57453], [13.39926, 54.57958], [13.36915, 54.61213], [13.3318, 54.58784], [13.27329, 54.56094], [13.25327, 54.56464], [13.24977, 54.57648], [13.25685, 54.59492], [13.26987, 54.6118], [13.28395, 54.61929], [13.29347, 54.64228], [13.29054, 54.64655], [13.23994, 54.63843], [13.29552, 54.6721], [13.3908, 54.68818], [13.43086, 54.68458], [13.43844, 54.6708], [13.39088, 54.65054], [13.38299, 54.63638], [13.386, 54.61864], [13.40773, 54.59341], [13.42457, 54.58515], [13.46632, 54.57689], [13.586, 54.59026], [13.63603, 54.577], [13.65762, 54.55957], [13.6707, 54.53545], [13.63361, 54.50943], [13.58481, 54.48652], [13.57545, 54.47187], [13.57911, 54.45506], [13.5879, 54.43757], [13.60955, 54.4138], [13.65552, 54.40393], [13.71062, 54.37884], [13.73251, 54.31992], [13.71315, 54.28859], [13.71599, 54.29328]]], [[[13.3694, 54.25556], [13.36964, 54.26065], [13.36313, 54.26301], [13.4109, 54.26789], [13.41774, 54.26606], [13.42053, 54.25735], [13.41455, 54.24956], [13.36435, 54.24585], [13.35685, 54.24929], [13.3694, 54.25556]]], [[[11.10238, 54.43439], [11.09864, 54.45165], [11.01172, 54.46616], [11.04237, 54.51379], [11.08819, 54.5327], [11.23222, 54.50157], [11.28027, 54.43838], [11.28281, 54.41797], [11.18849, 54.42617], [11.17018, 54.42007], [11.17401, 54.41658], [11.1293, 54.41602], [11.10238, 54.43439]]], [[[8.96315, 54.52367], [8.95631, 54.51944], [8.95495, 54.50834], [8.9562, 54.52474], [8.96315, 54.52367]]], [[[8.51124, 54.69379], [8.49341, 54.68986], [8.45281, 54.69383], [8.40039, 54.71411], [8.41657, 54.7371], [8.46412, 54.75479], [8.53932, 54.75495], [8.57411, 54.74705], [8.58695, 54.71505], [8.58315, 54.70971], [8.54893, 54.68818], [8.52265, 54.68898], [8.51124, 54.69379]]], [[[8.37062, 54.86823], [8.36199, 54.87694], [8.34392, 54.8791], [8.30201, 54.86262], [8.29493, 54.83153], [8.29823, 54.77879], [8.28467, 54.76709], [8.29561, 54.90711], [8.40356, 55.05651], [8.40651, 55.05864], [8.45059, 55.05462], [8.44534, 55.05012], [8.40235, 55.04877], [8.39454, 55.04385], [8.42221, 55.04218], [8.4273, 55.03465], [8.40175, 55.00984], [8.38087, 55.00308], [8.36199, 54.9868], [8.35157, 54.96674], [8.36036, 54.94819], [8.3545, 54.91275], [8.38836, 54.89423], [8.43653, 54.88727], [8.62959, 54.89175], [8.61938, 54.88247], [8.50441, 54.88618], [8.44606, 54.86628], [8.37062, 54.86823]]]]}}, {"type": "Feature", "properties": {"bidding_zone": "DK1"}, "geometry": {"type": "MultiPolygon", "coordinates": [[[[10.49884, 54.86295], [10.48438, 54.84756], [10.41728, 54.83716], [10.34053, 54.85894], [10.21562, 54.94097], [10.1999, 54.96274], [10.2685, 54.94727], [10.32437, 54.91785], [10.34962, 54.89671], [10.37941, 54.89305], [10.39366, 54.89957], [10.40743, 54.89768], [10.41521, 54.87849], [10.42604, 54.8725], [10.44679, 54.87238], [10.46199, 54.87761], [10.49884, 54.86295]]], [[[10.95078, 55.15528], [10.9208, 55.06211], [10.86631, 54.97019], [10.83774, 54.93724], [10.76523, 54.79966], [10.73408, 54.75073], [10.68975, 54.74507], [10.67071, 54.77067], [10.65642, 54.80366], [10.63111, 54.8239], [10.62541, 54.83932], [10.65349, 54.85163], [10.68442, 54.88784], [10.6989, 54.88117], [10.72446, 54.88618], [10.71778, 54.90729], [10.69205, 54.90296], [10.73828, 54.96201], [10.7741, 54.98656], [10.79819, 54.99657], [10.85499, 55.04385], [10.91202, 55.13777], [10.93198, 55.15742], [10.95078, 55.15528]]], [[[9.90089, 54.9007], [9.9323, 54.89281], [9.98023, 54.87555], [9.95713, 54.87246], [9.90391, 54.89663], [9.89107, 54.89786], [9.90089, 54.9007]]], [[[9.99155, 54.87934], [9.9437, 54.90363], [9.89829, 54.91299], [9.87794, 54.91132], [9.85758, 54.90108], [9.80625, 54.90601], [9.79292, 54.96451], [9.8274, 54.94546], [9.8475, 54.94819], [9.83277, 54.96516], [9.84213, 54.97028], [9.79371, 54.99217], [9.78679, 55.00015], [9.79908, 55.00971], [9.79908, 55.01655], [9.78129, 55.01558], [9.77119, 55.05991], [9.78125, 55.06904], [9.82458, 55.05952], [9.85304, 55.04011], [9.89926, 55.0289], [9.99883, 54.98647], [10.04808, 54.92076], [10.05865, 54.90218], [10.06123, 54.88638], [9.99155, 54.87934]]], [[[10.13401, 55.12204], [10.15602, 55.14008], [10.11297, 55.18378], [10.094, 55.18842], [10.05584, 55.17975], [10.03932, 55.18098], [10.00359, 55.19733], [9.99155, 55.18842], [9.99448, 55.1728], [10.0134, 55.15621], [9.98877, 55.16318], [9.97377, 55.19284], [9.98072, 55.2049], [9.9795, 55.21284], [9.94213, 55.22133], [9.93008, 55.22891], [9.88182, 55.316], [9.88478, 55.34886], [9.85898, 55.35723], [9.86064, 55.51548], [9.88819, 55.50869], [9.94028, 55.51923], [9.97378, 55.53227], [10.2679, 55.60612], [10.27215, 55.60554], [10.27955, 55.58511], [10.29363, 55.58808], [10.29713, 55.59565], [10.2949, 55.6093], [10.35361, 55.59898], [10.42402, 55.56035], [10.43507, 55.56004], [10.45362, 55.55028], [10.48854, 55.54548], [10.51881, 55.53343], [10.48683, 55.53718], [10.47527, 55.53197], [10.47071, 55.52021], [10.48911, 55.5091], [10.49122, 55.50312], [10.48601, 55.49478], [10.45704, 55.48945], [10.41961, 55.45881], [10.43605, 55.44212], [10.47153, 55.44306], [10.49122, 55.46528], [10.50245, 55.46357], [10.60914, 55.49258], [10.60231, 55.50625], [10.57911, 55.51411], [10.56691, 55.52363], [10.56983, 55.53242], [10.60108, 55.51679], [10.61378, 55.5279], [10.59425, 55.57827], [10.61459, 55.5646], [10.60843, 55.60618], [10.63041, 55.6118], [10.65748, 55.59434], [10.68682, 55.55762], [10.72336, 55.47829], [10.65748, 55.4597], [10.5713, 55.46125], [10.55942, 55.45531], [10.55405, 55.44257], [10.56332, 55.43622], [10.59425, 55.44107], [10.58855, 55.44941], [10.59596, 55.45966], [10.68295, 55.4479], [10.69793, 55.44025], [10.79379, 55.36091], [10.81924, 55.32187], [10.80744, 55.30373], [10.79689, 55.30768], [10.78028, 55.30492], [10.77296, 55.2871], [10.78588, 55.26824], [10.8084, 55.20303], [10.78525, 55.1334], [10.64743, 55.06428], [10.60475, 55.06257], [10.5723, 55.0514], [10.44277, 55.04878], [10.25459, 55.08789], [10.13401, 55.12204]]], [[[10.56691, 55.92829], [10.52833, 55.94062], [10.51628, 55.95823], [10.54717, 55.99194], [10.55937, 55.98129], [10.56422, 55.95384], [10.58025, 55.93651], [10.60279, 55.92524], [10.62827, 55.92084], [10.61541, 55.90034], [10.62143, 55.87987], [10.63868, 55.86612], [10.65065, 55.8701], [10.65939, 55.88094], [10.66172, 55.87759], [10.64815, 55.86033], [10.62827, 55.84577], [10.60732, 55.78306], [10.59033, 55.76509], [10.52695, 55.78379], [10.52036, 55.84802], [10.55942, 55.86628], [10.57309, 55.87885], [10.58107, 55.89452], [10.58025, 55.91153], [10.56691, 55.92829]]], [[[8.67482, 54.94794], [8.64235, 55.03509], [8.64479, 55.05573], [8.6819, 55.13321], [8.60418, 55.14117], [8.61713, 55.14403], [8.66928, 55.13691], [8.68946, 55.14159], [8.68719, 55.16059], [8.66379, 55.21133], [8.65439, 55.298], [8.66139, 55.31444], [8.65968, 55.32722], [8.64845, 55.35228], [8.63209, 55.41877], [8.61769, 55.43793], [8.59254, 55.44929], [8.50771, 55.45504], [8.39004, 55.49508], [8.31039, 55.56269], [8.31121, 55.56977], [8.33237, 55.57201], [8.33237, 55.57827], [8.29021, 55.58381], [8.26783, 55.58051], [8.2505, 55.57201], [8.24014, 55.55446], [8.13213, 55.59981], [8.1369, 55.62899], [8.16912, 55.68793], [8.18165, 55.72907], [8.18336, 55.7696], [8.1693, 55.82741], [8.18009, 55.89349], [8.19597, 55.86278], [8.18165, 55.82836], [8.18507, 55.81464], [8.19361, 55.81184], [8.34783, 55.86933], [8.38771, 55.89289], [8.39332, 55.90917], [8.38689, 55.9265], [8.37289, 55.94343], [8.31951, 55.98603], [8.31951, 56.01704], [8.30812, 56.05292], [8.2824, 56.07587], [8.24773, 56.08983], [8.17058, 56.10956], [8.14967, 56.11115], [8.14064, 56.10258], [8.12148, 56.13989], [8.1338, 56.20547], [8.12997, 56.3219], [8.16396, 56.60688], [8.24174, 56.61779], [8.25392, 56.60611], [8.29493, 56.602], [8.30592, 56.59781], [8.29151, 56.593], [8.29518, 56.58381], [8.29249, 56.56769], [8.29835, 56.55829], [8.30738, 56.55435], [8.3152, 56.55687], [8.31804, 56.56363], [8.31202, 56.5788], [8.34352, 56.58454], [8.40401, 56.58392], [8.46518, 56.56688], [8.51466, 56.54466], [8.52849, 56.54816], [8.54516, 56.5608], [8.55293, 56.5603], [8.59652, 56.52379], [8.59457, 56.51048], [8.60108, 56.50113], [8.63697, 56.47972], [8.66554, 56.4759], [8.72657, 56.48322], [8.73854, 56.49006], [8.74204, 56.49775], [8.75082, 56.55207], [8.76254, 56.56338], [8.75758, 56.57197], [8.72701, 56.58545], [8.73613, 56.62744], [8.84512, 56.70463], [8.91871, 56.711], [8.86199, 56.71658], [8.88809, 56.73506], [8.99453, 56.77481], [9.06709, 56.79385], [9.15056, 56.74091], [9.17604, 56.70856], [9.1482, 56.70474], [9.11883, 56.67878], [9.09344, 56.67499], [9.0975, 56.65843], [9.05934, 56.63398], [9.04998, 56.61982], [9.04884, 56.60716], [9.05299, 56.57538], [9.06056, 56.56574], [9.077, 56.56737], [9.09344, 56.57807], [9.10678, 56.61079], [9.15545, 56.61294], [9.14112, 56.62604], [9.12135, 56.62035], [9.14373, 56.64769], [9.14861, 56.66132], [9.15545, 56.66132], [9.14942, 56.63886], [9.27622, 56.63296], [9.28533, 56.62035], [9.2824, 56.61054], [9.25034, 56.5788], [9.26124, 56.57636], [9.27084, 56.55829], [9.30567, 56.54466], [9.31642, 56.53083], [9.32618, 56.53034], [9.34669, 56.55207], [9.36085, 56.54475], [9.37306, 56.55272], [9.37273, 56.56538], [9.35035, 56.57197], [9.31284, 56.55777], [9.29371, 56.56102], [9.29884, 56.57197], [9.30063, 56.60912], [9.32602, 56.66942], [9.30567, 56.69546], [9.2907, 56.70384], [9.27084, 56.70234], [9.23064, 56.69208], [9.19907, 56.67658], [9.17791, 56.67585], [9.16912, 56.68867], [9.18035, 56.70075], [9.19267, 56.7049], [9.19639, 56.70166], [9.19697, 56.70635], [9.22641, 56.71625], [9.24252, 56.74706], [9.24049, 56.75397], [9.20422, 56.76461], [9.20967, 56.8084], [9.24541, 56.96914], [9.27996, 56.9798], [9.28875, 56.99714], [9.43702, 57.0244], [9.47006, 57.02383], [9.58676, 56.99714], [9.58676, 56.98969], [9.57399, 56.98501], [9.57309, 56.97883], [9.59425, 56.96918], [9.60792, 56.96988], [9.68898, 57.03913], [9.76124, 57.05858], [9.80909, 57.05174], [9.91578, 57.05858], [9.85662, 57.08869], [9.79566, 57.10639], [9.73325, 57.0668], [9.71192, 57.06127], [9.67514, 57.07917], [9.6561, 57.07636], [9.6211, 57.05858], [9.58082, 57.0493], [9.49399, 57.04857], [9.26515, 57.0034], [9.25289, 57.00275], [9.25488, 57.01172], [9.18056, 57.02815], [9.11451, 57.05858], [9.12086, 57.0454], [9.11704, 57.04219], [9.0295, 57.02471], [9.01401, 57.03018], [8.99676, 57.02806], [8.96315, 57.0102], [8.94695, 57.01118], [8.90162, 56.98627], [8.89308, 56.99966], [8.87322, 57.00483], [8.85043, 57.00349], [8.83334, 56.99714], [8.84799, 56.98847], [8.8117, 56.96988], [8.76205, 56.95547], [8.72641, 56.96125], [8.67954, 56.95254], [8.66879, 56.9453], [8.66334, 56.92593], [8.6211, 56.89411], [8.61256, 56.85468], [8.60792, 56.84968], [8.56959, 56.81843], [8.53631, 56.81452], [8.52426, 56.80475], [8.49138, 56.79426], [8.4839, 56.78115], [8.49244, 56.74726], [8.49147, 56.73139], [8.47641, 56.72215], [8.47641, 56.71597], [8.52556, 56.71597], [8.53305, 56.7038], [8.52703, 56.6953], [8.51401, 56.69025], [8.48927, 56.69074], [8.45289, 56.70234], [8.40821, 56.68806], [8.31785, 56.72751], [8.30836, 56.75821], [8.26763, 56.77398], [8.26631, 56.81533], [8.28408, 56.85234], [8.43031, 56.98658], [8.61856, 57.11128], [8.71503, 57.11067], [8.78395, 57.1048], [8.87436, 57.11612], [8.91456, 57.12743], [8.95278, 57.15062], [9.06177, 57.15456], [9.23064, 57.1411], [9.32154, 57.14704], [9.41212, 57.16543], [9.49781, 57.19701], [9.57325, 57.24291], [9.81514, 57.47842], [9.96231, 57.58096], [10.07252, 57.59436], [10.10768, 57.59296], [10.1976, 57.60122], [10.27955, 57.62092], [10.3506, 57.64899], [10.41044, 57.68237], [10.5333, 57.7354], [10.60996, 57.73691], [10.54249, 57.69892], [10.46046, 57.63056], [10.43043, 57.57054], [10.45834, 57.52546], [10.50676, 57.48584], [10.5369, 57.44781], [10.51743, 57.3913], [10.52412, 57.24321], [10.44679, 57.18488], [10.41147, 57.14444], [10.39171, 57.10295], [10.33848, 57.02134], [10.29602, 56.99769], [10.23976, 56.99282], [10.15602, 57.02383], [10.094, 57.06049], [10.05274, 57.06973], [10.01938, 57.08845], [9.99464, 57.09272], [9.97446, 57.08649], [9.94614, 57.06118], [9.92693, 57.05858], [9.94549, 57.05732], [9.96656, 57.07221], [10.00196, 57.08389], [10.02263, 57.07909], [10.12127, 57.02212], [10.15398, 57.01325], [10.19239, 56.99405], [10.21437, 56.98969], [10.29554, 56.98845], [10.29458, 56.96978], [10.27955, 56.95551], [10.26588, 56.9077], [10.27312, 56.89134], [10.28834, 56.80012], [10.29636, 56.77725], [10.29093, 56.71486], [10.23756, 56.71597], [10.20387, 56.70234], [10.16814, 56.72004], [10.14649, 56.72236], [10.09897, 56.70612], [10.05836, 56.69823], [10.02752, 56.68427], [9.9909, 56.67695], [9.94557, 56.65815], [9.80592, 56.64704], [9.80592, 56.6402], [9.85133, 56.63573], [10.00148, 56.66132], [10.04957, 56.67499], [10.05543, 56.68651], [10.06284, 56.68867], [10.09059, 56.68122], [10.10133, 56.68268], [10.12379, 56.69233], [10.13478, 56.71239], [10.15056, 56.71442], [10.18336, 56.70856], [10.17579, 56.69546], [10.24195, 56.68838], [10.2889, 56.69159], [10.28271, 56.62051], [10.30563, 56.60559], [10.21437, 56.55829], [10.20387, 56.51667], [10.21144, 56.50532], [10.2068, 56.49095], [10.18336, 56.46955], [10.21412, 56.47045], [10.2256, 56.47573], [10.22755, 56.54108], [10.23764, 56.55439], [10.27955, 56.57197], [10.31695, 56.59822], [10.35922, 56.5707], [10.36524, 56.55842], [10.4699, 56.5209], [10.55152, 56.51557], [10.61274, 56.52093], [10.8459, 56.52173], [10.88281, 56.49287], [10.92617, 56.44326], [10.89443, 56.35903], [10.85645, 56.29551], [10.75342, 56.24199], [10.68769, 56.22216], [10.62859, 56.23753], [10.58339, 56.20129], [10.53896, 56.20034], [10.47532, 56.24343], [10.50473, 56.27778], [10.47682, 56.28091], [10.44264, 56.29865], [10.41676, 56.2919], [10.40301, 56.29824], [10.39381, 56.27652], [10.36378, 56.26557], [10.33692, 56.23273], [10.31251, 56.21516], [10.25847, 56.19025], [10.23422, 56.17133], [10.22023, 56.14789], [10.2269, 56.13325], [10.25904, 56.09903], [10.26244, 56.08599], [10.22666, 56.00537], [10.18301, 55.86519], [10.15938, 55.85381], [10.12784, 55.86632], [10.11451, 55.87987], [10.10182, 55.88239], [10.00465, 55.87987], [9.99171, 55.87735], [9.97695, 55.86425], [9.94091, 55.85371], [9.86744, 55.852], [9.89259, 55.83625], [9.92436, 55.83229], [9.96201, 55.81309], [10.01773, 55.76638], [10.02021, 55.75782], [9.99902, 55.73555], [9.89902, 55.70757], [9.87398, 55.69158], [9.82179, 55.67597], [9.79225, 55.67447], [9.73097, 55.68814], [9.68653, 55.70856], [9.58302, 55.70889], [9.55958, 55.7154], [9.55641, 55.71157], [9.55274, 55.70112], [9.57358, 55.69546], [9.64552, 55.69489], [9.65854, 55.69038], [9.7103, 55.66014], [9.73829, 55.62971], [9.78927, 55.62665], [9.77324, 55.60815], [9.66143, 55.55747], [9.6189, 55.5186], [9.55958, 55.52363], [9.56642, 55.51679], [9.55193, 55.50511], [9.5149, 55.4982], [9.49806, 55.48945], [9.51564, 55.48314], [9.53443, 55.48383], [9.59199, 55.49402], [9.61691, 55.43362], [9.58676, 55.42744], [9.60792, 55.39326], [9.59929, 55.37336], [9.60084, 55.36591], [9.63947, 55.34728], [9.64522, 55.33114], [9.63461, 55.32502], [9.63461, 55.31757], [9.65864, 55.29744], [9.671, 55.26641], [9.64326, 55.20474], [9.6212, 55.19064], [9.56983, 55.19253], [9.54591, 55.17414], [9.48634, 55.15624], [9.48634, 55.14741], [9.49464, 55.14008], [9.51189, 55.14008], [9.51189, 55.13321], [9.48243, 55.13378], [9.45655, 55.12572], [9.47918, 55.1197], [9.50935, 55.11918], [9.45801, 55.04601], [9.43434, 55.03754], [9.44288, 55.02338], [9.45525, 55.02318], [9.51189, 55.03636], [9.57236, 55.04053], [9.63186, 55.02609], [9.68818, 55.00015], [9.73232, 54.96802], [9.70527, 54.92832], [9.71535, 54.89827], [9.71144, 54.89859], [9.70346, 54.88618], [9.7208, 54.88203], [9.73713, 54.83333], [9.71957, 54.83584], [9.70533, 54.85456], [9.69663, 54.85887], [9.65504, 54.85708], [9.6233, 54.8653], [9.63461, 54.87934], [9.61036, 54.90323], [9.64422, 54.91328], [9.63885, 54.92475], [9.615, 54.93268], [9.58676, 54.92772], [9.54591, 54.87934], [9.51515, 54.87592], [9.45639, 54.84382], [9.44179, 54.82803], [9.38991, 54.81673], [9.36695, 54.81702], [9.3373, 54.80639], [9.25498, 54.80801], [9.21681, 54.82825], [9.21151, 54.84182], [9.19477, 54.8504], [9.04192, 54.87126], [8.90414, 54.89794], [8.82425, 54.9059], [8.79194, 54.90189], [8.67031, 54.90342], [8.6672, 54.93228], [8.67482, 54.94794]]], [[[8.4559, 56.68867], [8.47023, 56.6861], [8.49978, 56.67524], [8.46836, 56.66455], [8.42072, 56.68317], [8.4559, 56.68867]]], [[[8.62176, 56.71393], [8.58627, 56.73648], [8.56227, 56.74323], [8.51466, 56.73823], [8.5228, 56.75507], [8.55323, 56.76813], [8.54526, 56.79108], [8.57301, 56.80256], [8.64381, 56.80805], [8.66879, 56.82583], [8.64381, 56.82587], [8.6211, 56.83202], [8.65512, 56.86685], [8.65187, 56.86603], [8.64975, 56.87425], [8.65162, 56.89419], [8.76246, 56.90542], [8.79176, 56.91454], [8.81365, 56.91035], [8.83375, 56.92475], [8.86744, 56.96296], [8.89039, 56.95482], [8.91627, 56.97907], [8.92888, 56.97663], [8.90846, 56.94872], [8.91812, 56.93368], [8.87793, 56.8893], [8.86744, 56.89411], [8.83961, 56.87983], [8.83644, 56.86929], [8.84897, 56.84509], [8.77197, 56.72529], [8.62176, 56.71393]]], [[[11.06658, 57.29133], [11.08508, 57.28078], [11.05215, 57.25254], [11.01143, 57.2291], [10.87383, 57.26226], [10.89476, 57.27823], [10.9466, 57.30464], [11.01008, 57.30987], [11.02772, 57.32069], [11.10193, 57.32042], [11.12392, 57.32691], [11.17451, 57.3229], [11.1232, 57.29873], [11.06658, 57.29133]]]]}}, {"type": "Feature", "properties": {"bidding_zone": "DK2"}, "geometry": {"type": "MultiPolygon", "coordinates": [[[[11.61052, 54.66641], [11.56007, 54.65961], [11.45742, 54.62886], [11.3464, 54.66682], [11.2977, 54.69156], [11.18775, 54.73225], [11.13819, 54.73859], [11.03555, 54.7731], [11.03751, 54.81153], [11.08969, 54.81061], [11.10816, 54.83153], [11.07838, 54.84113], [11.04043, 54.86851], [11.0417, 54.89336], [11.05712, 54.93645], [11.06344, 54.94085], [11.2585, 54.95181], [11.35984, 54.89258], [11.36891, 54.88109], [11.59474, 54.8111], [11.58258, 54.83091], [11.65811, 54.83315], [11.73955, 54.80742], [11.75898, 54.76768], [11.76592, 54.67944], [11.6892, 54.65637], [11.61052, 54.66641]]], [[[12.38461, 54.96308], [12.35752, 54.96182], [12.31398, 54.95087], [12.27025, 54.92685], [12.18447, 54.89248], [12.1215, 54.91352], [12.12916, 54.91352], [12.12469, 54.92373], [12.12892, 54.93163], [12.1491, 54.94082], [12.13806, 54.94871], [12.15687, 54.97048], [12.1644, 54.97264], [12.17701, 54.96809], [12.18434, 54.97553], [12.18133, 54.98114], [12.19782, 54.98647], [12.23219, 54.97553], [12.28688, 54.9892], [12.28126, 55.00715], [12.2942, 55.01655], [12.2942, 55.02338], [12.264, 55.03581], [12.27402, 55.06411], [12.30177, 55.04206], [12.3353, 55.03327], [12.41717, 55.03022], [12.46953, 55.01748], [12.51328, 54.99731], [12.54922, 54.96577], [12.51103, 54.95088], [12.38461, 54.96308]]], [[[11.74537, 54.91132], [11.7407, 54.92674], [11.74005, 54.96128], [11.75929, 54.96809], [11.77361, 54.96503], [11.80397, 54.94819], [11.83758, 54.96613], [11.84832, 54.95913], [11.88282, 54.97553], [11.88282, 54.98176], [11.84181, 55.03022], [11.75563, 55.05069], [11.72877, 55.06428], [11.70048, 55.06522], [11.69897, 55.0778], [11.77524, 55.05744], [11.82748, 55.05069], [11.80535, 55.07388], [11.74342, 55.10053], [11.71762, 55.12572], [11.80397, 55.13483], [11.80958, 55.13886], [11.80698, 55.14688], [11.78541, 55.15721], [11.72853, 55.15477], [11.71144, 55.16791], [11.72625, 55.17695], [11.73471, 55.18867], [11.73308, 55.20014], [11.71762, 55.20832], [11.69508, 55.20808], [11.65522, 55.18392], [11.46097, 55.21222], [11.42319, 55.22191], [11.36891, 55.20832], [11.29998, 55.20832], [11.29998, 55.20148], [11.31025, 55.19785], [11.28633, 55.20444], [11.25677, 55.23618], [11.26783, 55.23591], [11.28004, 55.24234], [11.28631, 55.25609], [11.24504, 55.24879], [11.23892, 55.25536], [11.24155, 55.27851], [11.19619, 55.30124], [11.1707, 55.32861], [11.18824, 55.33527], [11.19011, 55.34545], [11.17392, 55.35179], [11.17866, 55.38588], [11.20436, 55.39183], [11.2142, 55.40379], [11.21315, 55.41576], [11.20094, 55.42121], [11.20484, 55.43134], [11.17644, 55.48945], [11.12803, 55.53477], [11.12648, 55.54047], [11.13795, 55.54291], [11.14845, 55.55732], [11.14568, 55.57612], [11.13209, 55.59528], [11.0879, 55.62694], [11.03924, 55.64346], [11.00728, 55.64834], [11.00111, 55.66425], [11.08774, 55.66014], [11.07106, 55.67695], [10.98718, 55.70018], [10.97891, 55.72153], [11.01374, 55.73075], [11.03305, 55.72907], [11.09153, 55.73807], [11.12185, 55.7365], [11.13754, 55.71906], [11.16342, 55.70539], [11.19264, 55.70034], [11.21803, 55.70856], [11.17644, 55.72907], [11.18417, 55.73328], [11.25221, 55.72907], [11.30616, 55.74701], [11.35222, 55.7558], [11.36402, 55.76512], [11.37367, 55.79862], [11.40693, 55.82843], [11.42172, 55.83198], [11.44337, 55.84577], [11.47755, 55.84154], [11.50522, 55.86872], [11.51051, 55.90827], [11.47471, 55.94346], [11.57574, 55.95232], [11.59938, 55.94208], [11.64538, 55.94421], [11.68121, 55.91847], [11.6631, 55.90717], [11.69096, 55.87958], [11.68223, 55.82949], [11.68371, 55.81235], [11.65626, 55.81098], [11.62623, 55.79059], [11.60776, 55.79047], [11.60776, 55.78303], [11.62428, 55.78002], [11.68597, 55.78618], [11.68979, 55.74204], [11.66456, 55.73713], [11.65724, 55.73086], [11.66993, 55.72285], [11.71187, 55.72282], [11.7871, 55.70127], [11.79379, 55.68301], [11.7798, 55.66014], [11.81056, 55.6791], [11.85548, 55.73281], [11.84653, 55.74922], [11.88535, 55.80796], [11.90069, 55.81636], [11.93735, 55.82526], [11.95362, 55.8535], [11.93284, 55.88648], [11.93457, 55.8959], [11.91575, 55.93168], [11.93474, 55.93366], [11.96998, 55.91258], [11.99822, 55.90282], [11.99204, 55.87372], [11.99635, 55.86107], [12.01246, 55.84577], [12.03126, 55.8166], [12.049, 55.77534], [12.05193, 55.73664], [12.02613, 55.7154], [11.99, 55.72281], [11.97267, 55.72142], [11.95818, 55.69343], [11.92302, 55.67414], [11.91017, 55.66014], [11.93043, 55.65762], [11.95916, 55.66511], [11.98219, 55.6789], [11.9852, 55.69489], [12.00115, 55.69868], [12.03191, 55.6872], [12.04038, 55.67447], [12.00929, 55.68049], [12.00514, 55.67817], [12.0114, 55.66901], [12.06031, 55.654], [12.0691, 55.67495], [12.09205, 55.70673], [12.09506, 55.72907], [12.05348, 55.83832], [12.04982, 55.88801], [12.02613, 55.94135], [12.01059, 55.95527], [11.99244, 55.9606], [11.97071, 55.95987], [11.90248, 55.94417], [11.86641, 55.96816], [12.11914, 56.08163], [12.21894, 56.11865], [12.32324, 56.12212], [12.3618, 56.11615], [12.41489, 56.09903], [12.4579, 56.09903], [12.52363, 56.08389], [12.57871, 56.06406], [12.6084, 56.03301], [12.56739, 55.99657], [12.51271, 55.92829], [12.51271, 55.92084], [12.5282, 55.90816], [12.56875, 55.78506], [12.57119, 55.68496], [12.54522, 55.65581], [12.50703, 55.63662], [12.42012, 55.61891], [12.40358, 55.61921], [12.33131, 55.5954], [12.24822, 55.54613], [12.19809, 55.48749], [12.22486, 55.43488], [12.27345, 55.41022], [12.30589, 55.40631], [12.38516, 55.38564], [12.41309, 55.28618], [12.34412, 55.24884], [12.18279, 55.2272], [12.14137, 55.20799], [12.12692, 55.19592], [12.08994, 55.18814], [12.08631, 55.17054], [12.07667, 55.18195], [12.05641, 55.1857], [12.01466, 55.16747], [12.01246, 55.15713], [12.04664, 55.14008], [12.07968, 55.13843], [12.06553, 55.06992], [12.07292, 54.9783], [12.05592, 54.97077], [12.03297, 54.96809], [11.99806, 54.97651], [11.94386, 55.00609], [11.91017, 55.00971], [11.90952, 55.00495], [11.91684, 55.00288], [11.89715, 54.99543], [11.90154, 54.97639], [11.88502, 54.95515], [11.88282, 54.94082], [11.89015, 54.92963], [11.91847, 54.92194], [11.93116, 54.92772], [11.92368, 54.94082], [11.95786, 54.94819], [11.98219, 54.92031], [12.02394, 54.89802], [12.04038, 54.89301], [12.06622, 54.89567], [12.05039, 54.81533], [11.8623, 54.77261], [11.74537, 54.91132]]], [[[12.08074, 55.14688], [12.08244, 55.1518], [12.08136, 55.14657], [12.08074, 55.14688]]], [[[12.65189, 55.63673], [12.66572, 55.59653], [12.57158, 55.554], [12.55088, 55.55625], [12.52031, 55.6146], [12.56992, 55.6501], [12.59922, 55.68023], [12.62002, 55.67935], [12.65189, 55.63673]]]]}}, {"type": "Feature", "properties": {"bidding_zone": "EE"}, "geometry": {"type": "MultiPolygon", "coordinates": [[[[23.2614, 58.46589], [23.23764, 58.45637], [23.26995, 58.4468], [23.22389, 58.44331], [23.19606, 58.45637], [23.1819, 58.47468], [23.1565, 58.47753], [23.13803, 58.44611], [23.10865, 58.42902], [23.08424, 58.42963], [23.08058, 58.41852], [23.08428, 58.39989], [23.03545, 58.37231], [23.00956, 58.36838], [22.97755, 58.38166], [22.95484, 58.38105], [22.94752, 58.37263], [22.96949, 58.36017], [22.88516, 58.31128], [22.78431, 58.27162], [22.74293, 58.27383], [22.7212, 58.27033], [22.71013, 58.25776], [22.74421, 58.24641], [22.73027, 58.23066], [22.66258, 58.23229], [22.65496, 58.2447], [22.62135, 58.25275], [22.58619, 58.24779], [22.56495, 58.23517], [22.535, 58.25406], [22.52025, 58.23571], [22.49366, 58.23551], [22.49098, 58.2447], [22.47682, 58.2451], [22.43094, 58.22606], [22.38795, 58.22675], [22.32342, 58.20661], [22.27475, 58.17927], [22.22734, 58.05181], [22.19988, 58.02603], [22.1989, 58.01952], [22.15244, 57.9668], [22.07627, 57.93603], [21.99687, 57.93135], [21.99173, 57.94006], [21.9944, 57.94725], [21.99073, 57.95824], [21.97889, 57.96694], [21.9827, 57.98308], [21.99757, 57.98404], [22.02089, 58.02054], [22.1096, 58.08423], [22.13551, 58.07673], [22.14772, 58.07958], [22.16505, 58.11689], [22.20297, 58.14789], [22.18035, 58.16083], [22.10195, 58.17314], [22.03185, 58.21425], [22.01686, 58.23387], [21.99383, 58.2447], [21.93596, 58.24506], [21.88213, 58.26235], [21.85449, 58.30166], [21.87742, 58.3035], [21.90821, 58.29873], [21.90115, 58.30801], [21.93429, 58.32388], [21.94459, 58.31875], [21.96339, 58.32661], [21.95612, 58.34159], [21.96803, 58.35456], [21.99049, 58.35786], [22.01124, 58.35395], [21.99008, 58.38695], [21.94597, 58.43228], [21.8623, 58.49717], [21.91627, 58.50117], [21.92441, 58.51426], [21.9997, 58.51037], [22.02076, 58.49925], [22.06422, 58.45669], [22.07358, 58.42691], [22.08937, 58.42219], [22.09848, 58.42609], [22.09311, 58.44953], [22.10456, 58.48816], [22.16856, 58.51582], [22.20557, 58.52139], [22.22478, 58.51716], [22.22885, 58.51057], [22.24334, 58.50483], [22.2732, 58.50202], [22.2831, 58.52751], [22.32812, 58.58086], [22.46306, 58.59292], [22.54697, 58.62739], [22.59907, 58.62284], [22.61264, 58.6057], [22.64812, 58.58674], [22.68036, 58.59976], [22.73634, 58.58808], [22.75799, 58.59292], [22.78888, 58.6136], [22.81829, 58.62107], [22.84636, 58.61343], [22.86831, 58.61624], [22.96426, 58.60571], [23.11582, 58.54934], [23.12582, 58.5351], [23.14829, 58.52155], [23.24085, 58.50285], [23.29287, 58.4835], [23.32324, 58.45083], [23.30556, 58.44949], [23.2614, 58.46589]]], [[[24.44654, 58.05451], [24.46412, 58.07217], [24.46412, 58.10764], [24.4875, 58.26162], [24.54851, 58.28929], [24.56039, 58.31232], [24.55104, 58.33373], [24.5291, 58.35425], [24.44418, 58.38614], [24.40317, 58.39533], [24.36183, 58.39728], [24.327, 58.38813], [24.31593, 58.37995], [24.29575, 58.35497], [24.29124, 58.33235], [24.23565, 58.28955], [24.11484, 58.26611], [23.98024, 58.31843], [23.84987, 58.34251], [23.83351, 58.35395], [23.81575, 58.35011], [23.76758, 58.36084], [23.70605, 58.43301], [23.6915, 58.50561], [23.68188, 58.51087], [23.67897, 58.52416], [23.66383, 58.5362], [23.64485, 58.53107], [23.56541, 58.5744], [23.55844, 58.58256], [23.50928, 58.65854], [23.52633, 58.70456], [23.5359, 58.70279], [23.54664, 58.70962], [23.53801, 58.71864], [23.60271, 58.73963], [23.69703, 58.75117], [23.75522, 58.73359], [23.8025, 58.7307], [23.80486, 58.74799], [23.78338, 58.75585], [23.77955, 58.76642], [23.78549, 58.77798], [23.79949, 58.78535], [23.81617, 58.78461], [23.87436, 58.77167], [23.84742, 58.78823], [23.81568, 58.79995], [23.78419, 58.80097], [23.75766, 58.78535], [23.73951, 58.798], [23.71909, 58.79906], [23.67652, 58.79218], [23.60336, 58.79483], [23.55373, 58.78265], [23.53359, 58.78193], [23.50361, 58.78984], [23.49905, 58.81085], [23.51881, 58.81265], [23.52613, 58.81977], [23.47246, 58.8579], [23.43203, 58.92065], [23.46473, 58.94326], [23.5101, 58.9416], [23.53191, 58.95669], [23.54916, 58.95083], [23.58448, 58.95356], [23.62485, 58.9726], [23.6281, 58.9914], [23.62159, 59.01533], [23.60548, 59.03266], [23.55983, 59.0528], [23.61443, 59.0113], [23.58033, 59.00507], [23.55983, 58.9914], [23.55299, 58.97089], [23.5433, 58.96988], [23.52565, 58.98395], [23.50666, 58.98644], [23.51504, 58.99922], [23.46777, 59.03218], [23.48018, 59.06968], [23.49669, 59.08667], [23.51824, 59.07331], [23.51938, 59.12499], [23.50835, 59.14131], [23.49443, 59.19565], [23.67723, 59.25081], [23.71551, 59.23168], [23.73048, 59.23041], [23.7422, 59.23941], [23.74293, 59.25015], [23.72889, 59.26275], [23.78252, 59.27515], [23.93556, 59.28059], [24.04529, 59.28977], [24.08058, 59.27131], [24.10011, 59.2945], [24.09205, 59.31257], [24.06997, 59.32815], [24.05361, 59.37231], [24.12753, 59.37451], [24.16489, 59.35407], [24.19386, 59.34772], [24.22193, 59.35517], [24.21339, 59.37226], [24.19505, 59.3852], [24.25036, 59.41131], [24.30616, 59.41909], [24.31772, 59.43098], [24.32301, 59.44559], [24.38037, 59.47266], [24.44682, 59.4671], [24.47828, 59.44839], [24.4983, 59.44383], [24.53907, 59.45939], [24.57774, 59.45615], [24.64259, 59.43643], [24.66049, 59.44062], [24.65659, 59.4499], [24.62184, 59.4643], [24.70658, 59.48345], [24.7444, 59.44721], [24.77263, 59.4501], [24.79005, 59.45893], [24.81324, 59.48404], [24.81577, 59.48933], [24.80558, 59.50581], [24.87754, 59.52207], [24.89265, 59.52205], [24.90919, 59.51154], [24.93442, 59.50804], [25.01222, 59.51838], [25.09783, 59.49787], [25.11647, 59.50312], [25.11033, 59.52169], [25.20161, 59.52154], [25.40943, 59.49103], [25.40235, 59.51431], [25.4096, 59.5212], [25.44375, 59.52114], [25.46582, 59.53211], [25.54371, 59.53514], [25.53614, 59.5493], [25.51748, 59.55777], [25.5209, 59.55947], [25.50742, 59.598], [25.50928, 59.63901], [25.52733, 59.63707], [25.53533, 59.62897], [25.57504, 59.61689], [25.62233, 59.58047], [25.67677, 59.56607], [25.7059, 59.56928], [25.71852, 59.58759], [25.71079, 59.60456], [25.6853, 59.63033], [25.77892, 59.63407], [25.77312, 59.62824], [25.78541, 59.61546], [25.79371, 59.59121], [25.80738, 59.58047], [25.82618, 59.57526], [25.84449, 59.57734], [25.86134, 59.58613], [25.87623, 59.6009], [25.86883, 59.60773], [25.87886, 59.62436], [25.90833, 59.6208], [25.94451, 59.59467], [25.96502, 59.59732], [25.96304, 59.61417], [26.07841, 59.60021], [26.08172, 59.58731], [26.09099, 59.58564], [26.19141, 59.58652], [26.41243, 59.55977], [26.45769, 59.54588], [26.49781, 59.53998], [26.53647, 59.54267], [26.56341, 59.55391], [26.625, 59.55391], [26.80673, 59.48817], [26.82691, 59.47696], [26.93767, 59.4501], [27.11622, 59.44204], [27.34847, 59.44966], [27.56316, 59.43207], [27.74218, 59.42401], [27.8733, 59.40762], [27.91472, 59.41454], [27.95346, 59.42817], [27.98316, 59.44697], [28.01821, 59.48094], [28.03858, 59.46299], [28.06582, 59.45317], [28.13301, 59.40308], [28.15107, 59.37441], [28.12832, 59.35757], [28.00065, 59.33374], [28.04301, 59.32512], [28.02109, 59.30583], [27.95972, 59.30646], [27.90391, 59.29039], [27.88231, 59.27566], [27.88884, 59.26208], [27.84951, 59.19268], [27.75762, 59.052], [27.62178, 58.94497], [27.47778, 58.87543], [27.41061, 58.75486], [27.48042, 58.58067], [27.53135, 58.43525], [27.53008, 58.38149], [27.51305, 58.34313], [27.49411, 58.31954], [27.48285, 58.26864], [27.49535, 58.22146], [27.57529, 58.13095], [27.63095, 58.03634], [27.63157, 58.00416], [27.64913, 58.0004], [27.66755, 57.95057], [27.65938, 57.93246], [27.66496, 57.9184], [27.67312, 57.91282], [27.73591, 57.89911], [27.76875, 57.88413], [27.77852, 57.8707], [27.77695, 57.85674], [27.75283, 57.84102], [27.64998, 57.82071], [27.5246, 57.8073], [27.54363, 57.79972], [27.53439, 57.7895], [27.51241, 57.78131], [27.50243, 57.77255], [27.49784, 57.75567], [27.50266, 57.74336], [27.49199, 57.72495], [27.44679, 57.69637], [27.40771, 57.68899], [27.38466, 57.67439], [27.37702, 57.65671], [27.38302, 57.63416], [27.36706, 57.59576], [27.3366, 57.59173], [27.32803, 57.58315], [27.33557, 57.5539], [27.35195, 57.52813], [27.32656, 57.52549], [27.22594, 57.53475], [27.15376, 57.5471], [27.0334, 57.57876], [27.00464, 57.59891], [26.98107, 57.60899], [26.94655, 57.61535], [26.89611, 57.61499], [26.87265, 57.62718], [26.85415, 57.62256], [26.81973, 57.58872], [26.72653, 57.56999], [26.66698, 57.56486], [26.62357, 57.54929], [26.53262, 57.53101], [26.46211, 57.54448], [26.43092, 57.56171], [26.37347, 57.57506], [26.29805, 57.60107], [26.218, 57.66054], [26.16851, 57.70405], [26.09381, 57.74336], [26.03037, 57.78555], [26.0154, 57.81443], [26.02526, 57.82841], [26.02196, 57.83794], [26.01452, 57.84283], [25.91257, 57.85027], [25.79375, 57.86856], [25.75217, 57.89439], [25.74538, 57.90918], [25.73029, 57.92313], [25.68399, 57.91768], [25.66016, 57.92017], [25.57129, 57.94277], [25.55147, 57.95106], [25.54168, 57.96282], [25.50792, 57.96927], [25.42901, 58.00226], [25.39662, 58.02318], [25.31663, 58.04314], [25.29957, 58.0656], [25.28169, 58.07341], [25.2635, 58.07514], [25.25069, 58.0685], [25.24955, 58.05119], [25.26888, 58.0325], [25.27266, 58.00937], [25.2583, 57.99614], [25.22871, 57.99658], [25.18553, 58.02526], [25.16697, 58.05873], [25.14103, 58.06801], [25.09421, 58.06731], [25.04884, 58.0562], [25.00459, 58.03207], [24.83906, 57.98872], [24.77385, 57.98478], [24.73351, 57.9922], [24.71883, 57.98184], [24.7105, 57.96931], [24.60961, 57.94467], [24.53383, 57.94507], [24.48133, 57.91931], [24.44164, 57.90809], [24.42385, 57.8927], [24.3625, 57.86616], [24.32256, 57.8706], [24.33203, 57.90977], [24.41601, 58.03474], [24.44654, 58.05451]]], [[[23.34355, 58.55034], [23.25657, 58.54135], [23.06348, 58.61108], [23.08038, 58.62893], [23.10613, 58.62421], [23.12094, 58.62832], [23.13461, 58.66181], [23.16543, 58.67813], [23.33281, 58.64858], [23.35645, 58.57554], [23.34355, 58.55034]]], [[[22.05625, 58.9436], [22.46306, 58.97089], [22.45494, 58.97374], [22.4626, 58.97432], [22.46939, 58.98275], [22.48845, 58.98115], [22.48783, 59.00565], [22.50359, 59.02522], [22.54444, 59.0301], [22.55926, 59.0384], [22.57293, 59.0528], [22.57747, 59.07475], [22.58721, 59.0812], [22.65445, 59.0859], [22.70225, 59.07441], [22.70584, 59.05913], [22.69158, 59.04116], [22.70135, 59.02497], [22.73666, 59.00507], [22.78868, 59.0069], [22.91126, 58.98983], [22.94971, 58.95158], [22.94955, 58.93618], [22.95851, 58.9267], [22.98314, 58.91506], [23.00869, 58.83394], [22.9568, 58.8474], [22.94223, 58.83421], [22.92921, 58.83999], [22.87957, 58.83271], [22.8672, 58.82005], [22.88307, 58.81729], [22.88788, 58.80529], [22.8417, 58.77744], [22.78818, 58.80156], [22.82691, 58.81916], [22.81935, 58.82966], [22.7776, 58.82437], [22.73666, 58.80646], [22.71518, 58.78205], [22.69, 58.73934], [22.66143, 58.70918], [22.54219, 58.68999], [22.47266, 58.71206], [22.47398, 58.72092], [22.49724, 58.73753], [22.47877, 58.75288], [22.44264, 58.81236], [22.43979, 58.84138], [22.42994, 58.85244], [22.38209, 58.88227], [22.32496, 58.89663], [22.16191, 58.89849], [22.05625, 58.9436]]]]}}, {"type": "Feature", "properties": {"bidding_zone": "ES"}, "geometry": {"type": "MultiPolygon", "coordinates": [[[[1.59327, 39.02025], [1.58446, 39.00657], [1.49453, 38.93252], [1.44521, 38.9187], [1.42856, 38.89659], [1.41473, 38.89062], [1.40451, 38.85791], [1.25693, 38.879], [1.22334, 38.90386], [1.25208, 38.96458], [1.25994, 38.96092], [1.27687, 38.968], [1.30095, 38.96776], [1.29813, 38.98142], [1.30254, 39.03115], [1.35678, 39.07762], [1.37224, 39.0714], [1.39194, 39.08332], [1.40333, 39.07762], [1.44188, 39.09819], [1.48697, 39.1066], [1.49952, 39.10489], [1.50427, 39.10983], [1.53966, 39.11642], [1.55356, 39.10765], [1.58969, 39.10277], [1.60597, 39.09129], [1.60084, 39.08238], [1.61988, 39.03573], [1.59327, 39.02025]]], [[[-1.76823, 43.33092], [-1.75578, 43.31855], [-1.74736, 43.291], [-1.69381, 43.30158], [-1.64519, 43.28764], [-1.64633, 43.27279], [-1.63904, 43.25568], [-1.62189, 43.247], [-1.59848, 43.247], [-1.58757, 43.2516], [-1.56916, 43.27958], [-1.49077, 43.27012], [-1.45868, 43.26178], [-1.41069, 43.24009], [-1.40732, 43.19712], [-1.42261, 43.14912], [-1.4564, 43.10861], [-1.48784, 43.08182], [-1.47528, 43.06014], [-1.45714, 43.04507], [-1.41053, 43.03091], [-1.38314, 43.02921], [-1.36614, 43.03332], [-1.35273, 43.06426], [-1.31885, 43.09697], [-1.30005, 43.10098], [-1.31508, 43.08288], [-1.31059, 43.06949], [-1.29369, 43.0552], [-1.27488, 43.04683], [-1.2334, 43.04142], [-1.1759, 43.02131], [-1.14993, 43.00572], [-1.12834, 43.00718], [-0.94322, 42.9479], [-0.86353, 42.94306], [-0.83133, 42.94733], [-0.76265, 42.93979], [-0.74093, 42.91053], [-0.74587, 42.89392], [-0.74029, 42.8848], [-0.73011, 42.87751], [-0.70039, 42.87643], [-0.68327, 42.8686], [-0.62478, 42.82655], [-0.60949, 42.81144], [-0.61016, 42.79909], [-0.58293, 42.79584], [-0.57714, 42.78979], [-0.57869, 42.77734], [-0.56903, 42.77264], [-0.53565, 42.78421], [-0.53438, 42.8014], [-0.48512, 42.79947], [-0.45446, 42.78891], [-0.42392, 42.79067], [-0.3728, 42.81697], [-0.33218, 42.82824], [-0.29932, 42.82534], [-0.24353, 42.79935], [-0.23515, 42.78623], [-0.20425, 42.78471], [-0.15498, 42.75725], [-0.12311, 42.73036], [-0.11903, 42.71685], [-0.09575, 42.71068], [-0.07841, 42.69667], [-0.03893, 42.68515], [0.20137, 42.71934], [0.2495, 42.69584], [0.27539, 42.66869], [0.29025, 42.67029], [0.31228, 42.69326], [0.37725, 42.70015], [0.38211, 42.69967], [0.38928, 42.68515], [0.40928, 42.68225], [0.46693, 42.69044], [0.48352, 42.6853], [0.60816, 42.68799], [0.64361, 42.68448], [0.65673, 42.68799], [0.66542, 42.69866], [0.66645, 42.71476], [0.65963, 42.7299], [0.64599, 42.74147], [0.65155, 42.79833], [0.66982, 42.83574], [0.69688, 42.84512], [0.74077, 42.84052], [0.83964, 42.81995], [0.88576, 42.80424], [0.92111, 42.78437], [0.94447, 42.79473], [0.98292, 42.78036], [1.01006, 42.77896], [1.11929, 42.73961], [1.13433, 42.71597], [1.15148, 42.70672], [1.19593, 42.71365], [1.29326, 42.70996], [1.34983, 42.69018], [1.42832, 42.5959], [1.41927, 42.57926], [1.42057, 42.56856], [1.40646, 42.52924], [1.42198, 42.53077], [1.43002, 42.49352], [1.40759, 42.48676], [1.43643, 42.45175], [1.43643, 42.44095], [1.4479, 42.43465], [1.51663, 42.4295], [1.53632, 42.44231], [1.63952, 42.46643], [1.64588, 42.48225], [1.66823, 42.49213], [1.68634, 42.49061], [1.70701, 42.50278], [1.71217, 42.49371], [1.77024, 42.48401], [1.83448, 42.46469], [1.86979, 42.44679], [1.8905, 42.44321], [1.92793, 42.42632], [1.96373, 42.36723], [1.99567, 42.34868], [2.00921, 42.34708], [2.05169, 42.35235], [2.1076, 42.38925], [2.1759, 42.41258], [2.21361, 42.41862], [2.42478, 42.37871], [2.44557, 42.35196], [2.46489, 42.34062], [2.52525, 42.32589], [2.54603, 42.35084], [2.63543, 42.33788], [2.66219, 42.33902], [2.65312, 42.35059], [2.65478, 42.36211], [2.67002, 42.39302], [2.70186, 42.4085], [2.78859, 42.41201], [2.8204, 42.43094], [2.87282, 42.44948], [2.90084, 42.45126], [2.91495, 42.4594], [2.95278, 42.46478], [2.96605, 42.461], [2.97591, 42.46581], [3.03958, 42.45038], [3.05359, 42.43764], [3.08615, 42.42718], [3.13782, 42.42594], [3.1809, 42.43108], [3.17018, 42.39659], [3.17449, 42.3638], [3.18735, 42.34951], [3.20419, 42.33959], [3.24985, 42.34321], [3.26303, 42.32921], [3.28061, 42.33686], [3.29075, 42.33541], [3.30267, 42.30077], [3.29271, 42.28441], [3.21865, 42.26035], [3.15162, 42.25682], [3.1303, 42.23973], [3.11883, 42.21833], [3.11647, 42.15843], [3.12249, 42.14049], [3.1386, 42.12763], [3.17311, 42.11201], [3.2145, 42.06833], [3.21301, 42.05599], [3.19986, 42.04619], [3.1959, 42.03312], [3.20786, 41.99002], [3.23569, 41.96552], [3.23219, 41.94603], [3.20493, 41.90878], [3.14688, 41.86104], [3.07863, 41.82662], [3.07386, 41.81291], [3.00488, 41.76743], [2.54832, 41.56944], [2.44947, 41.53522], [2.4137, 41.51106], [2.29672, 41.46532], [2.26734, 41.44864], [2.20279, 41.37116], [2.14561, 41.32075], [2.08262, 41.2874], [1.5666, 41.19561], [1.25411, 41.11067], [1.21778, 41.10468], [1.20586, 41.09756], [1.03291, 41.06206], [0.99041, 41.0397], [0.87745, 40.95478], [0.82276, 40.8996], [0.71465, 40.82285], [0.72186, 40.82117], [0.69483, 40.786], [0.75017, 40.76557], [0.76238, 40.76606], [0.76726, 40.77102], [0.76352, 40.77839], [0.75017, 40.786], [0.76694, 40.78502], [0.78053, 40.77949], [0.84181, 40.73212], [0.87371, 40.72793], [0.87241, 40.7071], [0.85808, 40.68627], [0.81188, 40.6672], [0.78403, 40.66096], [0.72963, 40.6341], [0.68222, 40.63422], [0.59609, 40.6145], [0.56349, 40.59003], [0.54851, 40.57233], [0.51768, 40.51481], [0.36367, 40.31904], [0.24722, 40.19852], [0.20525, 40.17154], [0.1584, 40.10659], [0.04307, 40.01396], [-0.07515, 39.87593], [-0.19449, 39.71544], [-0.20041, 39.69885], [-0.327, 39.51987], [-0.32895, 39.41709], [-0.30134, 39.32201], [-0.28738, 39.29826], [-0.24138, 39.16678], [-0.2267, 39.11178], [-0.20493, 39.0626], [-0.10595, 38.93651], [-0.00976, 38.8697], [0.04923, 38.86186], [0.15488, 38.82466], [0.17399, 38.79786], [0.17091, 38.79609], [0.17673, 38.79401], [0.20156, 38.75918], [0.13633, 38.69678], [0.0137, 38.62473], [-0.01476, 38.62442], [-0.04296, 38.61172], [-0.05476, 38.59528], [-0.055, 38.58466], [-0.24404, 38.49832], [-0.34455, 38.46162], [-0.35082, 38.45002], [-0.38125, 38.43565], [-0.49666, 38.33776], [-0.50984, 38.33836], [-0.51312, 38.3238], [-0.5208, 38.31728], [-0.55068, 38.20312], [-0.56755, 38.19413], [-0.59138, 38.18964], [-0.62059, 38.16583], [-0.64678, 38.15185], [-0.6832, 37.99204], [-0.69779, 37.96556], [-0.71841, 37.94302], [-0.75862, 37.86335], [-0.76, 37.84081], [-0.77995, 37.81494], [-0.78799, 37.82282], [-0.81486, 37.76846], [-0.84781, 37.75609], [-0.85611, 37.7425], [-0.85261, 37.72378], [-0.80993, 37.6669], [-0.75479, 37.6413], [-0.73386, 37.6408], [-0.72158, 37.63106], [-0.76927, 37.59804], [-0.82706, 37.58036], [-0.95898, 37.57079], [-1.00642, 37.58145], [-1.06994, 37.58259], [-1.10342, 37.5764], [-1.11575, 37.56668], [-1.18612, 37.56484], [-1.2427, 37.5792], [-1.25942, 37.56292], [-1.32754, 37.56113], [-1.64097, 37.38696], [-1.68017, 37.35444], [-1.68301, 37.3456], [-1.79761, 37.23286], [-1.93931, 36.94585], [-2.11152, 36.77666], [-2.1877, 36.74546], [-2.28279, 36.81009], [-2.31835, 36.82791], [-2.36168, 36.83678], [-2.39662, 36.82683], [-2.48143, 36.82994], [-2.56078, 36.81879], [-2.57779, 36.80959], [-2.5957, 36.80649], [-2.67061, 36.74756], [-2.78755, 36.71475], [-2.90113, 36.74298], [-2.91397, 36.75031], [-2.93326, 36.75165], [-2.95314, 36.74634], [-3.14917, 36.7585], [-3.25913, 36.75576], [-3.32958, 36.7449], [-3.3539, 36.72941], [-3.43125, 36.70791], [-3.57881, 36.73984], [-3.82778, 36.75606], [-4.02912, 36.74188], [-4.05671, 36.74799], [-4.09007, 36.73759], [-4.34152, 36.7199], [-4.40319, 36.72386], [-4.42032, 36.71988], [-4.43326, 36.71068], [-4.45822, 36.6756], [-4.50225, 36.62915], [-4.57829, 36.57486], [-4.5878, 36.57382], [-4.59436, 36.56338], [-4.67412, 36.50644], [-4.85734, 36.50336], [-4.90266, 36.50654], [-4.9353, 36.50205], [-5.17148, 36.42378], [-5.23052, 36.37363], [-5.32969, 36.23574], [-5.35873, 36.14203], [-5.36661, 36.16315], [-5.38252, 36.17231], [-5.42545, 36.17975], [-5.4436, 36.15059], [-5.4625, 36.07378], [-5.55127, 36.03882], [-5.6235, 36.02627], [-5.62971, 36.03677], [-5.68936, 36.06712], [-5.71312, 36.05996], [-5.79605, 36.08552], [-5.83275, 36.12238], [-5.8979, 36.1739], [-5.91719, 36.18407], [-5.95907, 36.18074], [-6.03677, 36.18952], [-6.06249, 36.21723], [-6.10473, 36.28071], [-6.13455, 36.29357], [-6.16784, 36.33086], [-6.18419, 36.37071], [-6.20348, 36.38862], [-6.22627, 36.42647], [-6.25377, 36.49585], [-6.23148, 36.47268], [-6.21906, 36.47496], [-6.17935, 36.51354], [-6.22435, 36.51085], [-6.23245, 36.52619], [-6.22602, 36.55667], [-6.23489, 36.57575], [-6.28319, 36.61237], [-6.29385, 36.61685], [-6.3325, 36.61896], [-6.38413, 36.63701], [-6.41226, 36.72886], [-6.37553, 36.78106], [-6.34561, 36.79499], [-6.33519, 36.81826], [-6.33839, 36.83384], [-6.32832, 36.84815], [-6.25942, 36.89898], [-6.24569, 36.90368], [-6.22326, 36.90233], [-6.19481, 36.93211], [-6.23965, 36.9134], [-6.26504, 36.91291], [-6.28356, 36.92593], [-6.32592, 36.91267], [-6.34472, 36.90127], [-6.3521, 36.87667], [-6.39619, 36.83164], [-6.4711, 36.93561], [-6.49243, 36.95464], [-6.88462, 37.19424], [-6.85938, 37.24917], [-6.86367, 37.27824], [-6.85269, 37.29523], [-6.90347, 37.24958], [-6.93114, 37.23387], [-6.96255, 37.23383], [-6.96255, 37.22761], [-6.94709, 37.20851], [-6.97466, 37.19844], [-7.0169, 37.20062], [-7.10104, 37.22425], [-7.12735, 37.21475], [-7.08556, 37.20649], [-7.17495, 37.20879], [-7.21357, 37.20389], [-7.32787, 37.20156], [-7.35758, 37.18561], [-7.38733, 37.18183], [-7.4088, 37.19021], [-7.43745, 37.30734], [-7.44499, 37.38676], [-7.46225, 37.41787], [-7.46003, 37.42914], [-7.46887, 37.47557], [-7.47595, 37.49425], [-7.49091, 37.50658], [-7.49604, 37.52358], [-7.50352, 37.5855], [-7.48924, 37.6197], [-7.47161, 37.6369], [-7.45898, 37.69223], [-7.44395, 37.72827], [-7.39712, 37.7701], [-7.33441, 37.81193], [-7.30686, 37.85077], [-7.28053, 37.91739], [-7.20189, 37.99097], [-7.18527, 37.98869], [-7.15225, 38.00065], [-7.13985, 38.01591], [-7.07674, 38.02914], [-7.04936, 38.02021], [-7.02399, 38.02256], [-6.9475, 38.19664], [-6.9642, 38.20614], [-6.9921, 38.20428], [-7.02641, 38.19963], [-7.037, 38.18809], [-7.1064, 38.18101], [-7.14345, 38.2243], [-7.16718, 38.27208], [-7.19633, 38.29216], [-7.21136, 38.31753], [-7.30039, 38.40762], [-7.34302, 38.45742], [-7.33518, 38.46944], [-7.33579, 38.50147], [-7.30506, 38.57063], [-7.27586, 38.60382], [-7.27043, 38.6177], [-7.27353, 38.6254], [-7.28948, 38.63629], [-7.28154, 38.71455], [-7.21152, 38.77536], [-7.19643, 38.77999], [-7.13322, 38.82233], [-7.08868, 38.83337], [-7.05608, 38.85515], [-7.05726, 38.86944], [-7.0522, 38.88499], [-7.05873, 38.89424], [-6.97329, 39.01395], [-6.97489, 39.02302], [-6.98631, 39.03007], [-6.97939, 39.04718], [-6.98569, 39.06676], [-7.01577, 39.09681], [-7.03882, 39.10914], [-7.16259, 39.13307], [-7.15581, 39.15151], [-7.16806, 39.17063], [-7.20281, 39.18146], [-7.25643, 39.26306], [-7.25084, 39.27063], [-7.27909, 39.29755], [-7.30576, 39.33814], [-7.32198, 39.40751], [-7.31363, 39.4361], [-7.31353, 39.45744], [-7.32092, 39.46741], [-7.3627, 39.47832], [-7.40593, 39.50867], [-7.41755, 39.5242], [-7.44512, 39.53618], [-7.53569, 39.66157], [-7.47133, 39.67663], [-7.34143, 39.67184], [-7.30646, 39.68111], [-7.22493, 39.68136], [-7.21405, 39.67618], [-7.18289, 39.6751], [-7.03577, 39.68926], [-7.02114, 39.69401], [-7.00962, 39.71546], [-7.01365, 39.72962], [-7.00874, 39.74832], [-6.97539, 39.79839], [-6.9612, 39.82904], [-6.95283, 39.83287], [-6.92766, 39.86191], [-6.92177, 39.89715], [-6.92407, 39.90926], [-6.90952, 39.93198], [-6.89691, 39.98712], [-6.8797, 40.00919], [-6.91991, 40.06489], [-6.95572, 40.10293], [-6.96642, 40.11032], [-6.992, 40.11504], [-7.02783, 40.14263], [-7.03262, 40.16792], [-7.0147, 40.20835], [-6.94236, 40.25494], [-6.89645, 40.25548], [-6.87805, 40.26524], [-6.87083, 40.29418], [-6.81196, 40.33232], [-6.79444, 40.3564], [-6.82168, 40.37598], [-6.84795, 40.41099], [-6.85205, 40.44326], [-6.83769, 40.47829], [-6.81532, 40.50254], [-6.81253, 40.51463], [-6.81805, 40.53189], [-6.83285, 40.54901], [-6.82987, 40.6182], [-6.81428, 40.64718], [-6.81423, 40.65933], [-6.82761, 40.7192], [-6.83805, 40.81493], [-6.83666, 40.84025], [-6.82033, 40.84423], [-6.81619, 40.85684], [-6.82116, 40.87006], [-6.84705, 40.8789], [-6.85526, 40.88722], [-6.88518, 40.94892], [-6.91043, 40.97579], [-6.92847, 41.00913], [-6.91553, 41.03804], [-6.89258, 41.05513], [-6.818, 41.05414], [-6.80436, 41.06442], [-6.76478, 41.10886], [-6.75693, 41.13122], [-6.69014, 41.2145], [-6.61268, 41.27013], [-6.5635, 41.27071], [-6.49585, 41.29495], [-6.431, 41.33903], [-6.39958, 41.37748], [-6.37917, 41.37748], [-6.37592, 41.39443], [-6.35648, 41.40804], [-6.32113, 41.41101], [-6.32103, 41.41959], [-6.24434, 41.51592], [-6.2125, 41.53203], [-6.21988, 41.55487], [-6.20595, 41.57028], [-6.27225, 41.62824], [-6.3171, 41.65015], [-6.36594, 41.66361], [-6.44707, 41.67624], [-6.46082, 41.67655], [-6.47714, 41.66448], [-6.54219, 41.67251], [-6.55898, 41.70405], [-6.55272, 41.79174], [-6.53575, 41.84858], [-6.52422, 41.86742], [-6.5578, 41.87474], [-6.57162, 41.90496], [-6.56763, 41.92607], [-6.57166, 41.94261], [-6.58515, 41.95465], [-6.60949, 41.96232], [-6.62215, 41.94203], [-6.70361, 41.93457], [-6.77552, 41.95792], [-6.79439, 41.97971], [-6.82493, 41.98377], [-6.82916, 41.96375], [-6.86553, 41.94526], [-6.95323, 41.94812], [-6.99236, 41.96638], [-7.03047, 41.95063], [-7.09912, 41.96421], [-7.14537, 41.98749], [-7.15974, 41.98573], [-7.19994, 41.96372], [-7.19834, 41.92939], [-7.20962, 41.89526], [-7.26856, 41.8644], [-7.35982, 41.84365], [-7.39192, 41.84205], [-7.40708, 41.83376], [-7.45409, 41.83475], [-7.46938, 41.85254], [-7.493, 41.8569], [-7.50814, 41.86494], [-7.52328, 41.86016], [-7.53156, 41.84015], [-7.6126, 41.85796], [-7.60736, 41.87318], [-7.6462, 41.87443], [-7.72203, 41.89925], [-7.75014, 41.88837], [-7.80307, 41.87878], [-7.89639, 41.87056], [-7.90336, 41.88682], [-7.9061, 41.91385], [-7.92579, 41.90817], [-7.93844, 41.87568], [-7.95826, 41.86671], [-7.97943, 41.86861], [-7.99364, 41.86367], [-8.01455, 41.84331], [-8.09443, 41.81421], [-8.15249, 41.81196], [-8.17353, 41.81997], [-8.17704, 41.84985], [-8.18459, 41.85773], [-8.1999, 41.8622], [-8.22476, 41.89585], [-8.21333, 41.9271], [-8.17033, 41.97408], [-8.10803, 42.0109], [-8.09736, 42.02348], [-8.09508, 42.04092], [-8.1032, 42.05581], [-8.11844, 42.06686], [-8.13761, 42.07291], [-8.17358, 42.06938], [-8.2042, 42.11187], [-8.20433, 42.1288], [-8.22236, 42.15363], [-8.25233, 42.13758], [-8.29538, 42.13009], [-8.32256, 42.11509], [-8.43667, 42.09086], [-8.50121, 42.08309], [-8.58523, 42.05416], [-8.62688, 42.05103], [-8.64389, 42.04149], [-8.65807, 42.02029], [-8.71806, 41.98337], [-8.7508, 41.96898], [-8.76195, 41.95258], [-8.77715, 41.94106], [-8.85234, 41.9269], [-8.87832, 41.94687], [-8.88721, 42.10527], [-8.86426, 42.12634], [-8.82653, 42.13052], [-8.81908, 42.13972], [-8.82372, 42.14761], [-8.8362, 42.15209], [-8.77246, 42.2106], [-8.71848, 42.25268], [-8.62515, 42.30195], [-8.62165, 42.31021], [-8.62271, 42.34748], [-8.63476, 42.34638], [-8.64989, 42.3356], [-8.67479, 42.29902], [-8.7253, 42.2857], [-8.81582, 42.28525], [-8.80996, 42.33447], [-8.79489, 42.34327], [-8.77196, 42.34272], [-8.76464, 42.3557], [-8.72688, 42.38874], [-8.66251, 42.42691], [-8.65526, 42.44135], [-8.66438, 42.43797], [-8.69127, 42.44062], [-8.7388, 42.41611], [-8.77617, 42.43481], [-8.81211, 42.47007], [-8.80991, 42.56235], [-8.80296, 42.58842], [-8.7884, 42.59219], [-8.7755, 42.60472], [-8.73876, 42.66608], [-8.73095, 42.68842], [-8.73717, 42.68842], [-8.7539, 42.65689], [-8.76732, 42.64517], [-8.78498, 42.64057], [-8.80382, 42.64594], [-8.82624, 42.67414], [-8.83951, 42.68244], [-8.8546, 42.66157], [-8.857, 42.64912], [-8.84699, 42.64057], [-8.86199, 42.62467], [-8.88853, 42.61644], [-8.89485, 42.6201], [-8.88948, 42.6306], [-8.93639, 42.60643], [-8.93239, 42.60283], [-8.98779, 42.58564], [-9.03311, 42.59385], [-9.03506, 42.66235], [-8.93721, 42.7667], [-8.93274, 42.78094], [-8.92223, 42.78811], [-8.89826, 42.7923], [-8.89135, 42.79934], [-8.88492, 42.81501], [-8.88768, 42.83112], [-8.90844, 42.83946], [-8.91259, 42.8166], [-8.93642, 42.79983], [-9.0416, 42.81401], [-9.1272, 42.86523], [-9.14857, 42.88395], [-9.13752, 42.89606], [-9.13451, 42.91755], [-9.16788, 42.92683], [-9.18346, 42.94526], [-9.19587, 42.94933], [-9.19001, 42.9324], [-9.19409, 42.9283], [-9.23521, 42.9769], [-9.23564, 43.03579], [-9.20599, 43.107], [-9.18981, 43.10232], [-9.17683, 43.10558], [-9.14122, 43.13487], [-9.10774, 43.14114], [-9.10774, 43.1485], [-9.14708, 43.1387], [-9.16332, 43.13976], [-9.16226, 43.1485], [-9.19359, 43.13677], [-9.17808, 43.17402], [-9.12808, 43.19837], [-9.10041, 43.18952], [-9.0524, 43.19636], [-9.02697, 43.21015], [-9.01155, 43.23876], [-9.00406, 43.23876], [-8.98575, 43.22687], [-8.95897, 43.22748], [-8.93253, 43.2353], [-8.91527, 43.24502], [-8.93639, 43.24409], [-8.94815, 43.24995], [-8.96312, 43.27228], [-8.97049, 43.27316], [-8.92126, 43.30431], [-8.88801, 43.32075], [-8.8566, 43.32689], [-8.85077, 43.33246], [-8.80748, 43.32875], [-8.78555, 43.31245], [-8.76854, 43.30707], [-8.6931, 43.2934], [-8.63003, 43.31586], [-8.59252, 43.3242], [-8.55842, 43.31322], [-8.50597, 43.33153], [-8.48607, 43.35432], [-8.45572, 43.36335], [-8.44302, 43.37531], [-8.3883, 43.38589], [-8.38467, 43.37271], [-8.37572, 43.36298], [-8.35359, 43.34862], [-8.34081, 43.35993], [-8.33727, 43.36905], [-8.33991, 43.39273], [-8.33072, 43.40567], [-8.31062, 43.40314], [-8.2672, 43.38593], [-8.25056, 43.35489], [-8.21727, 43.32831], [-8.21019, 43.31322], [-8.20246, 43.32925], [-8.20962, 43.39069], [-8.20482, 43.39973], [-8.1754, 43.41633], [-8.19506, 43.42324], [-8.24714, 43.42308], [-8.26961, 43.43114], [-8.24893, 43.4394], [-8.25045, 43.46538], [-8.17878, 43.47329], [-8.16698, 43.48456], [-8.16857, 43.49201], [-8.25121, 43.47848], [-8.25145, 43.48253], [-8.24372, 43.48517], [-8.25187, 43.48963], [-8.2523, 43.49692], [-8.28887, 43.5396], [-8.26834, 43.56533], [-8.23225, 43.57551], [-8.08594, 43.65431], [-8.083, 43.64545], [-8.07462, 43.63963], [-8.05187, 43.64281], [-8.06554, 43.64281], [-8.06554, 43.64907], [-8.05187, 43.65648], [-8.06537, 43.66446], [-8.00469, 43.69438], [-7.87694, 43.70498], [-7.87979, 43.69196], [-7.87377, 43.68448], [-7.8841, 43.67862], [-7.89489, 43.68448], [-7.90856, 43.67699], [-7.90856, 43.67015], [-7.85839, 43.6682], [-7.84923, 43.6756], [-7.86758, 43.69746], [-7.84386, 43.7038], [-7.81916, 43.69746], [-7.82604, 43.71174], [-7.81415, 43.72135], [-7.69815, 43.76455], [-7.68156, 43.75859], [-7.69563, 43.74592], [-7.69616, 43.73151], [-7.69156, 43.72724], [-7.67516, 43.73163], [-7.67247, 43.74384], [-7.65302, 43.74834], [-7.63863, 43.74317], [-7.61303, 43.70429], [-7.61596, 43.68854], [-7.60717, 43.69111], [-7.58642, 43.71796], [-7.57429, 43.71454], [-7.55578, 43.72761], [-7.54141, 43.73163], [-7.49014, 43.72533], [-7.38447, 43.68487], [-7.35265, 43.66142], [-7.30411, 43.59858], [-7.25674, 43.58161], [-7.27107, 43.56863], [-7.27107, 43.56114], [-7.25772, 43.55667], [-7.23009, 43.56863], [-7.15697, 43.55927], [-7.09581, 43.561], [-7.06099, 43.55396], [-7.04138, 43.55783], [-7.03234, 43.55301], [-7.03087, 43.53323], [-7.05362, 43.49653], [-7.04459, 43.47919], [-7.03832, 43.47919], [-7.02375, 43.52582], [-7.01037, 43.53323], [-7.00137, 43.55667], [-6.94396, 43.56599], [-6.77082, 43.56863], [-6.70372, 43.55756], [-6.64867, 43.57905], [-6.59773, 43.57522], [-6.51012, 43.54747], [-6.48827, 43.55512], [-6.46296, 43.55496], [-6.46911, 43.57538], [-6.41763, 43.56114], [-6.36612, 43.56863], [-6.31461, 43.56863], [-6.24999, 43.58405], [-6.2364, 43.59431], [-6.22277, 43.59589], [-6.17805, 43.57538], [-6.10041, 43.5692], [-6.08495, 43.57538], [-6.06916, 43.56969], [-6.02351, 43.58845], [-5.90738, 43.58845], [-5.90217, 43.59752], [-5.91308, 43.61286], [-5.90062, 43.62324], [-5.90487, 43.63257], [-5.84668, 43.64507], [-5.75488, 43.6133], [-5.70885, 43.56863], [-5.70198, 43.56863], [-5.69677, 43.58283], [-5.67748, 43.56114], [-5.6256, 43.55496], [-5.42422, 43.56114], [-5.39387, 43.55524], [-5.39074, 43.54133], [-5.42081, 43.51337], [-5.41393, 43.50654], [-5.37243, 43.52021], [-5.3568, 43.5386], [-5.29988, 43.53767], [-5.2119, 43.49836], [-5.17789, 43.48937], [-5.09166, 43.48627], [-5.0677, 43.48139], [-5.05704, 43.46861], [-5.04503, 43.47431], [-4.97517, 43.45877], [-4.94103, 43.47175], [-4.90762, 43.46064], [-4.83654, 43.44977], [-4.73493, 43.4171], [-4.50817, 43.40245], [-4.48168, 43.38361], [-4.4608, 43.39871], [-4.43253, 43.40261], [-4.4049, 43.397], [-4.37926, 43.38361], [-4.36876, 43.39619], [-4.35936, 43.39968], [-4.31281, 43.39578], [-4.18859, 43.40538], [-4.16096, 43.42117], [-4.09773, 43.43561], [-4.0292, 43.43826], [-4.02343, 43.44094], [-4.0209, 43.45038], [-4.01277, 43.4525], [-3.98143, 43.43826], [-3.96101, 43.4451], [-3.9746, 43.4525], [-3.9746, 43.45877], [-3.94005, 43.47712], [-3.92272, 43.48261], [-3.90632, 43.47919], [-3.89379, 43.48489], [-3.88585, 43.47919], [-3.85399, 43.49281], [-3.77055, 43.47873], [-3.81265, 43.46487], [-3.84431, 43.4451], [-3.82384, 43.43077], [-3.83153, 43.42906], [-3.83129, 43.42459], [-3.81119, 43.42548], [-3.7965, 43.43077], [-3.77229, 43.4525], [-3.74498, 43.43826], [-3.74071, 43.44233], [-3.74303, 43.45136], [-3.75552, 43.46552], [-3.75552, 43.47175], [-3.72887, 43.46552], [-3.72142, 43.47175], [-3.72887, 43.47919], [-3.68838, 43.48424], [-3.65608, 43.50068], [-3.58363, 43.51729], [-3.55465, 43.51427], [-3.55626, 43.4997], [-3.53905, 43.49897], [-3.50536, 43.47919], [-3.45564, 43.47289], [-3.42742, 43.45707], [-3.42862, 43.44684], [-3.43261, 43.44542], [-3.44701, 43.4451], [-3.47004, 43.45417], [-3.47777, 43.44306], [-3.5017, 43.43077], [-3.4818, 43.42805], [-3.46109, 43.41246], [-3.44701, 43.43077], [-3.43619, 43.41901], [-3.39249, 43.42459], [-3.33031, 43.41035], [-3.26895, 43.40412], [-3.21052, 43.38984], [-3.17691, 43.36624], [-3.1315, 43.35578], [-3.11238, 43.35407], [-3.08951, 43.36689], [-3.00817, 43.32091], [-3.02929, 43.37617], [-2.99942, 43.39435], [-2.93993, 43.4171], [-2.93993, 43.42459], [-2.94669, 43.42459], [-2.94669, 43.43077], [-2.93008, 43.43793], [-2.80216, 43.4431], [-2.72411, 43.43096], [-2.70653, 43.41368], [-2.69494, 43.38862], [-2.69103, 43.36754], [-2.67927, 43.38984], [-2.67781, 43.4062], [-2.6612, 43.41193], [-2.48351, 43.37063], [-2.46443, 43.34923], [-2.36742, 43.3157], [-2.32706, 43.30683], [-2.28466, 43.30349], [-2.19628, 43.31476], [-2.17447, 43.29743], [-2.16222, 43.29426], [-2.14485, 43.30109], [-2.1278, 43.28742], [-2.09887, 43.30414], [-1.99462, 43.32844], [-1.96036, 43.34309], [-1.94563, 43.34264], [-1.91869, 43.32099], [-1.90465, 43.32844], [-1.92569, 43.34264], [-1.88492, 43.35602], [-1.8474, 43.38093], [-1.81127, 43.39509], [-1.79407, 43.38602], [-1.79691, 43.34113], [-1.76823, 43.33092]]], [[[-6.26226, 36.51728], [-6.24897, 36.50475], [-6.254, 36.49644], [-6.26226, 36.51728]]], [[[-6.34685, 36.82181], [-6.35245, 36.80858], [-6.35619, 36.80854], [-6.34685, 36.82181]]], [[[1.47422, 38.6746], [1.45809, 38.68134], [1.43999, 38.671], [1.40576, 38.671], [1.40195, 38.71143], [1.40922, 38.72489], [1.41814, 38.72789], [1.42791, 38.73937], [1.43133, 38.75487], [1.43539, 38.75536], [1.48609, 38.69457], [1.52638, 38.67777], [1.56568, 38.69149], [1.58237, 38.67491], [1.58193, 38.66508], [1.57119, 38.65884], [1.47422, 38.6746]]], [[[3.4131, 39.63508], [3.40187, 39.62324], [3.39925, 39.61045], [3.32325, 39.52387], [3.29176, 39.47578], [3.24473, 39.38662], [3.15459, 39.33325], [3.07285, 39.30127], [2.99595, 39.33113], [2.99138, 39.34728], [2.95883, 39.36323], [2.93816, 39.36437], [2.92234, 39.35972], [2.9001, 39.36836], [2.79981, 39.38506], [2.76982, 39.41025], [2.74975, 39.4945], [2.75489, 39.50263], [2.7435, 39.52338], [2.7151, 39.54352], [2.68165, 39.55866], [2.65528, 39.56472], [2.5691, 39.53152], [2.55384, 39.51543], [2.49951, 39.47788], [2.47276, 39.51243], [2.48064, 39.51622], [2.45395, 39.53742], [2.44879, 39.53201], [2.39434, 39.54038], [2.37002, 39.57207], [2.37129, 39.61309], [2.42937, 39.64667], [2.45045, 39.65034], [2.46827, 39.65937], [2.52708, 39.70413], [2.56967, 39.71308], [2.61769, 39.7497], [2.62635, 39.76214], [2.64038, 39.77034], [2.65187, 39.77013], [2.6782, 39.79244], [2.78496, 39.85483], [2.82322, 39.87191], [2.8436, 39.87259], [2.87306, 39.88349], [2.93328, 39.9145], [3.07569, 39.9361], [3.17353, 39.96691], [3.18381, 39.96442], [3.19263, 39.9556], [3.17873, 39.94012], [3.14088, 39.92809], [3.11549, 39.90876], [3.09693, 39.91352], [3.09474, 39.88121], [3.13022, 39.87641], [3.19863, 39.88984], [3.19092, 39.86138], [3.17516, 39.84925], [3.13356, 39.83954], [3.12631, 39.83185], [3.12485, 39.8111], [3.13649, 39.78876], [3.16261, 39.76911], [3.19483, 39.75499], [3.22389, 39.7497], [3.29249, 39.7497], [3.30991, 39.75507], [3.34034, 39.779], [3.3545, 39.78437], [3.38315, 39.77794], [3.43979, 39.75198], [3.45095, 39.75124], [3.46182, 39.69775], [3.42154, 39.63746], [3.4131, 39.63508]]], [[[4.31442, 39.88253], [4.30291, 39.8876], [4.3016, 39.85742], [4.29365, 39.84185], [4.27529, 39.83027], [3.96768, 39.94585], [3.86719, 39.95874], [3.84268, 39.97637], [3.85052, 39.98387], [3.84324, 39.98882], [3.84541, 40.03648], [3.85024, 40.05249], [3.89153, 40.05956], [3.91546, 40.05199], [4.01189, 40.05956], [4.05201, 40.05817], [4.0845, 40.0686], [4.11571, 40.0606], [4.13909, 40.04593], [4.13543, 40.02823], [4.14226, 40.02481], [4.16553, 40.04782], [4.17264, 40.046], [4.20672, 40.02481], [4.22722, 40.00491], [4.25207, 39.9985], [4.27337, 39.96996], [4.27239, 39.95535], [4.25457, 39.94969], [4.27011, 39.94375], [4.29552, 39.94251], [4.3073, 39.91055], [4.32033, 39.89411], [4.31442, 39.88253]]]]}}, {"type": "Feature", "properties": {"bidding_zone": "FI"}, "geometry": {"type": "MultiPolygon", "coordinates": [[[[21.64638, 60.14441], [21.61329, 60.1291], [21.63022, 60.12849], [21.63697, 60.12368], [21.62656, 60.10761], [21.59285, 60.1038], [21.57203, 60.10737], [21.53417, 60.10132], [21.49782, 60.12057], [21.55812, 60.12165], [21.549, 60.13345], [21.53305, 60.13703], [21.49659, 60.13532], [21.52368, 60.15497], [21.57106, 60.17036], [21.61451, 60.16889], [21.63799, 60.16119], [21.64638, 60.14441]]], [[[21.43929, 60.49097], [21.43153, 60.48347], [21.39226, 60.48998], [21.37127, 60.50837], [21.36012, 60.53319], [21.33611, 60.51944], [21.32862, 60.52534], [21.32594, 60.54316], [21.33383, 60.55736], [21.35255, 60.56184], [21.38075, 60.56051], [21.41098, 60.54291], [21.45088, 60.52959], [21.43929, 60.49097]]], [[[21.23845, 60.54194], [21.23137, 60.55988], [21.25025, 60.55988], [21.27849, 60.5423], [21.30494, 60.51895], [21.32445, 60.48278], [21.28955, 60.48846], [21.25809, 60.51457], [21.26059, 60.51972], [21.25294, 60.5314], [21.23845, 60.54194]]], [[[21.23316, 60.5939], [21.21801, 60.60955], [21.22471, 60.6206], [21.26807, 60.63828], [21.28906, 60.61126], [21.27833, 60.58613], [21.2815, 60.57563], [21.29868, 60.57416], [21.29868, 60.56733], [21.28102, 60.56635], [21.26441, 60.58784], [21.23316, 60.5939]]], [[[21.37428, 60.93041], [21.36696, 60.92646], [21.36576, 60.93414], [21.37428, 60.93041]]], [[[21.38054, 63.20588], [21.3628, 63.20624], [21.29119, 63.17792], [21.29119, 63.17113], [21.31183, 63.16669], [21.30977, 63.16269], [21.25342, 63.152], [21.22342, 63.16568], [21.20737, 63.18334], [21.18881, 63.1916], [21.17479, 63.18785], [21.15158, 63.19843], [21.15455, 63.20588], [21.13826, 63.21266], [21.08389, 63.27754], [21.10564, 63.27757], [21.12029, 63.27196], [21.23633, 63.27773], [21.21518, 63.26386], [21.19508, 63.23941], [21.19947, 63.23029], [21.19508, 63.22578], [21.20948, 63.22138], [21.26441, 63.21955], [21.28679, 63.21137], [21.29786, 63.22305], [21.29336, 63.23047], [21.36358, 63.26072], [21.4217, 63.24598], [21.41521, 63.23347], [21.41562, 63.19736], [21.37463, 63.20153], [21.38054, 63.20588]]], [[[21.86045, 60.19413], [21.84098, 60.15583], [21.79151, 60.15583], [21.82618, 60.1496], [21.79656, 60.14138], [21.80567, 60.13532], [21.78175, 60.12286], [21.75213, 60.11518], [21.72023, 60.11371], [21.69623, 60.12151], [21.70688, 60.12958], [21.70265, 60.14216], [21.7225, 60.1496], [21.7225, 60.15583], [21.70509, 60.16071], [21.70818, 60.17178], [21.74653, 60.19093], [21.79957, 60.1966], [21.86045, 60.19413]]], [[[22.23227, 60.18496], [22.20924, 60.20425], [22.22242, 60.22386], [22.24586, 60.24307], [22.27166, 60.253], [22.29176, 60.24518], [22.29689, 60.22126], [22.2693, 60.19587], [22.23227, 60.18496]]], [[[22.31217, 60.26578], [22.28981, 60.27314], [22.261, 60.25886], [22.20086, 60.25434], [22.21664, 60.26569], [22.20395, 60.27631], [22.18116, 60.28132], [22.14088, 60.27871], [22.1819, 60.27871], [22.16334, 60.25922], [22.14675, 60.26121], [22.07772, 60.28614], [22.10678, 60.31346], [22.24977, 60.31147], [22.3213, 60.29706], [22.33961, 60.2862], [22.33793, 60.27812], [22.31289, 60.26997], [22.31217, 60.26578]]], [[[22.15707, 60.3583], [22.19891, 60.36639], [22.26631, 60.35405], [22.19109, 60.34174], [22.17018, 60.34418], [22.15724, 60.35187], [22.15707, 60.3583]]], [[[22.12995, 60.35709], [22.1751, 60.37075], [22.18202, 60.36948], [22.12995, 60.35709]]], [[[21.84604, 60.40965], [21.84604, 60.41649], [21.81934, 60.45229], [21.82725, 60.46992], [21.90093, 60.44081], [21.90463, 60.43163], [21.92406, 60.4239], [21.95029, 60.40171], [21.93522, 60.39868], [21.90699, 60.40176], [21.89454, 60.39598], [21.94702, 60.37249], [21.94223, 60.36811], [21.95439, 60.36861], [21.97978, 60.35522], [21.98324, 60.35079], [21.96339, 60.3476], [21.99064, 60.34129], [21.99424, 60.33667], [21.91976, 60.33311], [21.81865, 60.38184], [21.80566, 60.40122], [21.84604, 60.40965]]], [[[22.20867, 63.27326], [22.20791, 63.27327], [22.21044, 63.27411], [22.20867, 63.27326]]], [[[22.14422, 63.25141], [22.14116, 63.25107], [22.14418, 63.25208], [22.14422, 63.25141]]], [[[22.44947, 60.06647], [22.44956, 60.05264], [22.43857, 60.07528], [22.44947, 60.06647]]], [[[22.94947, 60.27045], [22.88453, 60.2353], [22.8727, 60.21505], [22.86709, 60.21582], [22.85921, 60.20566], [22.83985, 60.20112], [22.83351, 60.19306], [22.83983, 60.17109], [22.81935, 60.16267], [22.83579, 60.1575], [22.81914, 60.10137], [22.79346, 60.07681], [22.69736, 60.0376], [22.64619, 60.02803], [22.58492, 60.02842], [22.59344, 60.04658], [22.56159, 60.02857], [22.47054, 60.02915], [22.47731, 60.04658], [22.47145, 60.05899], [22.47633, 60.08222], [22.47364, 60.09097], [22.44539, 60.10216], [22.458, 60.12415], [22.50082, 60.13532], [22.60027, 60.13532], [22.60027, 60.14216], [22.46986, 60.1474], [22.44268, 60.15689], [22.46021, 60.18569], [22.56658, 60.1933], [22.62062, 60.21109], [22.81495, 60.227], [22.84352, 60.24177], [22.89096, 60.28555], [22.92075, 60.2967], [22.95639, 60.29295], [22.94947, 60.27045]]], [[[22.29129, 60.16561], [22.30454, 60.18879], [22.34785, 60.19874], [22.35747, 60.17362], [22.32779, 60.16559], [22.29129, 60.16561]]], [[[22.36744, 60.29295], [22.38795, 60.32095], [22.3506, 60.31367], [22.31284, 60.32095], [22.32936, 60.33735], [22.36122, 60.35045], [22.41553, 60.30337], [22.3839, 60.29308], [22.36744, 60.29295]]], [[[26.53853, 60.41421], [26.53467, 60.41289], [26.53445, 60.41373], [26.53853, 60.41421]]], [[[26.58025, 60.43464], [26.59344, 60.44595], [26.6213, 60.43981], [26.58066, 60.42857], [26.58025, 60.43464]]], [[[28.44424, 68.86582], [28.56438, 68.86931], [28.70596, 68.86553], [28.74482, 68.85644], [28.77285, 68.84004], [28.77764, 68.81382], [28.75205, 68.77144], [28.61986, 68.65813], [28.44791, 68.52972], [28.44744, 68.51489], [28.46098, 68.49107], [28.66376, 68.204], [28.69032, 68.18318], [28.72722, 68.17269], [29.02086, 68.12598], [29.34385, 68.06186], [29.4723, 67.96732], [29.65119, 67.82356], [29.71382, 67.7925], [29.82864, 67.75107], [29.9792, 67.68857], [29.98674, 67.67133], [29.97768, 67.66223], [29.96952, 67.6204], [29.94121, 67.54746], [29.75059, 67.42642], [29.51983, 67.29817], [29.50145, 67.27719], [29.4294, 67.23277], [29.09991, 66.99113], [29.05154, 66.9078], [29.08916, 66.83755], [29.29326, 66.69551], [29.39556, 66.59484], [29.40134, 66.57622], [29.46556, 66.53079], [29.54382, 66.44029], [29.55166, 66.41279], [29.5697, 66.37817], [29.59321, 66.34593], [29.65088, 66.28789], [29.81221, 66.16957], [29.90342, 66.09106], [29.95846, 65.97388], [29.98849, 65.94167], [30.0875, 65.78652], [30.10273, 65.72627], [30.09531, 65.68169], [30.03016, 65.67089], [30.00301, 65.67814], [29.76426, 65.64809], [29.70287, 65.62938], [29.73232, 65.60871], [29.76436, 65.59844], [29.81943, 65.56875], [29.78228, 65.53001], [29.74545, 65.5114], [29.72633, 65.49151], [29.71816, 65.45417], [29.72289, 65.42031], [29.71484, 65.33696], [29.64895, 65.28863], [29.61512, 65.2694], [29.58009, 65.2354], [29.6267, 65.21522], [29.70078, 65.21635], [29.81055, 65.20474], [29.82617, 65.1853], [29.82672, 65.15698], [29.80912, 65.14522], [29.80819, 65.1353], [29.81925, 65.1273], [29.81084, 65.10791], [29.7349, 65.08484], [29.66783, 65.07794], [29.62732, 65.06223], [29.59838, 65.03438], [29.58815, 64.99143], [29.63362, 64.90715], [29.69832, 64.83914], [29.78028, 64.79558], [29.87785, 64.78483], [29.92817, 64.78465], [30.07285, 64.76504], [30.10932, 64.73338], [30.10682, 64.72561], [30.11774, 64.71165], [30.12617, 64.68809], [30.12012, 64.64463], [30.04403, 64.59549], [29.9658, 64.57864], [29.95484, 64.56898], [29.96849, 64.56283], [29.98078, 64.51555], [29.99153, 64.51322], [29.9905, 64.50418], [30.00268, 64.50076], [30.0502, 64.43367], [30.04104, 64.42294], [30.03246, 64.39695], [30.05298, 64.37809], [30.09313, 64.36124], [30.16444, 64.34191], [30.2175, 64.33371], [30.39062, 64.28242], [30.44598, 64.25076], [30.4618, 64.24884], [30.48789, 64.23652], [30.51377, 64.2], [30.52793, 64.14111], [30.52607, 64.0773], [30.50391, 64.02061], [30.41533, 63.94751], [30.38269, 63.92456], [30.32857, 63.896], [30.30013, 63.86651], [30.21025, 63.80332], [30.05127, 63.76376], [29.98078, 63.74154], [30.00115, 63.71534], [30.24247, 63.5818], [30.32112, 63.55368], [30.42794, 63.50062], [30.46107, 63.47287], [30.64303, 63.42196], [30.91666, 63.3219], [30.97494, 63.28916], [31.06075, 63.26212], [31.18086, 63.2083], [31.23519, 63.15413], [31.25084, 63.11548], [31.26277, 63.10059], [31.28851, 63.08473], [31.33904, 63.06667], [31.43334, 63.00993], [31.50928, 62.95532], [31.53636, 62.91931], [31.53398, 62.8854], [31.44126, 62.7887], [31.41057, 62.74653], [31.38242, 62.69165], [31.2783, 62.5614], [31.18672, 62.4814], [31.15296, 62.46735], [31.13549, 62.44922], [31.05231, 62.39699], [30.98062, 62.3588], [30.93574, 62.32378], [30.81864, 62.26171], [30.70384, 62.21039], [30.64772, 62.19277], [30.60721, 62.15127], [30.46096, 62.05704], [30.33957, 61.99167], [30.00996, 61.75737], [29.90111, 61.68972], [29.84224, 61.66017], [29.82188, 61.64458], [29.81068, 61.62816], [29.69014, 61.54609], [29.58037, 61.49392], [29.53973, 61.48496], [29.51704, 61.47506], [29.48371, 61.4386], [29.37429, 61.36749], [29.3184, 61.33843], [29.25166, 61.28779], [29.01061, 61.17714], [28.92638, 61.14795], [28.85548, 61.11268], [28.7976, 61.09684], [28.75584, 61.06603], [28.68898, 61.02739], [28.66275, 61.00277], [28.56816, 60.96021], [28.48093, 60.93347], [28.33592, 60.85939], [28.20752, 60.77871], [28.14813, 60.75771], [27.98101, 60.64948], [27.89295, 60.60426], [27.80787, 60.55305], [27.76205, 60.58015], [27.73951, 60.57416], [27.75318, 60.55988], [27.73618, 60.55557], [27.73341, 60.54426], [27.7448, 60.52668], [27.66934, 60.49898], [27.64066, 60.49734], [27.64576, 60.50357], [27.69166, 60.51895], [27.63217, 60.52167], [27.61598, 60.51211], [27.6097, 60.49558], [27.55738, 60.49261], [27.50847, 60.51386], [27.47267, 60.50585], [27.48634, 60.50194], [27.49317, 60.49225], [27.47267, 60.47797], [27.48454, 60.474], [27.4624, 60.46484], [27.27292, 60.52829], [27.30812, 60.52578], [27.21192, 60.55988], [27.22771, 60.57958], [27.21461, 60.58495], [27.19174, 60.57974], [27.17774, 60.56733], [27.19297, 60.54172], [27.13364, 60.53334], [27.12403, 60.54352], [27.11256, 60.54682], [27.09571, 60.5292], [27.08575, 60.52658], [27.05437, 60.54682], [27.03338, 60.54182], [27.02442, 60.53608], [27.02711, 60.51992], [27.01173, 60.50947], [27.00147, 60.49318], [26.9769, 60.48355], [26.93141, 60.48542], [26.95117, 60.47148], [26.92133, 60.46935], [26.91472, 60.47455], [26.86405, 60.46526], [26.79723, 60.46049], [26.81471, 60.48542], [26.79705, 60.48591], [26.75685, 60.47663], [26.74244, 60.468], [26.73954, 60.45637], [26.6478, 60.44385], [26.63592, 60.45063], [26.59441, 60.4523], [26.57716, 60.44733], [26.57447, 60.43696], [26.5534, 60.43301], [26.52783, 60.43976], [26.51973, 60.47158], [26.53958, 60.51857], [26.56365, 60.54336], [26.56764, 60.54995], [26.56613, 60.56067], [26.60247, 60.60051], [26.62501, 60.60961], [26.66668, 60.60643], [26.75318, 60.57416], [26.73178, 60.61286], [26.69923, 60.6402], [26.65919, 60.6518], [26.61549, 60.64305], [26.58953, 60.62639], [26.56934, 60.62456], [26.4958, 60.55181], [26.48332, 60.52485], [26.46583, 60.50812], [26.45644, 60.4668], [26.37773, 60.42407], [26.29893, 60.41611], [26.24562, 60.45087], [26.23178, 60.45063], [26.22934, 60.43842], [26.25967, 60.41215], [26.19919, 60.40882], [26.03603, 60.4749], [25.98423, 60.47446], [25.9463, 60.4842], [25.91725, 60.48542], [25.91725, 60.47797], [25.96346, 60.46692], [26.00625, 60.42529], [26.02137, 60.4014], [26.00685, 60.40054], [26.01222, 60.38858], [26.04023, 60.37158], [26.03584, 60.3415], [26.01269, 60.34286], [25.99708, 60.35493], [26.00587, 60.36811], [25.9935, 60.36782], [25.96803, 60.35505], [25.95655, 60.35602], [25.88836, 60.38915], [25.84205, 60.40217], [25.8777, 60.37792], [25.91725, 60.36127], [25.90724, 60.34097], [25.89605, 60.33075], [25.8458, 60.3146], [25.80408, 60.29223], [25.75375, 60.32075], [25.73902, 60.31346], [25.74537, 60.2958], [25.78455, 60.28176], [25.75801, 60.26753], [25.71543, 60.26743], [25.66393, 60.32485], [25.67058, 60.32746], [25.64967, 60.33393], [25.64967, 60.34138], [25.70436, 60.34138], [25.6902, 60.36286], [25.66863, 60.36465], [25.60271, 60.33857], [25.52613, 60.32709], [25.52613, 60.32095], [25.54127, 60.31635], [25.54609, 60.30153], [25.45576, 60.26123], [25.36283, 60.25485], [25.36345, 60.26008], [25.35092, 60.26724], [25.31381, 60.27253], [25.32109, 60.25199], [25.26241, 60.2457], [25.19752, 60.24518], [25.19215, 60.24384], [25.19093, 60.22846], [25.1858, 60.22313], [25.15626, 60.23216], [25.15504, 60.22378], [25.19225, 60.21171], [25.15586, 60.19409], [25.09737, 60.18329], [25.10157, 60.19062], [25.05662, 60.17576], [25.00388, 60.16602], [25.02149, 60.18399], [25.02589, 60.19945], [25.01905, 60.21109], [24.99879, 60.21284], [24.98455, 60.19945], [24.96472, 60.15878], [24.95762, 60.15747], [24.84992, 60.15834], [24.87094, 60.16169], [24.86883, 60.17975], [24.84246, 60.19465], [24.80681, 60.19062], [24.82732, 60.16267], [24.7894, 60.14781], [24.64553, 60.12226], [24.63063, 60.1363], [24.55405, 60.15595], [24.549, 60.15278], [24.56039, 60.14216], [24.59685, 60.12726], [24.58766, 60.11481], [24.54802, 60.09968], [24.54038, 60.08755], [24.57704, 60.09495], [24.51797, 60.04629], [24.44561, 60.02129], [24.43962, 60.02251], [24.46412, 60.04658], [24.44614, 60.04751], [24.41036, 60.02849], [24.35881, 60.03902], [24.36085, 60.0624], [24.36793, 60.07392], [24.31967, 60.07583], [24.29591, 60.07221], [24.27858, 60.06025], [24.29225, 60.0528], [24.25245, 60.03974], [24.17652, 60.04804], [24.15846, 60.04304], [24.15797, 60.03449], [24.18252, 60.02561], [24.14767, 60.02197], [24.10597, 60.03193], [24.06813, 60.02058], [24.0464, 60.02546], [24.02836, 60.00951], [24.00961, 60.01057], [24.00261, 60.02098], [24.01922, 60.03229], [24.01922, 60.03974], [24.00082, 60.03828], [23.97071, 60.01179], [23.94068, 59.99934], [23.87306, 59.99307], [23.85686, 59.98504], [23.72178, 59.96567], [23.59268, 59.96816], [23.5735, 59.97769], [23.54375, 59.97501], [23.46357, 59.98623], [23.44952, 59.98002], [23.48357, 60.0113], [23.4983, 60.01927], [23.54086, 60.02912], [23.54274, 60.03604], [23.53435, 60.0537], [23.54615, 60.07392], [23.4983, 60.0633], [23.47877, 60.03612], [23.45379, 60.02798], [23.43971, 59.99445], [23.40797, 59.98041], [23.365, 59.94538], [23.31717, 59.92045], [23.23715, 59.89802], [23.22234, 59.88622], [23.2223, 59.86765], [23.18145, 59.84492], [23.05439, 59.82199], [22.96387, 59.82637], [22.99333, 59.8536], [23.12745, 59.88638], [23.16814, 59.8889], [23.16114, 59.91022], [23.16586, 59.91767], [23.22242, 59.91608], [23.24708, 59.92243], [23.29371, 59.95869], [23.32643, 60.00934], [23.33286, 60.02985], [23.31593, 60.02241], [23.24977, 59.94847], [23.2234, 59.92988], [23.20362, 59.92988], [23.20973, 59.94355], [23.18881, 59.95018], [23.16814, 59.94355], [23.17123, 59.93643], [23.14919, 59.94007], [23.18848, 59.97222], [23.19315, 59.9955], [23.20362, 59.9975], [23.24138, 60.03311], [23.25758, 60.03974], [23.20509, 60.04971], [23.13669, 60.04233], [23.08018, 60.04727], [23.00237, 60.09363], [23.04591, 60.12165], [23.0254, 60.13532], [23.00489, 60.10737], [22.99135, 60.1023], [22.91172, 60.20972], [22.89898, 60.21146], [22.94288, 60.24518], [23.00758, 60.277], [23.0254, 60.29295], [23.04591, 60.32709], [23.08286, 60.34589], [23.08058, 60.35505], [23.06031, 60.35733], [23.03419, 60.34394], [23.01059, 60.32396], [22.99806, 60.30663], [22.94117, 60.31647], [22.87713, 60.30109], [22.73618, 60.23819], [22.61118, 60.21996], [22.56792, 60.20878], [22.59344, 60.23216], [22.58963, 60.23269], [22.58799, 60.25566], [22.58449, 60.25601], [22.59034, 60.26227], [22.64812, 60.27871], [22.5984, 60.27578], [22.54663, 60.25977], [22.5167, 60.26274], [22.51231, 60.28135], [22.5642, 60.34481], [22.59636, 60.36367], [22.62761, 60.37539], [22.63136, 60.38955], [22.62428, 60.39907], [22.58363, 60.37742], [22.58496, 60.38057], [22.56035, 60.38501], [22.52051, 60.37656], [22.46762, 60.38147], [22.48357, 60.40217], [22.38204, 60.38941], [22.25791, 60.40093], [22.18149, 60.43049], [22.11056, 60.44613], [22.10816, 60.45685], [22.10108, 60.46214], [22.08937, 60.45263], [21.98124, 60.4858], [21.9839, 60.49225], [21.96019, 60.49225], [21.93936, 60.49865], [21.95037, 60.51895], [21.93165, 60.52497], [21.87403, 60.52953], [21.85353, 60.52578], [21.84693, 60.51874], [21.81317, 60.57985], [21.81959, 60.58503], [21.84604, 60.58784], [21.83326, 60.5965], [21.82846, 60.60639], [21.84051, 60.62873], [21.77394, 60.60395], [21.73867, 60.58457], [21.67897, 60.57648], [21.66179, 60.56733], [21.66348, 60.55386], [21.61328, 60.53096], [21.53297, 60.56804], [21.57862, 60.55988], [21.57862, 60.56733], [21.51781, 60.57325], [21.43604, 60.59639], [21.43056, 60.60514], [21.46266, 60.60175], [21.46998, 60.6083], [21.41474, 60.63042], [21.41064, 60.63696], [21.41159, 60.68172], [21.43898, 60.68032], [21.44565, 60.69286], [21.42213, 60.725], [21.46998, 60.725], [21.46998, 60.73115], [21.4485, 60.73225], [21.4067, 60.74341], [21.405, 60.75853], [21.42213, 60.7591], [21.40227, 60.77312], [21.37676, 60.86376], [21.40789, 60.86457], [21.4284, 60.8758], [21.37371, 60.88459], [21.36982, 60.90815], [21.3908, 60.91682], [21.41619, 60.90323], [21.4284, 60.90253], [21.41277, 60.9335], [21.39259, 60.93903], [21.36229, 60.97679], [21.37464, 61.04274], [21.40886, 61.04328], [21.40773, 61.05073], [21.37773, 61.05923], [21.39527, 61.0694], [21.45387, 61.055], [21.48227, 61.06013], [21.45484, 61.07819], [21.45045, 61.09077], [21.46315, 61.10114], [21.45108, 61.1273], [21.4646, 61.14816], [21.46998, 61.14956], [21.46543, 61.14944], [21.48141, 61.17793], [21.50343, 61.17744], [21.49659, 61.19111], [21.55812, 61.20417], [21.54347, 61.22508], [21.50069, 61.24004], [21.51306, 61.27985], [21.54444, 61.27985], [21.54444, 61.32087], [21.53077, 61.33446], [21.53077, 61.35497], [21.51939, 61.38052], [21.52111, 61.40942], [21.54168, 61.40839], [21.57244, 61.41641], [21.54225, 61.44212], [21.50258, 61.45992], [21.50575, 61.47897], [21.55567, 61.47517], [21.59213, 61.48534], [21.5656, 61.51948], [21.5345, 61.51909], [21.49824, 61.55195], [21.52241, 61.56711], [21.62338, 61.54588], [21.68686, 61.52448], [21.71632, 61.51948], [21.71632, 61.52692], [21.64812, 61.56029], [21.61427, 61.58544], [21.59181, 61.62812], [21.57477, 61.63496], [21.55185, 61.66685], [21.54386, 61.70527], [21.57032, 61.69501], [21.58595, 61.69766], [21.55934, 61.71332], [21.53193, 61.72257], [21.48477, 61.79099], [21.48902, 61.79914], [21.48609, 61.81118], [21.46508, 61.81821], [21.4031, 61.89295], [21.41407, 61.90689], [21.39357, 61.91323], [21.38054, 61.93781], [21.34448, 61.93835], [21.29244, 61.9685], [21.29493, 61.97134], [21.25596, 61.98965], [21.30474, 62.11923], [21.31227, 62.10912], [21.32911, 62.13813], [21.33253, 62.15257], [21.32594, 62.16376], [21.34034, 62.17573], [21.38396, 62.19448], [21.3899, 62.20816], [21.38087, 62.21784], [21.35328, 62.232], [21.37428, 62.26679], [21.35231, 62.26602], [21.34654, 62.26094], [21.33304, 62.31115], [21.33351, 62.34056], [21.33904, 62.35554], [21.30794, 62.3496], [21.26057, 62.37105], [21.26531, 62.3852], [21.27752, 62.39647], [21.27068, 62.41079], [21.23471, 62.38277], [21.18679, 62.40448], [21.2024, 62.41763], [21.18605, 62.42357], [21.16417, 62.42031], [21.1398, 62.52148], [21.15455, 62.52749], [21.12796, 62.55468], [21.18816, 62.58487], [21.20924, 62.5821], [21.19353, 62.6009], [21.12159, 62.60944], [21.10361, 62.62295], [21.11776, 62.68741], [21.14967, 62.7038], [21.16082, 62.71931], [21.16017, 62.73017], [21.14029, 62.73296], [21.14385, 62.73999], [21.1957, 62.79053], [21.31053, 62.86047], [21.3357, 62.85545], [21.3567, 62.85952], [21.3908, 62.88032], [21.4143, 62.92367], [21.46315, 62.9514], [21.45935, 62.95953], [21.47353, 63.03325], [21.58431, 63.03703], [21.65675, 63.01789], [21.68849, 63.02709], [21.64568, 63.05524], [21.62226, 63.06526], [21.56865, 63.11372], [21.56635, 63.11867], [21.57244, 63.12336], [21.56517, 63.12121], [21.54922, 63.15552], [21.5479, 63.17126], [21.55193, 63.17113], [21.55193, 63.17792], [21.54726, 63.17877], [21.54512, 63.2043], [21.60026, 63.21151], [21.64723, 63.19766], [21.66798, 63.21955], [21.71469, 63.20234], [21.74236, 63.19965], [21.76417, 63.20588], [21.70265, 63.21955], [21.70265, 63.22491], [21.80039, 63.2377], [21.88789, 63.2125], [21.8899, 63.18818], [21.88087, 63.17792], [21.90553, 63.17544], [21.9839, 63.14322], [21.9559, 63.18476], [21.9944, 63.19644], [22.00441, 63.20588], [22.01424, 63.22814], [22.05892, 63.23488], [22.07203, 63.22578], [22.08758, 63.22578], [22.12721, 63.23941], [22.15919, 63.23176], [22.17506, 63.23261], [22.18019, 63.2355], [22.1819, 63.24681], [22.20297, 63.23941], [22.24464, 63.26708], [22.27343, 63.29505], [22.28669, 63.29946], [22.30763, 63.27586], [22.33009, 63.28384], [22.37371, 63.32136], [22.33383, 63.35969], [22.27389, 63.39395], [22.24326, 63.43794], [22.27324, 63.45479], [22.30494, 63.43586], [22.36695, 63.42829], [22.40162, 63.41816], [22.33583, 63.45157], [22.3126, 63.47256], [22.31865, 63.5044], [22.33124, 63.5023], [22.33334, 63.49323], [22.38022, 63.48542], [22.39682, 63.47696], [22.39479, 63.45234], [22.4074, 63.45694], [22.4358, 63.47281], [22.4284, 63.48876], [22.44945, 63.52639], [22.52766, 63.58026], [22.54566, 63.57518], [22.52872, 63.5956], [22.53232, 63.64785], [22.70549, 63.6753], [22.70265, 63.6577], [22.74049, 63.62299], [22.77345, 63.62751], [22.81023, 63.64374], [22.82927, 63.64623], [22.83351, 63.6673], [22.84034, 63.67764], [22.85548, 63.68716], [22.88697, 63.69522], [22.90187, 63.70551], [22.83489, 63.72553], [22.90187, 63.72602], [22.87469, 63.74653], [22.9004, 63.74006], [22.92579, 63.74339], [22.92921, 63.76435], [22.91745, 63.7698], [22.9568, 63.7909], [22.97316, 63.77098], [22.99, 63.7613], [23.00066, 63.76362], [23.0018, 63.77375], [22.99073, 63.7875], [22.99284, 63.81023], [23.01445, 63.82183], [23.10069, 63.85303], [23.12135, 63.84955], [23.13258, 63.85248], [23.15349, 63.86347], [23.14475, 63.86796], [23.22603, 63.88999], [23.27524, 63.8889], [23.30649, 63.89423], [23.32643, 63.91096], [23.35076, 63.89883], [23.37281, 63.90062], [23.41578, 63.92463], [23.37086, 63.94652], [23.37086, 63.956], [23.37865, 63.96943], [23.49395, 64.03447], [23.52395, 64.03632], [23.6045, 64.02766], [23.6198, 64.03803], [23.60833, 64.05716], [23.65842, 64.13745], [23.78284, 64.21149], [23.83351, 64.22687], [23.85161, 64.25241], [23.86143, 64.25825], [23.88702, 64.26466], [23.94337, 64.24677], [23.92671, 64.2763], [24.02227, 64.38599], [24.06861, 64.40559], [24.13305, 64.44193], [24.16928, 64.45222], [24.20574, 64.45222], [24.21079, 64.456], [24.21381, 64.48271], [24.2295, 64.48916], [24.25758, 64.48599], [24.26889, 64.49006], [24.28598, 64.51496], [24.34409, 64.53075], [24.36109, 64.54841], [24.35499, 64.57241], [24.37387, 64.57954], [24.37452, 64.5878], [24.36793, 64.59687], [24.37355, 64.612], [24.44063, 64.68013], [24.47096, 64.69929], [24.53028, 64.71784], [24.54607, 64.73338], [24.53369, 64.74657], [24.54371, 64.76472], [24.58766, 64.7812], [24.55503, 64.79454], [24.55791, 64.80102], [24.59821, 64.80316], [24.6683, 64.78913], [24.67677, 64.79955], [24.6643, 64.8097], [24.71473, 64.83538], [24.7317, 64.83584], [24.73391, 64.84515], [24.74756, 64.8521], [24.89698, 64.87311], [24.94219, 64.88403], [25.13428, 64.8752], [25.18716, 64.86083], [25.21762, 64.84146], [25.25929, 64.83584], [25.25929, 64.82958], [25.22511, 64.82274], [25.25953, 64.81647], [25.35483, 64.82958], [25.36215, 64.83308], [25.35043, 64.85171], [25.35182, 64.86066], [25.3685, 64.8985], [25.35955, 64.91112], [25.3213, 64.90473], [25.30633, 64.90888], [25.26888, 64.92421], [25.22803, 64.95103], [25.27109, 64.98428], [25.27993, 64.98647], [25.32163, 64.98359], [25.3991, 64.95189], [25.42156, 64.94888], [25.43816, 64.95307], [25.44353, 64.96678], [25.43629, 64.98029], [25.41676, 64.9986], [25.42311, 65.01459], [25.4131, 65.02448], [25.41627, 65.03506], [25.38087, 65.05598], [25.37436, 65.07636], [25.36354, 65.09077], [25.25586, 65.14326], [25.27106, 65.17943], [25.28248, 65.19139], [25.28784, 65.21937], [25.32748, 65.22687], [25.30014, 65.23363], [25.31381, 65.25414], [25.29929, 65.25884], [25.30205, 65.28895], [25.3213, 65.31623], [25.30698, 65.32982], [25.32244, 65.33356], [25.33497, 65.34349], [25.30905, 65.35635], [25.31786, 65.38424], [25.35548, 65.41181], [25.34449, 65.42853], [25.35865, 65.46552], [25.35182, 65.48412], [25.32358, 65.50678], [25.29371, 65.52509], [25.219, 65.55728], [25.18473, 65.56246], [25.09505, 65.58788], [25.08546, 65.60517], [25.07423, 65.61416], [25.06072, 65.61725], [25.03582, 65.61416], [25.00489, 65.62702], [24.96839, 65.62378], [24.91389, 65.63923], [24.89552, 65.65135], [24.85914, 65.65913], [24.81951, 65.66218], [24.76426, 65.6564], [24.6749, 65.6707], [24.66774, 65.69086], [24.64507, 65.69832], [24.58154, 65.75713], [24.62324, 65.83169], [24.62755, 65.85646], [24.64576, 65.87946], [24.67026, 65.89159], [24.70753, 65.89924], [24.71062, 65.9121], [24.69459, 65.904], [24.61793, 65.88923], [24.61451, 65.86616], [24.5916, 65.85835], [24.53262, 65.82202], [24.4043, 65.78047], [24.33422, 65.79387], [24.23829, 65.8227], [24.24723, 65.81049], [24.17096, 65.80661], [24.1631, 65.81586], [24.16341, 65.84079], [24.12445, 65.8689], [24.10233, 65.90859], [24.09112, 65.91686], [24.01965, 66.04894], [23.99144, 66.06356], [23.91144, 66.14862], [23.88932, 66.1611], [23.82619, 66.17058], [23.75146, 66.19116], [23.721, 66.21543], [23.70029, 66.25264], [23.69355, 66.3043], [23.67383, 66.38071], [23.68203, 66.44341], [23.70117, 66.48076], [23.73109, 66.48716], [23.73109, 66.49194], [23.76836, 66.50586], [23.80612, 66.52814], [23.80693, 66.53395], [23.81846, 66.54234], [23.88188, 66.56354], [23.89149, 66.57888], [23.89325, 66.59604], [23.88465, 66.62501], [23.90317, 66.68632], [23.90013, 66.71611], [23.93887, 66.77573], [23.96419, 66.79347], [23.99919, 66.79629], [24.00404, 66.8052], [23.96084, 66.86189], [23.93335, 66.88876], [23.84885, 66.94676], [23.81666, 66.9755], [23.75898, 67.00259], [23.67734, 67.06812], [23.6666, 67.09792], [23.65576, 67.10502], [23.6415, 67.1294], [23.62305, 67.18413], [23.62607, 67.23394], [23.65664, 67.26782], [23.68966, 67.28133], [23.73543, 67.28969], [23.76323, 67.30649], [23.78566, 67.33752], [23.76916, 67.34172], [23.75412, 67.37606], [23.76323, 67.39754], [23.76519, 67.42007], [23.75259, 67.42731], [23.64238, 67.4414], [23.59456, 67.45361], [23.46807, 67.44995], [23.45488, 67.46025], [23.45146, 67.4792], [23.46543, 67.51787], [23.5144, 67.57075], [23.55353, 67.58704], [23.55032, 67.61091], [23.52588, 67.64504], [23.49843, 67.71049], [23.48779, 67.79658], [23.50185, 67.8752], [23.54699, 67.89517], [23.60334, 67.90299], [23.63611, 67.91348], [23.66122, 67.93286], [23.66215, 67.95043], [23.64314, 67.96319], [23.59903, 67.96962], [23.46812, 68.021], [23.35886, 68.08663], [23.33091, 68.12778], [23.30651, 68.14561], [23.2721, 68.14499], [23.23227, 68.13432], [23.18252, 68.13662], [23.1582, 68.17136], [23.15851, 68.18669], [23.14942, 68.19403], [23.15521, 68.21744], [23.14001, 68.23418], [23.08155, 68.26541], [23.06694, 68.29025], [23.05216, 68.29821], [22.96534, 68.32067], [22.85591, 68.36658], [22.83337, 68.38477], [22.80825, 68.3949], [22.78282, 68.39089], [22.71182, 68.40329], [22.66221, 68.4274], [22.60764, 68.42492], [22.56516, 68.43629], [22.52134, 68.4382], [22.45685, 68.45179], [22.37432, 68.46194], [22.37107, 68.46838], [22.30306, 68.47613], [22.19512, 68.47798], [22.01, 68.5179], [21.96396, 68.54693], [21.91921, 68.56822], [21.84073, 68.5767], [21.72402, 68.60855], [21.71684, 68.61922], [21.66155, 68.63354], [21.57246, 68.66739], [21.54127, 68.67068], [21.46543, 68.69067], [21.42975, 68.71879], [21.40637, 68.74888], [21.38591, 68.75384], [21.34643, 68.75396], [21.25977, 68.78745], [21.21662, 68.81725], [21.15285, 68.84174], [21.07213, 68.86944], [21.0178, 68.87766], [20.91856, 68.90693], [20.91089, 68.9316], [20.91782, 68.93295], [20.93426, 68.94902], [20.93457, 68.96695], [20.91121, 68.9807], [20.86359, 68.98642], [20.79535, 69.01124], [20.72549, 69.01528], [20.62351, 69.03659], [20.67588, 69.06948], [20.88926, 69.07144], [21.03255, 69.04101], [21.07151, 69.03667], [21.099, 69.0438], [21.15636, 69.08762], [21.08351, 69.14314], [21.05264, 69.18657], [21.06611, 69.21411], [21.14375, 69.24727], [21.2668, 69.27368], [21.46123, 69.27749], [21.62178, 69.2707], [21.81379, 69.15797], [22.02308, 69.01202], [22.09719, 68.98192], [22.1829, 68.92875], [22.20023, 68.90846], [22.27722, 68.85745], [22.309, 68.84759], [22.38291, 68.77661], [22.3967, 68.73183], [22.40921, 68.71291], [22.42874, 68.71007], [22.50107, 68.72018], [22.7051, 68.70381], [22.85166, 68.67571], [22.96357, 68.68305], [23.07168, 68.67436], [23.13639, 68.64605], [23.17536, 68.62165], [23.19758, 68.61803], [23.4625, 68.67764], [23.53914, 68.68899], [23.64158, 68.69498], [23.73481, 68.71545], [23.76675, 68.75445], [23.854, 68.80591], [23.99736, 68.79844], [24.1541, 68.76089], [24.18687, 68.74454], [24.3325, 68.70862], [24.50602, 68.68606], [24.70322, 68.65283], [24.80942, 68.60583], [24.82963, 68.59411], [24.86094, 68.56341], [24.87924, 68.55483], [24.90518, 68.55695], [24.92709, 68.57039], [24.94248, 68.5936], [25.07096, 68.63142], [25.11757, 68.63767], [25.13245, 68.64765], [25.14423, 68.66801], [25.13214, 68.67658], [25.1431, 68.69596], [25.14412, 68.72327], [25.17285, 68.76528], [25.24912, 68.82134], [25.35713, 68.86245], [25.48086, 68.88062], [25.51697, 68.88312], [25.60245, 68.87213], [25.62777, 68.87414], [25.65164, 68.8835], [25.69484, 68.92561], [25.72637, 68.94246], [25.75386, 68.97837], [25.79582, 68.99331], [25.80471, 69.00612], [25.80109, 69.01315], [25.76585, 69.03067], [25.76151, 69.04724], [25.76816, 69.07612], [25.76272, 69.11944], [25.77122, 69.13511], [25.75815, 69.15575], [25.74863, 69.23144], [25.76719, 69.28267], [25.8149, 69.33086], [25.87737, 69.37081], [25.86267, 69.3914], [25.93848, 69.54264], [25.96025, 69.54868], [25.9862, 69.56542], [26.00397, 69.58717], [26.00511, 69.61084], [25.99001, 69.6251], [26.01152, 69.65264], [26.07246, 69.69155], [26.12313, 69.70557], [26.19828, 69.71544], [26.35292, 69.80934], [26.41873, 69.83564], [26.44787, 69.85605], [26.44248, 69.86423], [26.52539, 69.91504], [26.58428, 69.92632], [26.80158, 69.9315], [26.91838, 69.92853], [26.9511, 69.92015], [26.97503, 69.92265], [27.10034, 69.90176], [27.3118, 69.92948], [27.35242, 69.9487], [27.33383, 69.95593], [27.50823, 70.01409], [27.56331, 70.02358], [27.56799, 70.03424], [27.5917, 70.04224], [27.7357, 70.06308], [27.79218, 70.05893], [27.81257, 70.0634], [27.88994, 70.06167], [28.16736, 69.89434], [28.18927, 69.88605], [28.26175, 69.87477], [28.38022, 69.83351], [28.37975, 69.82235], [28.40455, 69.80225], [28.44269, 69.79145], [29.13321, 69.67291], [29.14714, 69.66391], [29.20316, 69.58599], [29.3334, 69.473], [29.23887, 69.39395], [29.1918, 69.3667], [28.86478, 69.2166], [28.85217, 69.20353], [28.82695, 69.10684], [28.82757, 69.09077], [28.83961, 69.08028], [28.95408, 69.02726], [28.91047, 69.01179], [28.71327, 68.96804], [28.55734, 68.92685], [28.41406, 68.90415], [28.42057, 68.89889], [28.41023, 68.89853], [28.41313, 68.88009], [28.44424, 68.86582]]], [[[24.83416, 60.15583], [24.83784, 60.15642], [24.83421, 60.15577], [24.83416, 60.15583]]], [[[24.80155, 65.02427], [24.72237, 65.00347], [24.75077, 64.97597], [24.78974, 64.97801], [24.70073, 64.95821], [24.71062, 64.97297], [24.68393, 64.99657], [24.65838, 64.97199], [24.62871, 64.96992], [24.57901, 65.00954], [24.57656, 65.04287], [24.65117, 65.07398], [24.78603, 65.08643], [24.88641, 65.06951], [24.87301, 65.06583], [24.88284, 65.05914], [24.9706, 65.05532], [24.99756, 65.03872], [24.96222, 65.03478], [24.87738, 65.04525], [24.81966, 65.04328], [24.80155, 65.02427]]]]}}, {"type": "Feature", "properties": {"bidding_zone": "FR"}, "geometry": {"type": "MultiPolygon", "coordinates": [[[[8.60133, 42.25068], [8.65113, 42.2604], [8.68775, 42.27294], [8.68873, 42.28095], [8.66842, 42.2925], [8.63101, 42.33726], [8.63478, 42.33893], [8.6128, 42.35244], [8.58399, 42.3488], [8.56563, 42.35771], [8.5875, 42.3853], [8.59335, 42.3899], [8.59864, 42.3876], [8.60316, 42.3976], [8.63329, 42.42126], [8.65089, 42.42329], [8.65952, 42.42988], [8.66139, 42.45189], [8.67677, 42.47248], [8.66955, 42.47634], [8.69986, 42.52744], [8.71656, 42.53071], [8.71079, 42.54011], [8.71325, 42.54985], [8.74796, 42.56969], [8.77125, 42.55805], [8.78696, 42.562], [8.80747, 42.58511], [8.81284, 42.5996], [8.80804, 42.60402], [8.81282, 42.60675], [8.84303, 42.60806], [8.87527, 42.62046], [9.01832, 42.65013], [9.04998, 42.66218], [9.051, 42.66879], [9.08838, 42.70498], [9.13789, 42.73291], [9.19805, 42.7292], [9.25352, 42.71245], [9.26869, 42.70454], [9.28533, 42.67475], [9.29217, 42.67475], [9.32789, 42.72004], [9.34254, 42.74909], [9.33529, 42.7764], [9.34099, 42.79011], [9.33546, 42.8076], [9.32352, 42.82185], [9.32584, 42.85981], [9.33302, 42.86713], [9.32731, 42.88392], [9.3282, 42.89864], [9.3602, 42.92862], [9.35572, 42.93651], [9.3602, 42.94912], [9.34995, 42.95722], [9.3436, 42.97268], [9.35999, 43.01008], [9.40431, 43.01166], [9.42071, 43.01687], [9.46279, 42.98142], [9.45558, 42.97455], [9.45387, 42.96381], [9.46118, 42.95018], [9.47862, 42.86024], [9.48037, 42.80542], [9.45037, 42.70889], [9.45037, 42.65363], [9.44288, 42.64057], [9.45655, 42.63443], [9.46168, 42.61982], [9.45655, 42.60643], [9.46461, 42.60163], [9.4769, 42.57917], [9.51189, 42.5655], [9.50154, 42.5921], [9.50938, 42.5856], [9.52617, 42.55264], [9.53696, 42.413], [9.53224, 42.37372], [9.54249, 42.34153], [9.55595, 42.15825], [9.55068, 42.12974], [9.45809, 42.01059], [9.40317, 41.95295], [9.3943, 41.84797], [9.39764, 41.8218], [9.39482, 41.7312], [9.37873, 41.69027], [9.36704, 41.67422], [9.37037, 41.67422], [9.32989, 41.62506], [9.29217, 41.62641], [9.29396, 41.61762], [9.27858, 41.59837], [9.29217, 41.59162], [9.31818, 41.5998], [9.29155, 41.54233], [9.28199, 41.53327], [9.26466, 41.53083], [9.26987, 41.51679], [9.26466, 41.50288], [9.27221, 41.50061], [9.25502, 41.46351], [9.22804, 41.45002], [9.2107, 41.44823], [9.2107, 41.44086], [9.22332, 41.42731], [9.18613, 41.38491], [9.10557, 41.42523], [9.12135, 41.43464], [9.06658, 41.4619], [9.07984, 41.47614], [9.07984, 41.48237], [9.03875, 41.4619], [9.03199, 41.46874], [9.03875, 41.47614], [9.01848, 41.46883], [9.00099, 41.48306], [8.96584, 41.4902], [8.89502, 41.51616], [8.80752, 41.58838], [8.82978, 41.62769], [8.84759, 41.64247], [8.88111, 41.65713], [8.88575, 41.67088], [8.9227, 41.69465], [8.88622, 41.69824], [8.78117, 41.73391], [8.78492, 41.7425], [8.75936, 41.74245], [8.71797, 41.76143], [8.72202, 41.78242], [8.71898, 41.80455], [8.75229, 41.8098], [8.78492, 41.82441], [8.77231, 41.8404], [8.75082, 41.84553], [8.79176, 41.85912], [8.78175, 41.87368], [8.77809, 41.87279], [8.80543, 41.90693], [8.79176, 41.91376], [8.78142, 41.92878], [8.76441, 41.93427], [8.7444, 41.93281], [8.72414, 41.92447], [8.67363, 41.92236], [8.62187, 41.93071], [8.61514, 41.95913], [8.62881, 41.97214], [8.65504, 41.97871], [8.66879, 41.99632], [8.65928, 42.00123], [8.68446, 42.02561], [8.74342, 42.04413], [8.74497, 42.05659], [8.72348, 42.07209], [8.69923, 42.10932], [8.67015, 42.10734], [8.65231, 42.11413], [8.64772, 42.12202], [8.62589, 42.13066], [8.58779, 42.16084], [8.59376, 42.17451], [8.5827, 42.17451], [8.57829, 42.18637], [8.5818, 42.19453], [8.56859, 42.21242], [8.57407, 42.21992], [8.57022, 42.22261], [8.60133, 42.25068]]], [[[9.45655, 42.64741], [9.46148, 42.64214], [9.46337, 42.63788], [9.45655, 42.64741]]], [[[-1.21357, 45.8166], [-1.26037, 45.88182], [-1.3687, 45.96768], [-1.37398, 45.98476], [-1.37165, 45.99531], [-1.38887, 46.03296], [-1.38867, 46.05039], [-1.28319, 46.00096], [-1.2201, 45.94266], [-1.22435, 45.93504], [-1.19624, 45.92061], [-1.17832, 45.90405], [-1.21357, 45.8166]]], [[[2.57468, 50.98877], [2.60147, 50.95527], [2.57693, 50.91152], [2.59667, 50.86765], [2.58675, 50.84542], [2.60659, 50.83483], [2.62044, 50.81649], [2.66662, 50.81367], [2.75232, 50.75539], [2.76823, 50.73324], [2.78673, 50.72336], [2.88688, 50.69665], [2.90011, 50.70311], [2.92183, 50.72702], [3.02285, 50.76689], [3.10684, 50.77944], [3.17477, 50.7363], [3.23496, 50.66294], [3.22981, 50.65541], [3.2652, 50.55215], [3.26588, 50.53831], [3.27105, 50.52694], [3.28676, 50.51408], [3.36107, 50.48979], [3.42913, 50.50182], [3.47695, 50.49946], [3.49047, 50.49694], [3.48674, 50.49268], [3.49915, 50.48679], [3.54582, 50.4866], [3.59541, 50.47734], [3.62676, 50.45732], [3.65291, 50.37181], [3.66172, 50.31931], [3.69686, 50.29822], [3.74805, 50.34351], [3.78857, 50.34697], [3.86083, 50.3385], [3.89592, 50.3253], [3.91855, 50.32546], [3.95459, 50.33518], [4.04414, 50.32134], [4.10323, 50.28744], [4.12526, 50.25714], [4.14365, 50.25161], [4.15099, 50.25626], [4.15023, 50.26047], [4.17461, 50.24648], [4.16997, 50.22349], [4.15275, 50.20453], [4.12815, 50.14624], [4.12577, 50.12816], [4.13993, 50.12356], [4.15856, 50.12901], [4.19219, 50.09414], [4.18389, 50.05283], [4.14458, 50.0308], [4.13228, 50.01757], [4.12815, 50.00579], [4.1329, 50.00449], [4.13962, 49.97452], [4.13166, 49.97499], [4.20112, 49.95302], [4.2315, 49.95586], [4.3589, 49.94575], [4.43511, 49.93225], [4.46477, 49.93561], [4.60419, 49.98021], [4.6567, 49.98909], [4.67292, 50.01638], [4.67969, 50.05418], [4.70664, 50.09707], [4.77285, 50.13906], [4.8181, 50.153], [4.8201, 50.14645], [4.83965, 50.14451], [4.86055, 50.13589], [4.83782, 50.07907], [4.82723, 50.06408], [4.82677, 50.05142], [4.80965, 50.00861], [4.78827, 49.97426], [4.78392, 49.9583], [4.79726, 49.94429], [4.81193, 49.9404], [4.8415, 49.9145], [4.8468, 49.86769], [4.83488, 49.85303], [4.84924, 49.83158], [4.84904, 49.79417], [4.85803, 49.78657], [4.88418, 49.78415], [4.93057, 49.78926], [5.00693, 49.77837], [5.02629, 49.76673], [5.06104, 49.75654], [5.112, 49.72822], [5.13636, 49.70534], [5.16943, 49.6872], [5.19248, 49.68281], [5.22165, 49.68808], [5.27881, 49.67793], [5.30637, 49.64751], [5.29376, 49.64054], [5.29304, 49.61718], [5.31454, 49.61113], [5.3349, 49.62581], [5.35352, 49.61982], [5.45062, 49.54492], [5.45437, 49.53662], [5.44993, 49.50783], [5.45613, 49.49894], [5.47773, 49.49522], [5.51505, 49.51092], [5.54238, 49.51103], [5.56747, 49.51741], [5.60227, 49.51372], [5.61175, 49.52841], [5.681, 49.53599], [5.71028, 49.53109], [5.7278, 49.53901], [5.78718, 49.53831], [5.82344, 49.50508], [5.92891, 49.47754], [5.95141, 49.46068], [5.9607, 49.44132], [6.07801, 49.45202], [6.08772, 49.46163], [6.09981, 49.46463], [6.10203, 49.47327], [6.1191, 49.48466], [6.1426, 49.48608], [6.14002, 49.48972], [6.17832, 49.49831], [6.23056, 49.49521], [6.32533, 49.45672], [6.34434, 49.45273], [6.38223, 49.45815], [6.4581, 49.44287], [6.52074, 49.40324], [6.54052, 49.38523], [6.56545, 49.34749], [6.5556, 49.34717], [6.55012, 49.33802], [6.55643, 49.3264], [6.60762, 49.29087], [6.63949, 49.25839], [6.6403, 49.25276], [6.67136, 49.2259], [6.6806, 49.20749], [6.68792, 49.20903], [6.70597, 49.19064], [6.70097, 49.17287], [6.71378, 49.15886], [6.72556, 49.15555], [6.76898, 49.1553], [6.80907, 49.14584], [6.82178, 49.14775], [6.83904, 49.16279], [6.83244, 49.18534], [6.84951, 49.20195], [6.90034, 49.20577], [6.95138, 49.19596], [7.00146, 49.17988], [7.02053, 49.11897], [7.04255, 49.1076], [7.07324, 49.12031], [7.07478, 49.12532], [7.11497, 49.12741], [7.15499, 49.11442], [7.24119, 49.1139], [7.27437, 49.10501], [7.2958, 49.12707], [7.4042, 49.15308], [7.45059, 49.1522], [7.52086, 49.08367], [7.54267, 49.07458], [7.60861, 49.06197], [7.63497, 49.03778], [7.64881, 49.03572], [7.68509, 49.0428], [7.72695, 49.03566], [7.76176, 49.04585], [7.79922, 49.04189], [7.99898, 49.01129], [8.09044, 48.97918], [8.13489, 48.97311], [8.14015, 48.88928], [8.13719, 48.8839], [7.99342, 48.7599], [7.97014, 48.75728], [7.96395, 48.73431], [7.88216, 48.6686], [7.85242, 48.65868], [7.81025, 48.61502], [7.80178, 48.58236], [7.80171, 48.56106], [7.78562, 48.50442], [7.77129, 48.48911], [7.76922, 48.47007], [7.74566, 48.43301], [7.73718, 48.39348], [7.74654, 48.36937], [7.72502, 48.32233], [7.70245, 48.31119], [7.68831, 48.25601], [7.67342, 48.23541], [7.61336, 48.17921], [7.60479, 48.15257], [7.57895, 48.11448], [7.57264, 48.09497], [7.57574, 48.05371], [7.59934, 48.02582], [7.6085, 48.00259], [7.60046, 47.95146], [7.58494, 47.94041], [7.57895, 47.90633], [7.559, 47.88271], [7.562, 47.83923], [7.54288, 47.82943], [7.52593, 47.78316], [7.53666, 47.75285], [7.53437, 47.72795], [7.51187, 47.70732], [7.51787, 47.67502], [7.53344, 47.66631], [7.56543, 47.60654], [7.59232, 47.59914], [7.58603, 47.58462], [7.52634, 47.56645], [7.48273, 47.54227], [7.48938, 47.53938], [7.44789, 47.48606], [7.42599, 47.4925], [7.41431, 47.49018], [7.41441, 47.48403], [7.42922, 47.46537], [7.42002, 47.45518], [7.34316, 47.4331], [7.26572, 47.42578], [7.20312, 47.43272], [7.16748, 47.45371], [7.16892, 47.46968], [7.18083, 47.48827], [7.15365, 47.4864], [7.10373, 47.49628], [7.05392, 47.49038], [7.00978, 47.49925], [6.9733, 47.48909], [6.98729, 47.46126], [6.96836, 47.45322], [6.93771, 47.42662], [6.92607, 47.42486], [6.92533, 47.41588], [6.884, 47.38259], [6.86664, 47.35416], [6.93799, 47.35894], [6.98408, 47.35254], [7.00059, 47.33945], [7.00059, 47.32251], [6.95862, 47.29055], [6.95205, 47.26719], [6.7832, 47.13351], [6.74479, 47.12105], [6.74569, 47.10383], [6.6897, 47.07829], [6.67626, 47.0624], [6.68344, 47.05129], [6.6669, 47.02651], [6.62481, 47.00435], [6.49111, 46.96339], [6.44263, 46.94416], [6.42775, 46.90908], [6.43545, 46.89537], [6.429, 46.83228], [6.41711, 46.80216], [6.42017, 46.79627], [6.41016, 46.75542], [6.3071, 46.69576], [6.26631, 46.68036], [6.11842, 46.58346], [6.12152, 46.57029], [6.12869, 46.56475], [6.10781, 46.51782], [6.06023, 46.46502], [6.0654, 46.44843], [6.06025, 46.42817], [6.06355, 46.42558], [6.05423, 46.41942], [6.09151, 46.40358], [6.12324, 46.37861], [6.11592, 46.33765], [6.09505, 46.27881], [6.04356, 46.24322], [5.95853, 46.21196], [5.95481, 46.19992], [5.97079, 46.1814], [5.97157, 46.1512], [5.95884, 46.13047], [6.0018, 46.14356], [6.08174, 46.14673], [6.10787, 46.13863], [6.14033, 46.15021], [6.18665, 46.18785], [6.25536, 46.22111], [6.2812, 46.24007], [6.27603, 46.26312], [6.26412, 46.26369], [6.22959, 46.30845], [6.22422, 46.31943], [6.23467, 46.33262], [6.32188, 46.3937], [6.34543, 46.4018], [6.39768, 46.40818], [6.44652, 46.43132], [6.57822, 46.43735], [6.7581, 46.41577], [6.77607, 46.40664], [6.76803, 46.36705], [6.75574, 46.35707], [6.75037, 46.34552], [6.8168, 46.27519], [6.77486, 46.18586], [6.76566, 46.1516], [6.77435, 46.13481], [6.8067, 46.12985], [6.85497, 46.0918], [6.84855, 46.08504], [6.8531, 46.0761], [6.85093, 46.04965], [6.86922, 46.04406], [6.89369, 46.05518], [6.95371, 46.01714], [7.00381, 45.95895], [7.02109, 45.92578], [7.00772, 45.92051], [6.94082, 45.86836], [6.85558, 45.83471], [6.84336, 45.83864], [6.8008, 45.82645], [6.78809, 45.81173], [6.78272, 45.79529], [6.78468, 45.75959], [6.79595, 45.71814], [6.8161, 45.69685], [6.88145, 45.67036], [6.96586, 45.57443], [6.97526, 45.52565], [6.98281, 45.51112], [7.0189, 45.49692], [7.08645, 45.45076], [7.09681, 45.43542], [7.12665, 45.4232], [7.15342, 45.40093], [7.14639, 45.38174], [7.09257, 45.32395], [7.09769, 45.29486], [7.07832, 45.23994], [7.03864, 45.22495], [7.02973, 45.2282], [6.95873, 45.2098], [6.93694, 45.19009], [6.89952, 45.16857], [6.87346, 45.16593], [6.86819, 45.15745], [6.87215, 45.15283], [6.84229, 45.13564], [6.73642, 45.15735], [6.71029, 45.1445], [6.66738, 45.13962], [6.6327, 45.12552], [6.60273, 45.10345], [6.63362, 45.07627], [6.63968, 45.05038], [6.65167, 45.03565], [6.69141, 45.02261], [6.72471, 44.973], [6.72893, 44.95684], [6.72794, 44.92873], [6.74541, 44.9078], [6.77817, 44.88765], [6.84711, 44.85907], [6.86602, 44.85566], [6.89694, 44.86007], [6.93984, 44.85874], [6.97285, 44.84502], [6.99268, 44.82729], [7.00135, 44.80206], [6.99841, 44.79375], [7.03066, 44.7167], [7.00922, 44.69056], [6.98281, 44.69216], [6.95986, 44.68317], [6.94147, 44.66699], [6.93434, 44.64668], [6.93755, 44.64063], [6.93193, 44.63164], [6.87406, 44.56265], [6.84638, 44.54746], [6.83574, 44.53403], [6.83884, 44.50292], [6.86127, 44.47491], [6.87956, 44.46109], [6.89385, 44.42817], [6.87718, 44.4144], [6.86612, 44.37212], [6.86984, 44.36293], [6.90385, 44.33001], [6.92121, 44.30215], [6.95924, 44.27735], [6.9734, 44.24944], [6.98281, 44.24175], [6.99614, 44.23782], [7.03345, 44.24293], [7.04606, 44.2403], [7.31736, 44.13844], [7.331, 44.12527], [7.34062, 44.12366], [7.38082, 44.12294], [7.55476, 44.15906], [7.5836, 44.16072], [7.59975, 44.16833], [7.63721, 44.16484], [7.64506, 44.15106], [7.64189, 44.14356], [7.66404, 44.11777], [7.67715, 44.08315], [7.64842, 44.03028], [7.58965, 43.96543], [7.55693, 43.94409], [7.49347, 43.88624], [7.47787, 43.86551], [7.49063, 43.82084], [7.49222, 43.78706], [7.47641, 43.78449], [7.47641, 43.76463], [7.43867, 43.75044], [7.43691, 43.76147], [7.41445, 43.7709], [7.39502, 43.76533], [7.37266, 43.74583], [7.36649, 43.72829], [7.26152, 43.69609], [7.18199, 43.65938], [7.15162, 43.65477], [7.13657, 43.64118], [7.13055, 43.62365], [7.02122, 43.54742], [6.9756, 43.54695], [6.96209, 43.54011], [6.9452, 43.52725], [6.94089, 43.51246], [6.95423, 43.50072], [6.86475, 43.43833], [6.80926, 43.41408], [6.78305, 43.40863], [6.77297, 43.41845], [6.75709, 43.42269], [6.7465, 43.41791], [6.73115, 43.40785], [6.73282, 43.38208], [6.7166, 43.37358], [6.69802, 43.34875], [6.67457, 43.34638], [6.66131, 43.32233], [6.62463, 43.29591], [6.59724, 43.28401], [6.59089, 43.2689], [6.61167, 43.26429], [6.66243, 43.27425], [6.65723, 43.26167], [6.57022, 43.19907], [6.49404, 43.16929], [6.30537, 43.13872], [6.25424, 43.12081], [6.2197, 43.11655], [6.17866, 43.10286], [6.1608, 43.08808], [6.12357, 43.07504], [6.10966, 43.08432], [6.08618, 43.08233], [6.03057, 43.10098], [5.95865, 43.10217], [5.93409, 43.11359], [5.94093, 43.13402], [5.90854, 43.13129], [5.87941, 43.12043], [5.89625, 43.11542], [5.9067, 43.09925], [5.81646, 43.098], [5.81146, 43.10673], [5.78341, 43.1146], [5.77613, 43.13081], [5.75061, 43.13202], [5.67392, 43.17989], [5.54103, 43.2028], [5.52495, 43.21263], [5.51459, 43.20785], [5.40654, 43.22852], [5.34882, 43.30635], [5.33888, 43.33429], [5.29417, 43.35547], [5.27806, 43.34756], [5.19951, 43.35249], [5.12041, 43.34898], [5.07315, 43.3666], [5.06084, 43.4063], [5.0604, 43.42206], [5.14617, 43.42206], [5.17384, 43.42829], [5.21355, 43.45783], [5.22633, 43.48029], [5.22283, 43.50397], [5.16554, 43.48249], [5.13998, 43.48579], [5.11842, 43.50397], [5.10572, 43.53303], [5.08497, 43.53815], [5.05372, 43.53815], [5.02914, 43.55858], [5.02231, 43.55219], [5.00929, 43.51765], [5.01466, 43.49872], [5.0503, 43.47671], [5.06227, 43.45165], [5.0586, 43.44429], [4.97598, 43.42695], [4.95967, 43.42695], [4.92848, 43.44013], [4.89259, 43.42536], [4.86817, 43.42145], [4.85841, 43.41523], [4.85237, 43.39911], [4.84356, 43.39395], [4.80791, 43.40523], [4.78815, 43.40159], [4.75782, 43.42235], [4.74244, 43.44872], [4.74244, 43.52448], [4.72584, 43.55679], [4.71192, 43.57152], [4.69459, 43.57909], [4.69459, 43.5729], [4.72877, 43.5279], [4.72877, 43.4562], [4.74252, 43.42255], [4.78795, 43.39238], [4.78906, 43.37891], [4.71211, 43.37329], [4.62871, 43.38711], [4.58078, 43.40027], [4.58804, 43.41689], [4.57959, 43.43007], [4.55521, 43.44327], [4.51303, 43.4558], [4.40741, 43.44786], [4.37617, 43.4564], [4.22422, 43.47964], [4.16279, 43.50366], [4.11309, 43.56304], [4.05264, 43.59307], [3.91084, 43.56309], [3.86162, 43.51636], [3.78477, 43.46162], [3.44377, 43.28758], [3.38543, 43.28392], [3.31772, 43.26309], [3.24431, 43.21943], [3.22096, 43.19522], [3.17872, 43.16523], [3.15447, 43.13528], [3.11402, 43.10631], [3.0704, 43.02692], [3.03899, 42.94278], [3.04184, 42.93281], [3.0547, 42.92711], [3.05517, 42.92023], [3.04046, 42.79019], [3.03899, 42.75027], [3.0433, 42.7246], [3.03761, 42.68321], [3.04184, 42.62906], [3.05185, 42.55488], [3.06609, 42.54206], [3.13738, 42.52493], [3.14593, 42.51496], [3.14308, 42.49213], [3.17587, 42.45649], [3.18097, 42.43148], [3.15215, 42.43101], [3.05264, 42.44722], [3.03958, 42.45038], [3.02961, 42.46565], [3.023, 42.46705], [2.9831, 42.46932], [2.95278, 42.46478], [2.9337, 42.47023], [2.91495, 42.4594], [2.85081, 42.44837], [2.81562, 42.42925], [2.74941, 42.41304], [2.70808, 42.41289], [2.69041, 42.40617], [2.64028, 42.37284], [2.65312, 42.35059], [2.65166, 42.34048], [2.60314, 42.34356], [2.56742, 42.35264], [2.54603, 42.35084], [2.42478, 42.37871], [2.42252, 42.38369], [2.37104, 42.39088], [2.27741, 42.42863], [2.21361, 42.41862], [2.20039, 42.42095], [2.1759, 42.41258], [2.13695, 42.41622], [2.12104, 42.41062], [2.1076, 42.38925], [2.03272, 42.35352], [1.98652, 42.3585], [1.95147, 42.39277], [1.9411, 42.4201], [1.92746, 42.43689], [1.8905, 42.44321], [1.81367, 42.47524], [1.70704, 42.50302], [1.71396, 42.52564], [1.74023, 42.55674], [1.74003, 42.56164], [1.76509, 42.56337], [1.75269, 42.57668], [1.73431, 42.58089], [1.71682, 42.59774], [1.72199, 42.60986], [1.66584, 42.61394], [1.57393, 42.63377], [1.54309, 42.64936], [1.4965, 42.64032], [1.46681, 42.64146], [1.45913, 42.6218], [1.42856, 42.5961], [1.41151, 42.61609], [1.39798, 42.64363], [1.36108, 42.68672], [1.33826, 42.69451], [1.34258, 42.70866], [1.31912, 42.71336], [1.20666, 42.71362], [1.11929, 42.73961], [1.10673, 42.75961], [1.08906, 42.77132], [1.00976, 42.77903], [0.83964, 42.81995], [0.8129, 42.83162], [0.70676, 42.84658], [0.65632, 42.83842], [0.65157, 42.82405], [0.6536, 42.80404], [0.63968, 42.77468], [0.64798, 42.76178], [0.63348, 42.74478], [0.64599, 42.74147], [0.64199, 42.70063], [0.63164, 42.6896], [0.51768, 42.68628], [0.38211, 42.69967], [0.35417, 42.7175], [0.33603, 42.71269], [0.31228, 42.69326], [0.25547, 42.69292], [0.23836, 42.71037], [0.16917, 42.72646], [0.15294, 42.7246], [0.13418, 42.71522], [-0.04116, 42.68911], [-0.08149, 42.70386], [-0.15498, 42.75725], [-0.16363, 42.77798], [-0.16141, 42.79535], [-0.20425, 42.78471], [-0.24353, 42.79935], [-0.24703, 42.80483], [-0.32279, 42.8425], [-0.33218, 42.82824], [-0.34714, 42.82585], [-0.35168, 42.82925], [-0.39844, 42.8081], [-0.48115, 42.79932], [-0.50841, 42.80749], [-0.53389, 42.80801], [-0.53438, 42.8014], [-0.58643, 42.79897], [-0.62478, 42.82655], [-0.6483, 42.84979], [-0.68327, 42.8686], [-0.74019, 42.90952], [-0.75966, 42.9465], [-0.78643, 42.95327], [-0.83133, 42.94733], [-0.93384, 42.94951], [-1.00733, 42.9713], [-1.02849, 42.98671], [-1.0797, 42.9934], [-1.10373, 43.00575], [-1.12834, 43.00718], [-1.17544, 43.02114], [-1.2169, 43.03926], [-1.28545, 43.05962], [-1.30156, 43.08247], [-1.3001, 43.10031], [-1.28604, 43.10918], [-1.30862, 43.11357], [-1.33105, 43.10734], [-1.34826, 43.09308], [-1.35652, 43.05857], [-1.37051, 43.0376], [-1.39404, 43.03262], [-1.42876, 43.03677], [-1.46084, 43.05176], [-1.48047, 43.07114], [-1.4564, 43.10861], [-1.42577, 43.13528], [-1.41053, 43.1669], [-1.39968, 43.20674], [-1.4035, 43.24333], [-1.43223, 43.26501], [-1.45868, 43.26178], [-1.5392, 43.28356], [-1.55905, 43.28408], [-1.56916, 43.27958], [-1.62715, 43.28247], [-1.67387, 43.30415], [-1.69381, 43.30158], [-1.71284, 43.30703], [-1.75327, 43.32471], [-1.79272, 43.37256], [-1.79322, 43.38556], [-1.7755, 43.37617], [-1.76797, 43.38361], [-1.74962, 43.38923], [-1.661, 43.39968], [-1.63781, 43.42377], [-1.59675, 43.44253], [-1.56208, 43.49339], [-1.48486, 43.56377], [-1.44595, 43.66844], [-1.41321, 43.7993], [-1.38117, 43.88959], [-1.3461, 44.01919], [-1.25414, 44.44245], [-1.2473, 44.50454], [-1.2518, 44.52605], [-1.24551, 44.55986], [-1.1708, 44.66182], [-1.15818, 44.66559], [-1.10021, 44.65534], [-1.06501, 44.65913], [-1.04475, 44.66942], [-1.04442, 44.68464], [-1.06916, 44.70319], [-1.05549, 44.70319], [-1.0653, 44.71747], [-1.14086, 44.76813], [-1.16535, 44.77871], [-1.1765, 44.77521], [-1.18859, 44.75585], [-1.23363, 44.70685], [-1.24521, 44.6667], [-1.18928, 45.15955], [-1.15787, 45.27912], [-1.14907, 45.34263], [-1.08101, 45.53242], [-0.97297, 45.47053], [-0.94175, 45.45708], [-0.82659, 45.38084], [-0.76665, 45.31435], [-0.73568, 45.22378], [-0.71597, 45.13451], [-0.6822, 45.07648], [-0.64818, 45.04491], [-0.60985, 45.01846], [-0.56896, 44.99799], [-0.55919, 44.97614], [-0.56208, 44.96015], [-0.55651, 44.91852], [-0.54817, 44.90229], [-0.53466, 44.89496], [-0.54845, 44.94953], [-0.53897, 44.97651], [-0.55036, 44.9982], [-0.56921, 45.01187], [-0.54849, 45.00059], [-0.56361, 45.02332], [-0.53942, 45.01952], [-0.49376, 44.99799], [-0.51895, 45.02945], [-0.58031, 45.04841], [-0.64111, 45.09019], [-0.69449, 45.26104], [-0.70665, 45.32241], [-0.71972, 45.36107], [-0.75304, 45.42406], [-0.79548, 45.47712], [-0.84179, 45.51455], [-0.88066, 45.53818], [-0.98717, 45.59258], [-0.99087, 45.61005], [-0.99722, 45.61433], [-1.03026, 45.62287], [-1.08381, 45.66039], [-1.14932, 45.6789], [-1.196, 45.71445], [-1.20996, 45.7709], [-1.11435, 45.76851], [-1.08839, 45.75988], [-1.05724, 45.74022], [-0.98717, 45.71735], [-1.03422, 45.74909], [-1.0415, 45.77266], [-1.06602, 45.80566], [-1.097, 45.90229], [-1.07335, 45.90436], [-1.07042, 45.92634], [-1.08975, 45.95075], [-1.06916, 45.96434], [-1.08556, 45.97199], [-1.09659, 45.98542], [-1.11075, 46.01838], [-1.08975, 46.00821], [-1.07299, 46.00747], [-1.05972, 46.01577], [-1.0487, 46.0388], [-1.06517, 46.05158], [-1.08422, 46.05655], [-1.09704, 46.10155], [-1.126, 46.11415], [-1.12684, 46.12148], [-1.11701, 46.12824], [-1.12829, 46.1342], [-1.13638, 46.20483], [-1.13228, 46.24992], [-1.11075, 46.25922], [-1.10265, 46.27196], [-1.11075, 46.30268], [-1.13248, 46.32412], [-1.17724, 46.32616], [-1.19583, 46.31841], [-1.31052, 46.32683], [-1.37023, 46.35419], [-1.39248, 46.3501], [-1.46306, 46.37961], [-1.46548, 46.38996], [-1.48143, 46.40819], [-1.50447, 46.41934], [-1.56968, 46.42419], [-1.63345, 46.45429], [-1.77302, 46.5092], [-1.78917, 46.53295], [-1.78719, 46.51568], [-1.82162, 46.55907], [-1.82706, 46.57697], [-1.82266, 46.59439], [-1.83869, 46.59907], [-1.85741, 46.63532], [-1.89977, 46.66625], [-1.9099, 46.6918], [-1.94164, 46.70319], [-2.05938, 46.8103], [-2.09248, 46.86504], [-2.09028, 46.92051], [-2.07423, 46.94685], [-2.04922, 46.95746], [-2.03702, 46.97256], [-2.00829, 47.02635], [-1.99071, 47.03539], [-1.99258, 47.05231], [-2.01456, 47.08161], [-2.03002, 47.09211], [-2.09016, 47.11518], [-2.14356, 47.12632], [-2.19588, 47.16213], [-2.16519, 47.16787], [-2.15909, 47.19086], [-2.16114, 47.20813], [-2.14858, 47.22393], [-2.1083, 47.26294], [-2.02759, 47.27358], [-1.92173, 47.26064], [-1.781, 47.21198], [-1.72704, 47.21076], [-1.82153, 47.24811], [-1.87116, 47.27969], [-1.90563, 47.29393], [-1.94929, 47.30012], [-1.97216, 47.31216], [-2.01012, 47.31973], [-2.1481, 47.31322], [-2.17955, 47.30012], [-2.18647, 47.29284], [-2.35303, 47.27876], [-2.37141, 47.28644], [-2.40458, 47.28649], [-2.4502, 47.29581], [-2.43619, 47.30703], [-2.44538, 47.32038], [-2.48062, 47.34789], [-2.49425, 47.34174], [-2.48892, 47.33039], [-2.49425, 47.32062], [-2.5017, 47.32062], [-2.50333, 47.3496], [-2.5148, 47.36494], [-2.52539, 47.3696], [-2.53003, 47.38159], [-2.47412, 47.41556], [-2.43904, 47.40998], [-2.4464, 47.40253], [-2.43904, 47.39631], [-2.39501, 47.41698], [-2.39184, 47.42365], [-2.44815, 47.43061], [-2.43904, 47.44477], [-2.44668, 47.44827], [-2.42769, 47.4709], [-2.46515, 47.49863], [-2.36392, 47.50617], [-2.38012, 47.50922], [-2.42536, 47.50617], [-2.51749, 47.52839], [-2.54246, 47.52454], [-2.60522, 47.52665], [-2.58446, 47.54047], [-2.57681, 47.55394], [-2.59227, 47.54365], [-2.63825, 47.54027], [-2.62393, 47.53718], [-2.61779, 47.52668], [-2.64306, 47.52643], [-2.66552, 47.53351], [-2.666, 47.52616], [-2.77031, 47.51387], [-2.79678, 47.53726], [-2.7818, 47.55244], [-2.74144, 47.55134], [-2.7202, 47.56078], [-2.72765, 47.56761], [-2.68863, 47.6044], [-2.68399, 47.62299], [-2.70653, 47.64273], [-2.70653, 47.63654], [-2.69693, 47.62979], [-2.69563, 47.62336], [-2.71402, 47.61603], [-2.69978, 47.6092], [-2.70861, 47.60228], [-2.7202, 47.60175], [-2.77538, 47.6291], [-2.73449, 47.62226], [-2.74633, 47.63386], [-2.78913, 47.64273], [-2.77538, 47.63654], [-2.79605, 47.62987], [-2.84773, 47.62617], [-2.86163, 47.61417], [-2.94066, 47.60407], [-2.94481, 47.62409], [-2.93309, 47.63654], [-2.958, 47.64216], [-2.96719, 47.6638], [-2.97468, 47.6638], [-2.96254, 47.60127], [-3.06421, 47.62134], [-3.15384, 47.6908], [-3.1112, 47.70417], [-3.11718, 47.71503], [-3.11803, 47.73212], [-3.13915, 47.72468], [-3.13915, 47.75259], [-3.14538, 47.75259], [-3.15319, 47.74201], [-3.17736, 47.74852], [-3.19319, 47.74641], [-3.16967, 47.73542], [-3.15909, 47.711], [-3.16649, 47.70417], [-3.17837, 47.71003], [-3.19323, 47.69994], [-3.20739, 47.69733], [-3.2035, 47.6943], [-3.2647, 47.68511], [-3.29845, 47.70384], [-3.32861, 47.71333], [-3.35827, 47.71645], [-3.34512, 47.72126], [-3.34057, 47.73949], [-3.31729, 47.73896], [-3.2954, 47.77302], [-3.28262, 47.77993], [-3.28262, 47.78734], [-3.33178, 47.75251], [-3.38317, 47.73705], [-3.36925, 47.7298], [-3.36449, 47.71845], [-3.3959, 47.72041], [-3.44394, 47.71104], [-3.50218, 47.74941], [-3.52831, 47.77993], [-3.5393, 47.77375], [-3.62515, 47.77993], [-3.64904, 47.79361], [-3.68692, 47.7923], [-3.70617, 47.79694], [-3.71459, 47.81061], [-3.72322, 47.81338], [-3.74679, 47.80445], [-3.87796, 47.83262], [-3.88996, 47.84345], [-3.88585, 47.85505], [-3.9132, 47.86245], [-3.91633, 47.87336], [-3.93513, 47.88788], [-3.96182, 47.89997], [-3.98827, 47.90347], [-3.97924, 47.883], [-3.98648, 47.86791], [-4.0089, 47.85126], [-4.0292, 47.85505], [-4.01122, 47.85594], [-4.00194, 47.86929], [-4.03156, 47.86371], [-4.03669, 47.85505], [-4.06493, 47.87079], [-4.10656, 47.88011], [-4.12914, 47.90762], [-4.13219, 47.9239], [-4.14273, 47.91201], [-4.13683, 47.89692], [-4.1112, 47.87547], [-4.1112, 47.86929], [-4.13362, 47.8662], [-4.15274, 47.85505], [-4.17162, 47.87702], [-4.18562, 47.87442], [-4.18847, 47.86213], [-4.1739, 47.85505], [-4.18004, 47.84199], [-4.15274, 47.84199], [-4.15274, 47.83446], [-4.16946, 47.8236], [-4.22642, 47.80962], [-4.31211, 47.8229], [-4.34509, 47.85146], [-4.37198, 47.91584], [-4.43464, 47.97565], [-4.53327, 48.02631], [-4.56655, 48.00792], [-4.60196, 48.02558], [-4.63453, 48.02705], [-4.67881, 48.0395], [-4.64232, 48.07355], [-4.36193, 48.11571], [-4.30476, 48.10407], [-4.28991, 48.10822], [-4.28539, 48.11538], [-4.27571, 48.14362], [-4.28018, 48.15493], [-4.29434, 48.16706], [-4.30236, 48.19636], [-4.31583, 48.20551], [-4.36612, 48.21516], [-4.37926, 48.23237], [-4.40437, 48.22614], [-4.45763, 48.24897], [-4.48546, 48.24262], [-4.49783, 48.22756], [-4.51221, 48.22974], [-4.54434, 48.24697], [-4.57485, 48.29101], [-4.54285, 48.30456], [-4.51553, 48.29584], [-4.4117, 48.29362], [-4.38899, 48.28705], [-4.3297, 48.29702], [-4.2626, 48.30003], [-4.27522, 48.29401], [-4.28991, 48.29385], [-4.26936, 48.2884], [-4.18749, 48.30003], [-4.18749, 48.30752], [-4.21882, 48.30606], [-4.23054, 48.30988], [-4.23473, 48.32172], [-4.25325, 48.31218], [-4.29774, 48.34418], [-4.2694, 48.36274], [-4.28628, 48.36253], [-4.31856, 48.34966], [-4.3247, 48.35061], [-4.3247, 48.35529], [-4.31729, 48.35529], [-4.31729, 48.36274], [-4.3247, 48.36274], [-4.33457, 48.35213], [-4.3644, 48.35674], [-4.39316, 48.36763], [-4.42033, 48.36859], [-4.38557, 48.39374], [-4.28991, 48.43159], [-4.35896, 48.41112], [-4.4265, 48.40371], [-4.51217, 48.37186], [-4.58472, 48.35752], [-4.71938, 48.36313], [-4.74854, 48.41001], [-4.7625, 48.45024], [-4.72075, 48.53989], [-4.62792, 48.57911], [-4.58983, 48.56574], [-4.57726, 48.56818], [-4.60108, 48.59045], [-4.56783, 48.6045], [-4.53014, 48.60171], [-4.55712, 48.60902], [-4.5312, 48.61997], [-4.29938, 48.66294], [-4.30651, 48.64155], [-4.28311, 48.64326], [-4.24205, 48.65754], [-4.19376, 48.65009], [-4.19376, 48.65754], [-4.213, 48.6612], [-4.20775, 48.67137], [-4.19039, 48.68314], [-4.10931, 48.69817], [-4.09069, 48.69111], [-4.07925, 48.69693], [-4.07022, 48.68488], [-4.06404, 48.68488], [-4.05329, 48.69554], [-4.05444, 48.70724], [-3.96101, 48.70136], [-3.96776, 48.69855], [-3.96776, 48.69111], [-3.95104, 48.67939], [-3.94953, 48.66934], [-3.95474, 48.65754], [-3.91194, 48.68122], [-3.892, 48.67805], [-3.90632, 48.6706], [-3.90632, 48.66437], [-3.85171, 48.62962], [-3.84431, 48.63646], [-3.85171, 48.64326], [-3.84431, 48.65009], [-3.8579, 48.68488], [-3.85171, 48.68488], [-3.83747, 48.6706], [-3.83877, 48.69662], [-3.71272, 48.71117], [-3.68663, 48.69855], [-3.63817, 48.70474], [-3.63854, 48.68781], [-3.58479, 48.68281], [-3.57055, 48.68797], [-3.58454, 48.72639], [-3.58047, 48.73322], [-3.52831, 48.73949], [-3.56107, 48.76075], [-3.546, 48.76567], [-3.47148, 48.81294], [-3.42556, 48.81827], [-3.43334, 48.80781], [-3.39761, 48.80732], [-3.35655, 48.82629], [-3.23144, 48.84082], [-3.20787, 48.83564], [-3.21496, 48.81786], [-3.22789, 48.80781], [-3.22053, 48.79413], [-3.21687, 48.80679], [-3.19008, 48.83173], [-3.0898, 48.8097], [-3.10407, 48.7862], [-3.12548, 48.7674], [-3.12548, 48.75996], [-3.11803, 48.75996], [-3.08197, 48.80798], [-3.03544, 48.79775], [-3.04239, 48.79413], [-3.04239, 48.78791], [-3.02929, 48.78046], [-2.9839, 48.77325], [-2.94651, 48.73955], [-2.94669, 48.73322], [-2.93298, 48.72736], [-2.81277, 48.61901], [-2.8164, 48.60493], [-2.81298, 48.59858], [-2.74585, 48.57102], [-2.71672, 48.5524], [-2.73449, 48.534], [-2.71312, 48.5301], [-2.68236, 48.50902], [-2.67614, 48.54023], [-2.63634, 48.5388], [-2.62003, 48.54361], [-2.56941, 48.58869], [-2.47362, 48.62596], [-2.45954, 48.63646], [-2.45954, 48.64224], [-2.44619, 48.64829], [-2.41531, 48.64802], [-2.41226, 48.64326], [-2.39483, 48.64783], [-2.30655, 48.64705], [-2.33031, 48.62962], [-2.31265, 48.62018], [-2.27359, 48.64265], [-2.2478, 48.64652], [-2.24071, 48.62132], [-2.21923, 48.60366], [-2.21369, 48.58185], [-2.19555, 48.59345], [-2.19262, 48.61591], [-2.18297, 48.58877], [-2.17406, 48.58295], [-2.15909, 48.58869], [-2.15909, 48.59545], [-2.17211, 48.60171], [-2.16104, 48.61302], [-2.14932, 48.61888], [-2.13703, 48.61799], [-2.12434, 48.60912], [-2.14485, 48.63646], [-2.10725, 48.64527], [-2.07944, 48.64502], [-2.00372, 48.58209], [-2.00829, 48.57502], [-1.98249, 48.54898], [-1.97639, 48.53563], [-1.9803, 48.51358], [-1.93936, 48.534], [-1.96727, 48.54706], [-1.9619, 48.55492], [-1.97663, 48.5727], [-1.9803, 48.58869], [-1.9735, 48.58869], [-1.95295, 48.57502], [-1.96036, 48.58662], [-1.96939, 48.59276], [-1.99471, 48.59769], [-1.97314, 48.63511], [-1.90571, 48.69712], [-1.85529, 48.6706], [-1.8612, 48.66421], [-1.86095, 48.64086], [-1.83821, 48.62377], [-1.79601, 48.61591], [-1.72281, 48.6153], [-1.64395, 48.62344], [-1.60758, 48.63663], [-1.50056, 48.63646], [-1.38651, 48.65075], [-1.35656, 48.64326], [-1.3723, 48.66059], [-1.3946, 48.66828], [-1.41567, 48.66956], [-1.48047, 48.69761], [-1.56333, 48.80279], [-1.56922, 48.88969], [-1.56371, 48.92211], [-1.55704, 48.93232], [-1.54841, 48.92381], [-1.54198, 48.94408], [-1.56306, 48.95759], [-1.55224, 49.01545], [-1.54577, 49.03034], [-1.53234, 49.03514], [-1.50796, 49.02753], [-1.50796, 49.03368], [-1.52725, 49.03978], [-1.54971, 49.03978], [-1.56843, 49.03266], [-1.575, 49.01986], [-1.58027, 49.1386], [-1.56949, 49.14354], [-1.58075, 49.14932], [-1.5831, 49.20239], [-1.6039, 49.22388], [-1.58446, 49.22626], [-1.54841, 49.21931], [-1.54841, 49.22549], [-1.59529, 49.23786], [-1.61713, 49.23755], [-1.66357, 49.28554], [-1.65819, 49.28754], [-1.67289, 49.29516], [-1.69033, 49.31318], [-1.70145, 49.32917], [-1.68619, 49.32917], [-1.68619, 49.33535], [-1.69913, 49.35586], [-1.70665, 49.35586], [-1.71202, 49.34437], [-1.81343, 49.49014], [-1.85159, 49.56087], [-1.84374, 49.57184], [-1.83951, 49.61978], [-1.86555, 49.65862], [-1.85644, 49.68379], [-1.70775, 49.68016], [-1.63305, 49.66352], [-1.61718, 49.66429], [-1.61392, 49.65225], [-1.60668, 49.65005], [-1.57287, 49.66429], [-1.52843, 49.65746], [-1.51146, 49.66254], [-1.4791, 49.6871], [-1.36572, 49.70728], [-1.25864, 49.68018], [-1.26258, 49.59077], [-1.29499, 49.58682], [-1.30142, 49.58177], [-1.30626, 49.55809], [-1.27652, 49.52074], [-1.26159, 49.49315], [-1.18529, 49.43037], [-1.17569, 49.41523], [-1.17223, 49.39338], [-1.18517, 49.3664], [-1.182, 49.35619], [-1.15172, 49.3627], [-1.12287, 49.34545], [-1.10342, 49.34903], [-1.10342, 49.35586], [-1.11376, 49.36579], [-1.10635, 49.37946], [-1.0928, 49.38924], [-0.95737, 49.39286], [-0.82213, 49.3627], [-0.65079, 49.35586], [-0.58336, 49.34589], [-0.55711, 49.35531], [-0.5209, 49.35454], [-0.47948, 49.34276], [-0.448, 49.34276], [-0.3131, 49.31733], [-0.21947, 49.2801], [-0.19408, 49.29523], [-0.16348, 49.29678], [-0.03384, 49.32005], [0.01287, 49.33462], [0.04029, 49.35041], [0.07195, 49.35928], [0.09285, 49.38057], [0.13613, 49.40151], [0.4169, 49.44839], [0.42404, 49.45631], [0.47657, 49.47866], [0.49317, 49.4936], [0.43677, 49.47044], [0.43926, 49.47319], [0.27764, 49.46328], [0.1294, 49.50845], [0.10938, 49.55752], [0.1242, 49.59552], [0.18672, 49.70303], [0.60837, 49.86002], [0.69867, 49.8756], [0.76092, 49.87507], [1.17262, 49.961], [1.19695, 49.97358], [1.2212, 49.97899], [1.25706, 50.00469], [1.39129, 50.07518], [1.45582, 50.1236], [1.46453, 50.13215], [1.47927, 50.16712], [1.52772, 50.21526], [1.55535, 50.21772], [1.65431, 50.18659], [1.67254, 50.19253], [1.67254, 50.19937], [1.65528, 50.20051], [1.64454, 50.21239], [1.66505, 50.21239], [1.66505, 50.21979], [1.6255, 50.22431], [1.61004, 50.23225], [1.59392, 50.25629], [1.58641, 50.25864], [1.55156, 50.29395], [1.55533, 50.354], [1.57203, 50.37568], [1.61036, 50.37067], [1.61036, 50.3769], [1.55841, 50.40314], [1.55943, 50.41941], [1.5735, 50.44538], [1.57927, 50.53315], [1.61036, 50.54816], [1.58334, 50.57469], [1.57789, 50.58861], [1.57311, 50.63749], [1.57947, 50.73895], [1.60011, 50.77098], [1.60564, 50.79003], [1.60262, 50.80094], [1.60957, 50.81948], [1.67227, 50.88501], [1.76768, 50.93569], [1.9125, 50.99063], [2.38445, 51.05532], [2.46608, 51.06879], [2.5218, 51.08754], [2.55698, 51.00118], [2.57468, 50.98877]], [[1.9995, 42.4439], [1.96797, 42.4857], [1.9566, 42.48178], [1.94565, 42.46382], [1.94751, 42.45123], [1.96063, 42.44372], [1.9995, 42.4439]]], [[[-0.59618, 45.02464], [-0.59246, 45.02452], [-0.57831, 45.01682], [-0.59618, 45.02464]]]]}}, {"type": "Feature", "properties": {"bidding_zone": "GR"}, "geometry": {"type": "MultiPolygon", "coordinates": [[[[23.05844, 36.21646], [23.04219, 36.14639], [22.93859, 36.17757], [22.91098, 36.22078], [22.91619, 36.2851], [22.90566, 36.32031], [22.93262, 36.36875], [22.95049, 36.38394], [23.01173, 36.30829], [23.04602, 36.28854], [23.09707, 36.24658], [23.08642, 36.23261], [23.06625, 36.22639], [23.05844, 36.21646]]], [[[20.89389, 37.73347], [20.87916, 37.72822], [20.86329, 37.7106], [20.84352, 37.70156], [20.84604, 37.6852], [20.81855, 37.66475], [20.70381, 37.74346], [20.70216, 37.75454], [20.68174, 37.76903], [20.63506, 37.82314], [20.62293, 37.84806], [20.6277, 37.85761], [20.62454, 37.86022], [20.69259, 37.92831], [20.73483, 37.88016], [20.74195, 37.86229], [20.77719, 37.84333], [20.79691, 37.84721], [20.84239, 37.83887], [20.8992, 37.79547], [20.91798, 37.76529], [20.9494, 37.74913], [20.9936, 37.7081], [20.95436, 37.72386], [20.89389, 37.73347]]], [[[23.4817, 37.94172], [23.49773, 37.96686], [23.48561, 37.96625], [23.46046, 37.95254], [23.4477, 37.95549], [23.46221, 37.98037], [23.47047, 37.98045], [23.48369, 37.99111], [23.51553, 37.98604], [23.53408, 37.97086], [23.5452, 37.94176], [23.53932, 37.93952], [23.54347, 37.92886], [23.51143, 37.90117], [23.50131, 37.90607], [23.49443, 37.90164], [23.4668, 37.90239], [23.43525, 37.91148], [23.41985, 37.93061], [23.43946, 37.9396], [23.46852, 37.93203], [23.4817, 37.94172]]], [[[20.56992, 38.09824], [20.52306, 38.10761], [20.49551, 38.16416], [20.49758, 38.17716], [20.50978, 38.17227], [20.50978, 38.17967], [20.49383, 38.19172], [20.44532, 38.27619], [20.43507, 38.27879], [20.42791, 38.26166], [20.43411, 38.22068], [20.39102, 38.18843], [20.35254, 38.17988], [20.35225, 38.22079], [20.40869, 38.33677], [20.43506, 38.3562], [20.44256, 38.33771], [20.45509, 38.32307], [20.46323, 38.33149], [20.47047, 38.31513], [20.47901, 38.30948], [20.5298, 38.33747], [20.53875, 38.35407], [20.53925, 38.37485], [20.54499, 38.38728], [20.55128, 38.38516], [20.5481, 38.39401], [20.55029, 38.45654], [20.56248, 38.47394], [20.61245, 38.38199], [20.61916, 38.31952], [20.59913, 38.30264], [20.63054, 38.25796], [20.64291, 38.2534], [20.6522, 38.25942], [20.69522, 38.24619], [20.78873, 38.14118], [20.78076, 38.08882], [20.76133, 38.07056], [20.68493, 38.09476], [20.65301, 38.11115], [20.61459, 38.11982], [20.58074, 38.11546], [20.56992, 38.09824]]], [[[20.75001, 38.3347], [20.75869, 38.32944], [20.70928, 38.3186], [20.64639, 38.41431], [20.64015, 38.4466], [20.63351, 38.45167], [20.6241, 38.47896], [20.63551, 38.47297], [20.64971, 38.48398], [20.67097, 38.47749], [20.66114, 38.46088], [20.67823, 38.46186], [20.70126, 38.4505], [20.7019, 38.42379], [20.67482, 38.37767], [20.69239, 38.37132], [20.71583, 38.37153], [20.71583, 38.37767], [20.70216, 38.38516], [20.7225, 38.38516], [20.71747, 38.39166], [20.73874, 38.36627], [20.75001, 38.3347]]], [[[24.44776, 38.01057], [24.4297, 38.02119], [24.41642, 38.01656], [24.35947, 38.01855], [24.31479, 38.06489], [24.29032, 38.07519], [24.28631, 38.08625], [24.2693, 38.0954], [24.25046, 38.09674], [24.21201, 38.11753], [24.19465, 38.14803], [24.21079, 38.166], [24.20875, 38.17862], [24.19402, 38.19212], [24.18531, 38.21796], [24.16059, 38.22887], [24.14138, 38.248], [24.1631, 38.26781], [24.15349, 38.28132], [24.14552, 38.28091], [24.1298, 38.26869], [24.11399, 38.29691], [24.12159, 38.30948], [24.06357, 38.33721], [24.06055, 38.34235], [24.06691, 38.35102], [24.05909, 38.36005], [24.05942, 38.37767], [24.04225, 38.40152], [24.03891, 38.39541], [23.9808, 38.39887], [23.95287, 38.39608], [23.84376, 38.40567], [23.76725, 38.40119], [23.65078, 38.44307], [23.6281, 38.5174], [23.6281, 38.52237], [23.63551, 38.52237], [23.63551, 38.52855], [23.59995, 38.57136], [23.55724, 38.58018], [23.50527, 38.61294], [23.49773, 38.63101], [23.47519, 38.64518], [23.45054, 38.66736], [23.44597, 38.67674], [23.32301, 38.76252], [23.20232, 38.8299], [23.16814, 38.84447], [23.11941, 38.85093], [23.04008, 38.87066], [23.02866, 38.87739], [22.96941, 38.88911], [22.95639, 38.88544], [22.95639, 38.878], [22.9839, 38.87352], [22.99153, 38.85981], [22.93574, 38.83965], [22.88135, 38.84766], [22.87031, 38.87051], [22.95281, 38.9016], [23.03566, 38.92642], [23.04591, 38.94684], [23.08676, 38.95433], [23.09738, 38.97634], [23.1458, 39.00269], [23.17048, 39.00898], [23.19972, 39.00898], [23.2582, 39.03135], [23.3127, 39.03491], [23.37633, 38.98767], [23.37436, 38.98249], [23.38461, 38.96752], [23.41692, 38.95578], [23.44996, 38.88544], [23.45069, 38.87458], [23.48048, 38.83808], [23.56788, 38.79385], [23.594, 38.78664], [23.594, 38.77021], [23.6076, 38.77558], [23.61997, 38.76553], [23.66228, 38.75507], [23.6727, 38.76044], [23.68336, 38.75507], [23.69596, 38.76161], [23.74061, 38.74323], [23.75359, 38.71918], [23.77369, 38.70816], [23.8576, 38.68252], [23.90594, 38.67939], [23.94776, 38.66942], [23.96656, 38.67011], [23.97697, 38.67961], [24.09902, 38.671], [24.12754, 38.64849], [24.13127, 38.64021], [24.12159, 38.62474], [24.1211, 38.6081], [24.12648, 38.59858], [24.1759, 38.56601], [24.19971, 38.54102], [24.20965, 38.50875], [24.18816, 38.47411], [24.18434, 38.43964], [24.19735, 38.42574], [24.20101, 38.41174], [24.18507, 38.40762], [24.18816, 38.39883], [24.20963, 38.37875], [24.21485, 38.33641], [24.22664, 38.32473], [24.25762, 38.25872], [24.24513, 38.24116], [24.25245, 38.22797], [24.29225, 38.20018], [24.32791, 38.18428], [24.33758, 38.16283], [24.34441, 38.15925], [24.36258, 38.16202], [24.47779, 38.13874], [24.49585, 38.14589], [24.56328, 38.14751], [24.58247, 38.12951], [24.57895, 38.10932], [24.57993, 38.08421], [24.58402, 38.07809], [24.57852, 38.02017], [24.53652, 37.97974], [24.50234, 37.96992], [24.47266, 37.98052], [24.44776, 38.01057]]], [[[23.594, 38.45344], [23.59652, 38.4572], [23.60033, 38.45263], [23.594, 38.45344]]], [[[20.55791, 38.66186], [20.59288, 38.76069], [20.63467, 38.81758], [20.68991, 38.84234], [20.69722, 38.8388], [20.71963, 38.79917], [20.71714, 38.71567], [20.69695, 38.68985], [20.69874, 38.68281], [20.70607, 38.68041], [20.71669, 38.70051], [20.71484, 38.63833], [20.70698, 38.63004], [20.70216, 38.63841], [20.69532, 38.63841], [20.70056, 38.62327], [20.69792, 38.62049], [20.68784, 38.62474], [20.68257, 38.60787], [20.64894, 38.60859], [20.64218, 38.60187], [20.61362, 38.607], [20.60231, 38.62678], [20.58546, 38.61791], [20.55469, 38.58257], [20.55791, 38.66186]]], [[[21.32927, 40.86629], [21.4041, 40.90718], [21.45967, 40.90361], [21.54026, 40.87955], [21.55365, 40.87043], [21.58156, 40.86629], [21.62393, 40.89443], [21.64884, 40.8958], [21.65336, 40.90553], [21.70631, 40.92438], [21.737, 40.91916], [21.76552, 40.92391], [21.77813, 40.93373], [21.78182, 40.95288], [21.80977, 40.98213], [21.83126, 40.99352], [21.845, 41.01238], [21.88066, 41.03843], [21.8943, 41.05383], [21.89677, 41.07318], [21.92949, 41.10742], [21.99537, 41.13109], [22.06627, 41.13575], [22.10338, 41.12152], [22.12436, 41.12721], [22.15047, 41.14514], [22.18447, 41.15864], [22.23769, 41.15518], [22.30494, 41.14207], [22.30875, 41.12498], [22.35998, 41.13134], [22.42181, 41.11465], [22.45148, 41.11367], [22.5124, 41.12222], [22.57126, 41.11951], [22.59018, 41.12514], [22.61555, 41.14396], [22.66971, 41.16109], [22.7049, 41.13966], [22.71575, 41.1456], [22.72722, 41.16581], [22.75508, 41.31274], [22.78389, 41.33198], [22.90428, 41.3365], [23.11521, 41.31267], [23.15717, 41.31634], [23.1797, 41.32135], [23.19954, 41.33298], [23.20627, 41.35979], [23.23984, 41.38496], [23.30705, 41.38734], [23.32605, 41.36931], [23.34724, 41.37122], [23.39018, 41.39233], [23.4334, 41.39873], [23.54285, 41.38609], [23.57895, 41.372], [23.61244, 41.37102], [23.63986, 41.38774], [23.7104, 41.40229], [23.73822, 41.39747], [23.75445, 41.40068], [23.76507, 41.41399], [23.82281, 41.43492], [23.8516, 41.43959], [23.88266, 41.45589], [23.91932, 41.45444], [23.94989, 41.43758], [23.96467, 41.43835], [23.98689, 41.4537], [24.0096, 41.4597], [24.03474, 41.45132], [24.052, 41.463], [24.04867, 41.50868], [24.05606, 41.52725], [24.13669, 41.5289], [24.15401, 41.52212], [24.16279, 41.51204], [24.17023, 41.51158], [24.17711, 41.52972], [24.23037, 41.53081], [24.28567, 41.52542], [24.28682, 41.51762], [24.29612, 41.51524], [24.31824, 41.52077], [24.345, 41.5184], [24.39973, 41.52761], [24.43885, 41.5277], [24.4549, 41.54489], [24.48408, 41.55403], [24.51826, 41.55254], [24.54486, 41.50819], [24.54944, 41.48543], [24.58213, 41.45555], [24.58044, 41.44052], [24.59584, 41.42977], [24.63281, 41.42752], [24.64193, 41.42375], [24.63822, 41.41768], [24.65547, 41.41768], [24.74301, 41.3721], [24.77444, 41.34807], [24.79428, 41.3474], [24.80286, 41.36192], [24.80084, 41.375], [24.84688, 41.39424], [24.96752, 41.37018], [25.13726, 41.3134], [25.18865, 41.28189], [25.21968, 41.24973], [25.23911, 41.24089], [25.28572, 41.2394], [25.45346, 41.28043], [25.4791, 41.28379], [25.50509, 41.28058], [25.51491, 41.28348], [25.52857, 41.29997], [25.64003, 41.311], [25.67045, 41.29919], [25.69123, 41.29841], [25.71748, 41.31412], [25.76347, 41.31903], [25.78564, 41.33033], [25.84855, 41.32192], [25.86269, 41.31009], [25.88202, 41.30404], [25.9139, 41.31318], [25.95963, 41.315], [26.00177, 41.33317], [26.05357, 41.34721], [26.12087, 41.35779], [26.14784, 41.39691], [26.159, 41.42181], [26.17564, 41.43189], [26.1774, 41.43995], [26.15621, 41.46042], [26.14841, 41.48535], [26.15931, 41.4938], [26.16314, 41.52915], [26.15249, 41.54703], [26.13217, 41.55206], [26.13027, 41.58268], [26.12107, 41.60821], [26.10671, 41.62428], [26.08854, 41.62937], [26.07695, 41.64019], [26.06602, 41.67324], [26.08555, 41.70415], [26.10742, 41.72568], [26.14874, 41.73372], [26.1899, 41.73469], [26.20208, 41.74346], [26.24983, 41.73265], [26.27393, 41.7149], [26.29491, 41.71032], [26.33574, 41.71321], [26.39184, 41.70056], [26.40436, 41.69182], [26.42342, 41.68817], [26.4625, 41.66338], [26.46995, 41.65647], [26.46441, 41.64852], [26.52115, 41.61643], [26.57644, 41.591], [26.58246, 41.59779], [26.5996, 41.54404], [26.59546, 41.53741], [26.60611, 41.52305], [26.61034, 41.50795], [26.6249, 41.40176], [26.60234, 41.35415], [26.54731, 41.34494], [26.54017, 41.35179], [26.5174, 41.33347], [26.36615, 41.25676], [26.3317, 41.25412], [26.32054, 41.24622], [26.33047, 41.23513], [26.32106, 41.18762], [26.32687, 41.16595], [26.32585, 41.14052], [26.31734, 41.13046], [26.31734, 41.1223], [26.32705, 41.12019], [26.32838, 41.09765], [26.3224, 41.08855], [26.32509, 41.07408], [26.3541, 41.03677], [26.3541, 41.00191], [26.33594, 40.99714], [26.33315, 40.99073], [26.34249, 40.97561], [26.33105, 40.95449], [26.27527, 40.91023], [26.26649, 40.92045], [26.26039, 40.92045], [26.25223, 40.90055], [26.2392, 40.88567], [26.23238, 40.88567], [26.22618, 40.89931], [26.22525, 40.8836], [26.21192, 40.87947], [26.21254, 40.87311], [26.21864, 40.87198], [26.20582, 40.865], [26.20832, 40.85328], [26.15828, 40.81219], [26.13962, 40.78321], [26.10918, 40.74966], [26.06236, 40.73704], [26.04396, 40.73847], [26.04689, 40.7425], [26.03598, 40.75776], [26.02735, 40.79613], [26.00587, 40.80394], [26.00587, 40.81078], [26.05372, 40.81623], [26.06056, 40.82075], [26.05397, 40.83096], [26.03891, 40.83251], [26.01222, 40.82445], [26.00587, 40.83877], [25.99838, 40.83877], [26.00587, 40.81704], [25.99838, 40.81704], [25.98292, 40.83088], [25.95167, 40.84553], [25.91863, 40.85297], [25.89666, 40.84492], [25.82569, 40.84968], [25.80323, 40.85651], [25.77126, 40.85437], [25.5064, 40.88662], [25.48683, 40.89712], [25.44779, 40.9036], [25.34083, 40.94172], [25.29965, 40.95185], [25.27947, 40.93684], [25.24893, 40.93331], [25.13841, 40.9803], [25.1482, 40.99006], [25.16993, 40.99579], [25.13844, 41.01008], [25.03907, 41.00605], [25.03956, 40.98957], [25.01881, 40.97508], [24.99171, 40.96845], [24.99423, 40.96209], [24.95391, 40.94115], [24.8921, 40.92064], [24.86354, 40.90522], [24.84199, 40.88299], [24.79297, 40.85752], [24.7658, 40.86542], [24.7544, 40.86156], [24.6907, 40.86823], [24.66149, 40.8788], [24.57553, 40.9267], [24.56666, 40.95173], [24.50514, 40.96162], [24.47291, 40.95173], [24.46164, 40.94197], [24.44313, 40.94807], [24.41554, 40.94554], [24.39177, 40.93647], [24.37224, 40.91413], [24.31267, 40.87971], [24.32929, 40.86656], [24.23438, 40.78613], [24.08232, 40.72407], [23.94665, 40.74824], [23.87403, 40.77766], [23.84205, 40.78335], [23.80926, 40.78042], [23.7317, 40.75186], [23.7107, 40.73762], [23.69703, 40.72142], [23.69174, 40.69538], [23.70021, 40.67365], [23.71803, 40.65868], [23.75563, 40.64566], [23.78663, 40.60615], [23.79265, 40.58796], [23.83351, 40.56379], [23.86109, 40.55925], [23.87891, 40.54438], [23.86141, 40.52097], [23.83823, 40.51874], [23.82301, 40.50698], [23.81902, 40.48774], [23.82667, 40.46137], [23.86817, 40.41352], [23.91554, 40.38935], [23.96388, 40.37946], [24.00245, 40.38638], [24.01173, 40.39248], [24.00842, 40.40852], [24.03057, 40.40933], [24.04753, 40.40174], [24.0652, 40.38101], [24.08579, 40.36603], [24.1089, 40.35741], [24.12843, 40.36518], [24.19148, 40.33732], [24.20395, 40.31737], [24.22273, 40.31706], [24.29248, 40.2418], [24.34336, 40.14771], [24.23242, 40.21519], [24.16896, 40.2753], [24.12843, 40.29003], [24.05606, 40.30356], [23.98459, 40.33119], [23.93653, 40.36518], [23.92262, 40.36933], [23.88502, 40.36518], [23.83351, 40.37202], [23.78224, 40.35269], [23.75961, 40.34919], [23.73048, 40.35895], [23.69972, 40.32636], [23.69361, 40.30923], [23.69565, 40.29291], [23.71632, 40.25532], [23.75766, 40.23168], [23.76433, 40.2154], [23.77858, 40.2027], [23.86769, 40.17276], [23.87861, 40.17588], [23.91758, 40.15523], [23.96748, 40.11455], [23.98863, 40.05742], [23.98422, 40.05362], [23.98683, 40.04218], [23.99589, 40.03782], [24.00078, 40.02461], [23.98184, 39.99404], [23.94707, 39.96558], [23.85895, 40.01029], [23.8449, 40.02412], [23.83184, 40.02641], [23.78893, 40.07705], [23.7933, 40.09382], [23.77833, 40.10163], [23.7645, 40.12617], [23.67547, 40.21792], [23.64177, 40.23542], [23.54029, 40.24478], [23.48414, 40.2696], [23.43849, 40.2792], [23.39829, 40.27774], [23.365, 40.2617], [23.3401, 40.22797], [23.33766, 40.20844], [23.36362, 40.15046], [23.40065, 40.14399], [23.46925, 40.06708], [23.49887, 40.0423], [23.60294, 39.99844], [23.67412, 39.95889], [23.65752, 39.93447], [23.62734, 39.92407], [23.47096, 39.97163], [23.3956, 39.98984], [23.32822, 40.08994], [23.32092, 40.14697], [23.32455, 40.17495], [23.31861, 40.21052], [23.29908, 40.23542], [23.25864, 40.25312], [23.16043, 40.27871], [23.01695, 40.34279], [23.01092, 40.35122], [22.96388, 40.37946], [22.92128, 40.38815], [22.89648, 40.3999], [22.85137, 40.49063], [22.87605, 40.51063], [22.94158, 40.51716], [22.98316, 40.55268], [22.9769, 40.57062], [22.94174, 40.58735], [22.94955, 40.60541], [22.93377, 40.63093], [22.91049, 40.6446], [22.88307, 40.64728], [22.85401, 40.63947], [22.86109, 40.62055], [22.85865, 40.60529], [22.84034, 40.5843], [22.81143, 40.57861], [22.79847, 40.57076], [22.77833, 40.57807], [22.74594, 40.55524], [22.74189, 40.53648], [22.69593, 40.51974], [22.68849, 40.52749], [22.67351, 40.52684], [22.65773, 40.51667], [22.65636, 40.50534], [22.62949, 40.49556], [22.6285, 40.48105], [22.60288, 40.48127], [22.57911, 40.46821], [22.60377, 40.444], [22.60873, 40.42817], [22.60646, 40.41356], [22.63707, 40.38616], [22.64268, 40.3666], [22.59034, 40.24164], [22.59083, 40.23017], [22.5525, 40.16657], [22.54965, 40.14387], [22.56772, 40.1105], [22.57293, 40.08771], [22.5713, 40.05427], [22.58766, 40.04491], [22.60027, 40.0163], [22.64076, 39.98978], [22.71632, 39.91647], [22.72299, 39.89777], [22.7409, 39.8747], [22.78989, 39.84508], [22.83574, 39.80059], [22.92514, 39.59951], [22.93946, 39.58063], [23.10342, 39.49204], [23.11411, 39.46699], [23.12566, 39.45441], [23.21095, 39.37934], [23.22381, 39.35859], [23.24712, 39.34111], [23.2808, 39.29853], [23.32773, 39.1749], [23.28409, 39.14677], [23.20973, 39.13182], [23.23024, 39.12442], [23.23024, 39.11815], [23.20362, 39.10456], [23.19142, 39.10781], [23.15281, 39.10314], [23.13476, 39.11916], [23.17172, 39.13496], [23.18238, 39.14614], [23.17555, 39.15546], [23.18133, 39.15868], [23.19093, 39.15811], [23.19923, 39.15143], [23.21355, 39.16812], [23.21713, 39.17963], [23.17555, 39.23428], [23.17986, 39.2508], [23.16912, 39.26854], [23.11549, 39.30744], [23.02016, 39.31921], [23.01857, 39.33047], [22.99806, 39.35712], [22.93588, 39.36058], [22.94288, 39.34414], [22.93279, 39.336], [22.92905, 39.3242], [22.93394, 39.31069], [22.90635, 39.29764], [22.84254, 39.28848], [22.82618, 39.27216], [22.82618, 39.22126], [22.85401, 39.15913], [22.8602, 39.15913], [22.8808, 39.17983], [22.91723, 39.13552], [22.92058, 39.12515], [22.93896, 39.11152], [22.96493, 39.03272], [22.95883, 39.02513], [22.96388, 39.00898], [23.01531, 39.03319], [23.0667, 39.03794], [22.93047, 38.9477], [22.87121, 38.92634], [22.84653, 38.92642], [22.84096, 38.91543], [22.80264, 38.90161], [22.65285, 38.89642], [22.62159, 38.9145], [22.58082, 38.89362], [22.55209, 38.88923], [22.53883, 38.878], [22.52508, 38.88544], [22.52508, 38.85814], [22.57293, 38.86433], [22.57293, 38.85814], [22.55388, 38.84809], [22.56332, 38.83625], [22.58277, 38.83198], [22.59344, 38.84447], [22.60027, 38.84447], [22.59344, 38.83023], [22.63266, 38.83515], [22.64112, 38.83023], [22.6878, 38.849], [22.71659, 38.83277], [22.74806, 38.79922], [22.77833, 38.78172], [22.81593, 38.78925], [22.84555, 38.77802], [22.8672, 38.75507], [22.89119, 38.77256], [23.02031, 38.74189], [23.06493, 38.7138], [23.09051, 38.64912], [23.1045, 38.63841], [23.12355, 38.63691], [23.15642, 38.65347], [23.18247, 38.65375], [23.19425, 38.66466], [23.25293, 38.66123], [23.31277, 38.59124], [23.2933, 38.57909], [23.28541, 38.55646], [23.29542, 38.5681], [23.30738, 38.56855], [23.34059, 38.54556], [23.354, 38.54302], [23.36865, 38.52588], [23.3401, 38.52237], [23.32927, 38.50837], [23.33497, 38.50361], [23.41847, 38.50434], [23.51938, 38.49067], [23.52943, 38.49664], [23.56963, 38.4894], [23.58812, 38.46726], [23.5735, 38.46088], [23.5735, 38.45344], [23.5962, 38.44676], [23.60011, 38.44062], [23.594, 38.42609], [23.62501, 38.41401], [23.67286, 38.35643], [23.70997, 38.33674], [23.75434, 38.33997], [23.82569, 38.32732], [23.96699, 38.275], [24.00537, 38.22681], [24.02451, 38.13979], [23.98902, 38.12263], [23.99, 38.10212], [24.00913, 38.04059], [24.03039, 38.01207], [24.03004, 37.99844], [24.01173, 37.96686], [24.01588, 37.93745], [24.01173, 37.92524], [24.03443, 37.92292], [24.04062, 37.91841], [24.04385, 37.90274], [24.01173, 37.89175], [24.02784, 37.88032], [24.04894, 37.87802], [24.0464, 37.87059], [24.05061, 37.86991], [24.0583, 37.83259], [24.05323, 37.82282], [24.06133, 37.81792], [24.0623, 37.77451], [24.05537, 37.70962], [24.01973, 37.67773], [23.97158, 37.67676], [23.9432, 37.70719], [23.94337, 37.72724], [23.92799, 37.72349], [23.91389, 37.73861], [23.90252, 37.78189], [23.88885, 37.7744], [23.8816, 37.79108], [23.86557, 37.80768], [23.8475, 37.8181], [23.83351, 37.81599], [23.81918, 37.82966], [23.81197, 37.82586], [23.74098, 37.87808], [23.70053, 37.9252], [23.69703, 37.93952], [23.68019, 37.94587], [23.66235, 37.94258], [23.58709, 38.00505], [23.59791, 38.02114], [23.59059, 38.0388], [23.58131, 38.04629], [23.52182, 38.04255], [23.48993, 38.02866], [23.46046, 38.02546], [23.39738, 37.98876], [23.33678, 37.97992], [23.22682, 37.97362], [23.08799, 37.9131], [23.05201, 37.92524], [23.04274, 37.92194], [23.01515, 37.92524], [23.01026, 37.89696], [22.99513, 37.88215], [22.99952, 37.8627], [23.01254, 37.84756], [23.03224, 37.85078], [23.04965, 37.84357], [23.09631, 37.84348], [23.14717, 37.79531], [23.14717, 37.76295], [23.12818, 37.76048], [23.12094, 37.74091], [23.14717, 37.72532], [23.14717, 37.71626], [23.16418, 37.68383], [23.17555, 37.64468], [23.16188, 37.64468], [23.16863, 37.61416], [23.19011, 37.60733], [23.23024, 37.58259], [23.23764, 37.59003], [23.27467, 37.56122], [23.32301, 37.53742], [23.33668, 37.53547], [23.36036, 37.54767], [23.35914, 37.57429], [23.34262, 37.59743], [23.39507, 37.58019], [23.37428, 37.55589], [23.42205, 37.52955], [23.39527, 37.5218], [23.39527, 37.51496], [23.43629, 37.50812], [23.45886, 37.49615], [23.49063, 37.46387], [23.48926, 37.44019], [23.38361, 37.41212], [23.30592, 37.41193], [23.31219, 37.39826], [23.26271, 37.40103], [23.26441, 37.39081], [23.23024, 37.38459], [23.22999, 37.37495], [23.24008, 37.37006], [23.20303, 37.34853], [23.16152, 37.33384], [23.1, 37.36377], [23.0987, 37.39222], [23.11256, 37.41087], [23.11411, 37.4256], [23.14145, 37.41193], [23.13201, 37.44864], [23.09718, 37.46223], [23.0663, 37.45587], [23.05232, 37.46295], [23.05942, 37.46654], [23.04591, 37.48701], [23.02462, 37.47699], [22.99208, 37.49269], [22.98072, 37.50878], [22.96388, 37.5218], [22.94288, 37.5218], [22.93605, 37.53547], [22.92156, 37.54035], [22.90187, 37.54165], [22.91432, 37.5388], [22.92237, 37.52802], [22.90235, 37.53486], [22.87478, 37.52822], [22.85107, 37.53223], [22.79636, 37.57026], [22.79884, 37.5764], [22.77833, 37.59687], [22.73845, 37.58088], [22.72641, 37.56635], [22.72316, 37.54165], [22.73426, 37.50884], [22.73048, 37.49445], [22.74334, 37.47475], [22.75979, 37.41303], [22.75799, 37.39826], [22.81477, 37.33407], [22.81251, 37.32933], [22.82394, 37.32315], [22.81935, 37.32315], [22.81935, 37.31635], [22.82984, 37.30829], [22.85377, 37.27387], [22.86085, 37.25568], [22.89537, 37.20621], [22.90855, 37.18104], [22.9004, 37.17292], [22.89503, 37.13386], [22.90317, 37.12128], [22.94057, 37.11988], [23.00655, 36.98721], [22.99073, 36.98676], [23.00489, 36.96686], [23.01173, 36.97309], [23.01637, 36.95527], [23.01173, 36.93891], [23.049, 36.8769], [23.04591, 36.86909], [23.06092, 36.85015], [23.07353, 36.77495], [23.06461, 36.73916], [23.05201, 36.74714], [23.02565, 36.71564], [23.03907, 36.7062], [23.03224, 36.69257], [23.05299, 36.69257], [23.05162, 36.68705], [23.03443, 36.67487], [23.03566, 36.64907], [23.08058, 36.57929], [23.09293, 36.57336], [23.11172, 36.54761], [23.16016, 36.4481], [23.10684, 36.45186], [23.06723, 36.48189], [23.07211, 36.49311], [23.06511, 36.5091], [23.05104, 36.52245], [23.03566, 36.52802], [22.99665, 36.52104], [22.98291, 36.52837], [22.95045, 36.56258], [22.92921, 36.59634], [22.90027, 36.61548], [22.88099, 36.63581], [22.88893, 36.64248], [22.88429, 36.65424], [22.84254, 36.685], [22.83232, 36.68711], [22.80787, 36.73957], [22.80079, 36.77578], [22.78688, 36.79344], [22.76515, 36.80419], [22.73666, 36.80858], [22.68556, 36.80948], [22.62257, 36.80345], [22.5774, 36.78303], [22.57911, 36.74038], [22.54615, 36.72142], [22.53346, 36.70722], [22.52508, 36.68513], [22.54029, 36.68521], [22.55031, 36.67675], [22.54186, 36.66177], [22.53386, 36.67056], [22.52508, 36.67145], [22.5114, 36.65689], [22.51002, 36.64802], [22.52705, 36.63551], [22.51106, 36.60716], [22.50465, 36.62425], [22.49, 36.61701], [22.48406, 36.60663], [22.48945, 36.44692], [22.42773, 36.47578], [22.3748, 36.51357], [22.37637, 36.54584], [22.38356, 36.54418], [22.38819, 36.55606], [22.38404, 36.5725], [22.37796, 36.57851], [22.38795, 36.60253], [22.37913, 36.60253], [22.38112, 36.64354], [22.38795, 36.64411], [22.38795, 36.65095], [22.3806, 36.65303], [22.37744, 36.68642], [22.38795, 36.7062], [22.37409, 36.70426], [22.3065, 36.78857], [22.29168, 36.82014], [22.22153, 36.89753], [22.20021, 36.9064], [22.1844, 36.89683], [22.16475, 36.90283], [22.14406, 36.94365], [22.15358, 36.98688], [22.15317, 37.02119], [22.08562, 37.03339], [22.04811, 37.03514], [22.03004, 37.03095], [21.9922, 37.01211], [21.9546, 37.00365], [21.94313, 36.99331], [21.93735, 36.97997], [21.92172, 36.86323], [21.93491, 36.83421], [21.92856, 36.82225], [21.93516, 36.81714], [21.93428, 36.80366], [21.89238, 36.7373], [21.83981, 36.78021], [21.82276, 36.80858], [21.80616, 36.80767], [21.73809, 36.86323], [21.70209, 36.91373], [21.70948, 36.92593], [21.70997, 36.94269], [21.70265, 36.95726], [21.68816, 36.96454], [21.66929, 36.95975], [21.68043, 36.96646], [21.68165, 36.97309], [21.6727, 36.97358], [21.66504, 36.96572], [21.6548, 36.9947], [21.62062, 37.02805], [21.58291, 37.08096], [21.57884, 37.19934], [21.61458, 37.23465], [21.6823, 37.28392], [21.69581, 37.31635], [21.69142, 37.35663], [21.67482, 37.39598], [21.60711, 37.4995], [21.56902, 37.54536], [21.54998, 37.56147], [21.4612, 37.61124], [21.42607, 37.63365], [21.40219, 37.65542], [21.3293, 37.66934], [21.29526, 37.77167], [21.28492, 37.7851], [21.23842, 37.80721], [21.20527, 37.82886], [21.13799, 37.85415], [21.12471, 37.8916], [21.14502, 37.91929], [21.16256, 37.93092], [21.20777, 37.94603], [21.25164, 37.97622], [21.27752, 38.00096], [21.29151, 37.99722], [21.32594, 38.02143], [21.32594, 38.02888], [21.31853, 38.0351], [21.31094, 38.03245], [21.34649, 38.09538], [21.36704, 38.12108], [21.37348, 38.14316], [21.40068, 38.19131], [21.40854, 38.18594], [21.40776, 38.19737], [21.45973, 38.20018], [21.52394, 38.166], [21.60304, 38.1518], [21.62233, 38.15477], [21.67482, 38.17967], [21.70135, 38.20527], [21.74844, 38.27422], [21.82891, 38.3279], [21.95332, 38.32119], [22.15087, 38.23109], [22.16139, 38.2132], [22.20607, 38.20018], [22.21852, 38.18818], [22.25525, 38.18594], [22.36054, 38.16047], [22.41481, 38.13788], [22.4322, 38.14314], [22.54146, 38.11671], [22.71152, 38.04692], [22.7849, 37.99218], [22.7964, 37.97679], [22.8213, 37.96918], [22.8672, 37.93952], [22.88266, 37.93757], [22.92237, 37.94636], [22.9463, 37.94623], [22.97535, 37.97899], [22.95094, 38.00243], [22.90954, 38.02106], [22.89316, 38.05093], [22.95479, 38.07461], [22.9923, 38.07432], [23.01905, 38.06525], [23.03907, 38.06989], [23.06861, 38.05891], [23.17286, 38.07949], [23.18971, 38.09439], [23.21664, 38.10334], [23.2103, 38.11538], [23.19418, 38.12694], [23.18054, 38.13013], [23.1835, 38.13369], [23.17555, 38.14496], [23.2234, 38.1518], [23.2234, 38.15925], [23.15708, 38.16608], [23.13939, 38.17958], [23.14894, 38.18594], [23.12273, 38.20808], [23.10963, 38.21011], [23.09179, 38.19661], [23.04496, 38.20109], [23.02508, 38.21662], [22.95191, 38.22529], [22.93377, 38.22207], [22.92237, 38.20702], [22.93588, 38.2106], [22.95639, 38.2071], [22.93252, 38.20195], [22.90336, 38.21169], [22.89503, 38.24116], [22.88819, 38.24116], [22.88087, 38.22696], [22.87469, 38.24116], [22.83438, 38.23472], [22.78143, 38.26383], [22.79884, 38.28213], [22.74236, 38.29706], [22.71941, 38.31029], [22.69646, 38.31688], [22.6753, 38.34357], [22.68442, 38.36107], [22.67018, 38.38154], [22.64649, 38.38996], [22.6268, 38.37153], [22.64487, 38.36961], [22.64617, 38.3618], [22.63673, 38.35627], [22.61232, 38.36384], [22.59077, 38.34252], [22.47674, 38.40666], [22.46306, 38.42609], [22.40162, 38.45344], [22.40806, 38.41871], [22.37371, 38.39204], [22.38127, 38.3838], [22.31992, 38.35684], [22.27504, 38.3549], [22.25261, 38.36099], [22.22486, 38.36005], [22.215, 38.35553], [22.09059, 38.3839], [22.04908, 38.3985], [22.02726, 38.39833], [21.98764, 38.41059], [21.96533, 38.41245], [21.85579, 38.38142], [21.84051, 38.39887], [21.83123, 38.39667], [21.78264, 38.36394], [21.71963, 38.35537], [21.65797, 38.35786], [21.61354, 38.34496], [21.59962, 38.35102], [21.56768, 38.33359], [21.48395, 38.32285], [21.48976, 38.33674], [21.47608, 38.34357], [21.47608, 38.35102], [21.48976, 38.35786], [21.46998, 38.35786], [21.47608, 38.37153], [21.45851, 38.36636], [21.44264, 38.37153], [21.43028, 38.36572], [21.42459, 38.37169], [21.42848, 38.38373], [21.41627, 38.39411], [21.40018, 38.39728], [21.39014, 38.40781], [21.35547, 38.47481], [21.32252, 38.49628], [21.3086, 38.49437], [21.33055, 38.46247], [21.32979, 38.42437], [21.30985, 38.38638], [21.29119, 38.37767], [21.29685, 38.3724], [21.18262, 38.34556], [21.12322, 38.37901], [21.14039, 38.39887], [21.12241, 38.41035], [21.11476, 38.40961], [21.10658, 38.39933], [21.09051, 38.43502], [21.10678, 38.42544], [21.11622, 38.42805], [21.11988, 38.44038], [21.10621, 38.43293], [21.11085, 38.44611], [21.10141, 38.46475], [21.10621, 38.48139], [21.07895, 38.48753], [21.09938, 38.49437], [21.08522, 38.50186], [21.09474, 38.51789], [21.09596, 38.53193], [21.08668, 38.53644], [21.05411, 38.51588], [21.02392, 38.58322], [21.02467, 38.60847], [21.00508, 38.62524], [20.98813, 38.66401], [20.97402, 38.6726], [20.88911, 38.75949], [20.87338, 38.79531], [20.85987, 38.80353], [20.84523, 38.79963], [20.83235, 38.78922], [20.77686, 38.80752], [20.76982, 38.86426], [20.80519, 38.86774], [20.7942, 38.87979], [20.77102, 38.88938], [20.77734, 38.92788], [20.79185, 38.92954], [20.81707, 38.92137], [20.8419, 38.93526], [20.86861, 38.93831], [20.87224, 38.93281], [20.86671, 38.92642], [20.90382, 38.92805], [20.91377, 38.93475], [21.02573, 38.90014], [21.03395, 38.89167], [21.0608, 38.88223], [21.08522, 38.86433], [21.08888, 38.87849], [21.09938, 38.88544], [21.09888, 38.8925], [21.12814, 38.90675], [21.16082, 38.878], [21.17262, 38.87352], [21.18133, 38.88544], [21.16969, 38.89582], [21.16684, 38.91087], [21.15886, 38.91083], [21.14953, 38.92029], [21.14555, 38.97175], [21.1526, 38.97671], [21.16082, 38.97419], [21.15992, 38.99775], [21.13559, 39.02338], [21.08522, 39.06293], [21.07439, 39.05003], [21.07895, 39.03628], [21.06528, 39.04051], [21.03408, 39.02627], [20.97796, 39.03156], [20.96567, 39.03937], [20.95379, 39.03417], [20.94418, 39.03856], [20.93483, 39.05671], [20.9485, 39.06293], [20.9485, 39.06977], [20.92018, 39.06452], [20.90138, 39.07722], [20.89389, 39.07722], [20.88819, 39.06721], [20.87037, 39.05931], [20.86671, 39.05305], [20.87094, 39.04312], [20.88649, 39.03644], [20.8449, 39.03693], [20.85987, 39.04247], [20.85776, 39.05891], [20.85499, 39.0655], [20.8462, 39.06293], [20.8462, 39.07722], [20.83237, 39.07689], [20.82569, 39.06977], [20.83806, 39.09174], [20.83416, 39.10847], [20.82244, 39.11449], [20.81137, 39.10456], [20.80519, 39.1114], [20.79542, 39.09862], [20.77719, 39.09089], [20.77719, 39.08344], [20.79184, 39.0808], [20.78761, 39.06102], [20.78403, 39.04926], [20.76157, 39.03242], [20.7575, 39.02196], [20.74317, 39.02949], [20.74364, 39.02301], [20.71338, 39.03516], [20.68653, 39.07246], [20.57168, 39.14771], [20.4768, 39.24639], [20.47641, 39.26659], [20.48243, 39.28266], [20.46022, 39.27729], [20.45281, 39.28046], [20.44825, 39.2895], [20.43344, 39.28286], [20.4192, 39.28335], [20.39357, 39.29694], [20.38089, 39.29274], [20.30078, 39.3271], [20.29206, 39.34453], [20.2907, 39.36465], [20.27719, 39.3747], [20.2421, 39.44443], [20.26734, 39.44693], [20.26393, 39.46076], [20.22147, 39.48569], [20.21687, 39.49489], [20.25506, 39.49238], [20.26393, 39.50178], [20.26393, 39.50861], [20.23601, 39.52082], [20.22202, 39.52131], [20.22242, 39.50861], [20.20471, 39.5192], [20.19141, 39.5458], [20.16809, 39.56999], [20.17457, 39.57685], [20.17457, 39.59797], [20.18824, 39.60419], [20.18181, 39.62446], [20.1482, 39.63752], [20.08888, 39.67308], [20.04067, 39.68206], [20.01416, 39.70047], [20.08935, 39.6828], [20.18412, 39.63701], [20.19993, 39.64006], [20.20322, 39.6539], [20.23164, 39.6684], [20.24603, 39.6629], [20.24814, 39.67831], [20.29647, 39.71737], [20.29946, 39.72822], [20.28839, 39.74411], [20.29385, 39.78223], [20.30615, 39.79668], [20.33661, 39.79409], [20.35455, 39.78579], [20.3716, 39.78429], [20.38897, 39.79814], [20.39703, 39.81809], [20.393, 39.83545], [20.33892, 39.90035], [20.31133, 39.95078], [20.31113, 39.97944], [20.33717, 39.99051], [20.37646, 39.99374], [20.38315, 40.01688], [20.40801, 40.04946], [20.44697, 40.06253], [20.46596, 40.06081], [20.47881, 40.06652], [20.57779, 40.06727], [20.64756, 40.09404], [20.66823, 40.13807], [20.66484, 40.15129], [20.67692, 40.18716], [20.68528, 40.19119], [20.69644, 40.21507], [20.69697, 40.24639], [20.71787, 40.29268], [20.73665, 40.30364], [20.766, 40.35428], [20.77385, 40.3749], [20.77186, 40.39462], [20.79714, 40.4322], [20.8092, 40.4366], [20.81829, 40.4491], [20.8797, 40.46734], [20.91193, 40.45955], [20.93684, 40.47252], [20.97008, 40.52089], [20.98149, 40.52326], [20.98831, 40.5335], [21.01353, 40.5489], [21.0188, 40.55897], [21.03668, 40.63974], [21.03534, 40.65938], [21.01859, 40.6909], [20.98722, 40.71897], [20.95576, 40.77529], [20.96702, 40.80201], [20.96526, 40.84939], [21.11213, 40.85394], [21.15282, 40.86325], [21.23406, 40.8651], [21.29537, 40.86087], [21.32927, 40.86629]]], [[[23.59395, 39.20859], [23.72895, 39.14017], [23.72674, 39.1315], [23.75115, 39.12892], [23.77979, 39.1144], [23.73516, 39.08057], [23.66611, 39.09536], [23.65985, 39.10519], [23.66969, 39.1114], [23.66969, 39.11815], [23.63812, 39.13929], [23.59395, 39.20859]]], [[[23.87306, 39.18016], [23.88933, 39.21747], [23.90228, 39.23345], [23.9709, 39.26772], [23.95749, 39.2388], [23.93653, 39.22126], [23.92164, 39.19042], [23.90584, 39.17287], [23.88799, 39.1583], [23.84121, 39.14658], [23.85054, 39.16246], [23.87306, 39.18016]]], [[[19.98108, 39.40973], [19.92308, 39.44001], [19.9275, 39.44717], [19.88398, 39.46152], [19.84509, 39.52563], [19.84083, 39.55199], [19.82887, 39.57233], [19.72659, 39.65778], [19.71892, 39.67308], [19.70936, 39.67295], [19.67541, 39.70285], [19.67701, 39.7167], [19.67172, 39.72407], [19.65877, 39.7175], [19.65336, 39.72226], [19.64648, 39.76709], [19.70317, 39.79598], [19.79908, 39.8028], [19.84079, 39.81917], [19.8917, 39.79727], [19.92607, 39.77373], [19.93682, 39.74673], [19.91293, 39.73045], [19.84156, 39.70417], [19.83595, 39.69245], [19.83912, 39.67988], [19.85763, 39.65884], [19.84498, 39.65884], [19.84498, 39.65266], [19.88288, 39.63745], [19.9041, 39.61948], [19.90329, 39.60321], [19.90016, 39.60419], [19.93653, 39.47297], [19.98355, 39.45936], [20.02369, 39.44135], [20.07793, 39.43272], [20.09961, 39.37661], [19.98108, 39.40973]]], [[[26.24316, 35.04429], [26.16562, 35.0186], [26.08877, 35.01573], [26.05795, 35.02289], [26.02027, 35.02094], [25.98487, 35.03913], [25.9603, 35.02896], [25.92408, 35.03408], [25.86826, 35.02323], [25.82969, 35.02519], [25.66021, 35.01135], [25.60125, 35.01358], [25.54973, 35.00007], [25.45903, 34.98931], [25.41521, 34.99372], [25.34767, 34.99152], [25.30397, 34.98477], [25.25782, 34.96545], [25.20576, 34.95928], [24.7998, 34.93447], [24.75235, 34.94852], [24.75213, 34.99592], [24.75994, 35.02733], [24.75896, 35.04149], [24.74285, 35.07722], [24.71811, 35.09398], [24.67272, 35.09663], [24.5834, 35.11533], [24.53533, 35.13341], [24.50074, 35.15241], [24.42806, 35.16502], [24.40382, 35.17503], [24.40211, 35.19111], [24.29527, 35.18244], [24.21471, 35.19301], [24.20395, 35.20539], [24.17713, 35.19794], [24.00989, 35.21988], [23.98764, 35.2333], [23.94681, 35.2323], [23.88359, 35.24609], [23.84555, 35.24343], [23.82667, 35.25259], [23.81227, 35.24478], [23.79949, 35.24632], [23.78925, 35.23948], [23.70334, 35.23351], [23.63641, 35.23597], [23.59277, 35.25723], [23.56162, 35.29517], [23.54968, 35.39741], [23.5735, 35.43476], [23.55983, 35.45181], [23.57765, 35.49291], [23.57846, 35.50056], [23.56609, 35.50703], [23.5726, 35.52045], [23.5681, 35.52555], [23.57107, 35.53577], [23.608, 35.5657], [23.60816, 35.5517], [23.61988, 35.52407], [23.6395, 35.51899], [23.64177, 35.50703], [23.68336, 35.49958], [23.70297, 35.50288], [23.71844, 35.51284], [23.72788, 35.52985], [23.73048, 35.55419], [23.71504, 35.60474], [23.72364, 35.61689], [23.73691, 35.65552], [23.77033, 35.63452], [23.77883, 35.60645], [23.77898, 35.57591], [23.79949, 35.54462], [23.81715, 35.53482], [23.92905, 35.5207], [23.94418, 35.52497], [24.0254, 35.5207], [24.04469, 35.52766], [24.05763, 35.55292], [24.09409, 35.55419], [24.08373, 35.5843], [24.09336, 35.59385], [24.16678, 35.59383], [24.19775, 35.53745], [24.12359, 35.51041], [24.08123, 35.51496], [24.06691, 35.50703], [24.07195, 35.49836], [24.1867, 35.45181], [24.2551, 35.46857], [24.25772, 35.42314], [24.26507, 35.40724], [24.26547, 35.36986], [24.3401, 35.34833], [24.39943, 35.36274], [24.44573, 35.36615], [24.46412, 35.36245], [24.48536, 35.37214], [24.5936, 35.39118], [24.64402, 35.41261], [24.72129, 35.4248], [24.82016, 35.41303], [24.84083, 35.404], [24.86892, 35.41698], [24.92771, 35.41386], [24.95753, 35.404], [24.96599, 35.41183], [25.00313, 35.40986], [25.04752, 35.38224], [25.05535, 35.35521], [25.077, 35.34447], [25.2046, 35.34298], [25.22136, 35.33568], [25.29678, 35.33935], [25.40188, 35.31988], [25.4253, 35.29955], [25.45362, 35.29413], [25.48194, 35.29743], [25.5893, 35.33059], [25.68217, 35.34245], [25.70777, 35.33568], [25.74509, 35.33568], [25.75586, 35.32637], [25.75457, 35.3175], [25.72478, 35.29413], [25.73219, 35.28791], [25.72511, 35.27082], [25.73902, 35.26], [25.7378, 35.27741], [25.74285, 35.28535], [25.74974, 35.28431], [25.74574, 35.25682], [25.73219, 35.24632], [25.73512, 35.23749], [25.71949, 35.21137], [25.72478, 35.19111], [25.71274, 35.18285], [25.71412, 35.17398], [25.72478, 35.15355], [25.72853, 35.13337], [25.75318, 35.13312], [25.79526, 35.11514], [25.81764, 35.11595], [25.83033, 35.12238], [25.83652, 35.13244], [25.86705, 35.15739], [25.88307, 35.16446], [25.89349, 35.17923], [25.97853, 35.19546], [26.02803, 35.21528], [26.11945, 35.21516], [26.10825, 35.20539], [26.12973, 35.19587], [26.15512, 35.19794], [26.17945, 35.20718], [26.19776, 35.21906], [26.19093, 35.22582], [26.2378, 35.26878], [26.25953, 35.28449], [26.29396, 35.28791], [26.28647, 35.30097], [26.30079, 35.30097], [26.29618, 35.31141], [26.32022, 35.31514], [26.31142, 35.29617], [26.26596, 35.26], [26.28788, 35.20241], [26.28086, 35.15923], [26.25557, 35.09517], [26.24316, 35.04429]]], [[[25.39698, 36.36131], [25.4192, 36.37006], [25.43678, 36.39094], [25.4253, 36.42715], [25.41627, 36.43252], [25.42189, 36.45112], [25.39688, 36.46533], [25.40792, 36.47299], [25.46738, 36.43506], [25.48242, 36.39263], [25.43594, 36.34009], [25.37051, 36.35894], [25.39698, 36.36131]]], [[[24.53066, 36.68398], [24.32598, 36.65561], [24.34492, 36.723], [24.35742, 36.74429], [24.40006, 36.72456], [24.40724, 36.70726], [24.42652, 36.69937], [24.4607, 36.69937], [24.47145, 36.70425], [24.46852, 36.71516], [24.45205, 36.73234], [24.46035, 36.74746], [24.47438, 36.74714], [24.53574, 36.76377], [24.5375, 36.70503], [24.53066, 36.68398]]], [[[25.26498, 36.76215], [25.2967, 36.78864], [25.32951, 36.76742], [25.34799, 36.74714], [25.37676, 36.73685], [25.40661, 36.71678], [25.39015, 36.70368], [25.39157, 36.69092], [25.38174, 36.67402], [25.36435, 36.65835], [25.28867, 36.72153], [25.26331, 36.75414], [25.26498, 36.76215]]], [[[24.67652, 36.9936], [24.67292, 37.00282], [24.68145, 37.02163], [24.71336, 37.02365], [24.76318, 36.94922], [24.7209, 36.92144], [24.70264, 36.91709], [24.67647, 36.95928], [24.67277, 36.98584], [24.67652, 36.9936]]], [[[25.10606, 37.036], [25.12885, 37.07626], [25.15626, 37.08979], [25.13909, 37.09437], [25.14801, 37.10813], [25.23506, 37.14854], [25.22397, 37.13434], [25.23194, 37.12751], [25.25929, 37.12397], [25.27529, 37.13784], [25.27339, 37.11098], [25.26295, 37.08983], [25.26287, 37.07559], [25.27891, 37.06841], [25.26612, 37.06249], [25.26612, 37.05601], [25.19941, 36.99131], [25.1333, 36.99966], [25.10606, 37.036]]], [[[24.53468, 37.16767], [24.52796, 37.14027], [24.52613, 37.14444], [24.51881, 37.14444], [24.51531, 37.12287], [24.49565, 37.11377], [24.49098, 37.12226], [24.4983, 37.12397], [24.48097, 37.12971], [24.46412, 37.12397], [24.45948, 37.13719], [24.45053, 37.13011], [24.44207, 37.13447], [24.4248, 37.13198], [24.43816, 37.17665], [24.4437, 37.17853], [24.44121, 37.18686], [24.46952, 37.20238], [24.48561, 37.20612], [24.5291, 37.19233], [24.53468, 37.16767]]], [[[24.43993, 37.46233], [24.43051, 37.44603], [24.46397, 37.43007], [24.48145, 37.40801], [24.47043, 37.39269], [24.46339, 37.39448], [24.45281, 37.38345], [24.4448, 37.35703], [24.43574, 37.34443], [24.37891, 37.31411], [24.39286, 37.36545], [24.40211, 37.37092], [24.40211, 37.37714], [24.39025, 37.39313], [24.39682, 37.40152], [24.39479, 37.41177], [24.38453, 37.41682], [24.37425, 37.41379], [24.37004, 37.42001], [24.39482, 37.45039], [24.43125, 37.47519], [24.43993, 37.46233]]], [[[24.89619, 37.40659], [24.90654, 37.50889], [24.94287, 37.49351], [24.93789, 37.3897], [24.91152, 37.39058], [24.89619, 37.40659]]], [[[25.30926, 37.43618], [25.3213, 37.4392], [25.32643, 37.46288], [25.32244, 37.47101], [25.31145, 37.47223], [25.31267, 37.48823], [25.34799, 37.50812], [25.37729, 37.46743], [25.38209, 37.46967], [25.38559, 37.48994], [25.39476, 37.49372], [25.46275, 37.47008], [25.45742, 37.44707], [25.44256, 37.4409], [25.40773, 37.43684], [25.40273, 37.41914], [25.30729, 37.413], [25.30926, 37.43618]]], [[[24.28897, 37.52827], [24.27872, 37.60341], [24.31048, 37.66004], [24.32065, 37.65835], [24.33383, 37.67259], [24.32065, 37.67259], [24.32065, 37.67775], [24.37807, 37.68263], [24.40078, 37.64902], [24.364, 37.5898], [24.33134, 37.559], [24.28897, 37.52827]]], [[[25.0412, 37.67951], [25.0642, 37.66519], [25.05991, 37.66519], [25.05991, 37.65835], [25.07748, 37.65493], [25.0879, 37.64468], [25.09335, 37.6478], [25.14071, 37.64165], [25.14942, 37.63105], [25.15811, 37.63939], [25.22725, 37.62877], [25.25586, 37.59961], [25.21875, 37.53511], [25.15763, 37.54486], [25.05195, 37.61445], [25.01631, 37.64595], [24.99648, 37.6769], [25.0412, 37.67951]]], [[[24.89747, 37.76179], [24.84098, 37.79747], [24.82814, 37.81729], [24.81658, 37.82388], [24.80646, 37.81907], [24.79854, 37.82402], [24.7942, 37.84382], [24.7665, 37.8707], [24.73854, 37.89175], [24.73054, 37.89013], [24.71746, 37.8972], [24.7002, 37.96167], [24.76338, 37.9875], [24.79043, 37.99014], [24.79469, 37.97712], [24.80401, 37.97407], [24.83296, 37.93984], [24.84083, 37.91901], [24.8484, 37.91486], [24.87501, 37.90599], [24.95619, 37.90383], [24.94937, 37.85589], [24.94337, 37.84333], [24.96272, 37.83058], [24.97373, 37.80971], [24.97202, 37.79637], [24.95834, 37.78124], [24.95753, 37.7744], [24.96437, 37.76874], [24.98048, 37.77399], [24.98864, 37.7698], [24.9917, 37.75962], [24.97659, 37.72518], [24.95753, 37.70673], [24.96218, 37.69241], [24.90117, 37.75342], [24.89747, 37.76179]]], [[[24.67471, 38.80923], [24.56904, 38.78481], [24.54102, 38.78867], [24.55149, 38.80236], [24.57399, 38.80976], [24.56381, 38.83857], [24.55698, 38.84569], [24.55076, 38.84073], [24.46103, 38.88862], [24.47344, 38.96167], [24.48531, 38.97976], [24.56441, 38.94094], [24.57862, 38.87556], [24.60075, 38.86433], [24.67471, 38.80923]]], [[[25.44351, 40.0095], [25.4377, 39.9833], [25.40162, 39.96377], [25.38559, 39.9444], [25.38557, 39.91956], [25.36411, 39.91722], [25.34799, 39.90644], [25.3685, 39.89899], [25.34164, 39.88386], [25.34034, 39.87421], [25.35548, 39.86555], [25.34278, 39.85464], [25.36147, 39.83266], [25.35492, 39.80803], [25.29524, 39.80777], [25.29029, 39.83076], [25.27312, 39.83568], [25.2566, 39.8559], [25.25163, 39.8565], [25.25115, 39.86473], [25.27426, 39.88007], [25.2798, 39.88911], [25.27516, 39.90363], [25.25066, 39.91852], [25.23878, 39.9195], [25.19711, 39.89281], [25.22166, 39.88803], [25.19418, 39.8736], [25.18458, 39.85981], [25.17726, 39.84504], [25.19093, 39.85187], [25.19861, 39.84444], [25.18516, 39.82993], [25.15176, 39.8276], [25.16993, 39.84846], [25.16489, 39.85908], [25.15382, 39.85578], [25.13575, 39.83759], [25.12892, 39.83759], [25.12208, 39.85806], [25.07554, 39.84688], [25.06221, 39.85239], [25.06739, 39.85806], [25.06259, 39.85966], [25.06739, 39.90644], [25.06439, 39.9142], [25.06821, 39.9208], [25.06097, 39.93188], [25.05234, 39.97637], [25.05721, 39.99637], [25.14818, 40.00261], [25.15626, 39.99527], [25.23418, 40.00542], [25.28517, 39.95336], [25.34799, 39.98159], [25.37363, 40.01553], [25.42156, 40.02432], [25.44857, 40.03467], [25.43678, 40.02253], [25.44351, 40.0095]]], [[[24.7658, 40.66966], [24.77422, 40.61519], [24.75571, 40.61994], [24.74448, 40.60847], [24.69386, 40.59858], [24.6459, 40.57944], [24.60049, 40.60298], [24.60076, 40.61221], [24.58676, 40.62202], [24.54741, 40.63049], [24.51553, 40.64702], [24.51709, 40.68767], [24.58352, 40.76635], [24.62487, 40.79281], [24.71914, 40.78628], [24.76956, 40.73446], [24.75929, 40.72337], [24.76661, 40.71149], [24.78423, 40.70823], [24.78633, 40.70386], [24.77934, 40.68607], [24.7693, 40.68342], [24.7658, 40.66966]]], [[[27.16163, 35.4501], [27.13911, 35.41087], [27.14308, 35.4204], [27.12281, 35.4275], [27.09912, 35.45645], [27.10135, 35.46374], [27.1089, 35.46605], [27.1089, 35.47224], [27.10394, 35.47224], [27.10631, 35.47998], [27.11883, 35.48265], [27.11582, 35.51113], [27.10907, 35.52409], [27.11378, 35.55097], [27.1089, 35.56167], [27.08161, 35.57682], [27.0707, 35.59775], [27.09283, 35.63106], [27.11541, 35.64224], [27.12586, 35.68081], [27.15414, 35.71796], [27.16179, 35.74689], [27.15856, 35.78894], [27.22314, 35.82046], [27.21192, 35.77733], [27.20703, 35.71445], [27.18979, 35.69741], [27.18035, 35.67292], [27.16098, 35.65131], [27.1565, 35.6188], [27.15854, 35.61205], [27.17967, 35.59884], [27.20889, 35.55894], [27.21414, 35.54185], [27.20509, 35.53437], [27.20379, 35.52717], [27.2234, 35.51173], [27.23359, 35.47856], [27.2068, 35.47753], [27.18092, 35.46894], [27.16163, 35.4501]]], [[[28.17547, 36.29043], [28.16904, 36.25647], [28.14025, 36.20588], [28.1218, 36.18651], [28.10328, 36.18545], [28.09523, 36.16787], [28.08579, 36.16498], [28.0617, 36.11652], [28.07395, 36.1096], [28.08284, 36.08119], [28.07594, 36.07559], [28.08395, 36.06477], [28.06353, 36.06179], [28.01694, 36.069], [27.99342, 36.06196], [27.94842, 36.03901], [27.9323, 36.02534], [27.90605, 35.99023], [27.84277, 35.9293], [27.7706, 35.9083], [27.7457, 35.91103], [27.7159, 35.95674], [27.72535, 35.96719], [27.76002, 36.06196], [27.75709, 36.08438], [27.74081, 36.09991], [27.71865, 36.14111], [27.71631, 36.17158], [27.77198, 36.19782], [27.76743, 36.20596], [27.77605, 36.21162], [27.81445, 36.27574], [27.83741, 36.28099], [27.88539, 36.32529], [27.91193, 36.34357], [28.16834, 36.42523], [28.23184, 36.43364], [28.23157, 36.42395], [28.22584, 36.41795], [28.23081, 36.39669], [28.23008, 36.37026], [28.21119, 36.35765], [28.20535, 36.32416], [28.17547, 36.29043]]], [[[26.44467, 36.5895], [26.41586, 36.5749], [26.3733, 36.57241], [26.34864, 36.54108], [26.34772, 36.52764], [26.33144, 36.51138], [26.27002, 36.54692], [26.27345, 36.56159], [26.26983, 36.59436], [26.31532, 36.58536], [26.34164, 36.56904], [26.35084, 36.57274], [26.36598, 36.5895], [26.39389, 36.58568], [26.40382, 36.5895], [26.39031, 36.59545], [26.38494, 36.6048], [26.38941, 36.6162], [26.37899, 36.61912], [26.3705, 36.63753], [26.42342, 36.62212], [26.46064, 36.5854], [26.44921, 36.58194], [26.44467, 36.5895]]], [[[27.83714, 36.53902], [27.84938, 36.54792], [27.81756, 36.55686], [27.80103, 36.57191], [27.80787, 36.57587], [27.79667, 36.57587], [27.78809, 36.58369], [27.78598, 36.60512], [27.83682, 36.63486], [27.8623, 36.64111], [27.86305, 36.63788], [27.82228, 36.62377], [27.81528, 36.61001], [27.82862, 36.61298], [27.8357, 36.60253], [27.86929, 36.62387], [27.86961, 36.61136], [27.86305, 36.60253], [27.86951, 36.60645], [27.86904, 36.58267], [27.86016, 36.55391], [27.83714, 36.53902]]], [[[27.14963, 36.77751], [27.05279, 36.77187], [27.04754, 36.77509], [26.99204, 36.75361], [26.94961, 36.7271], [26.91844, 36.72593], [26.95557, 36.77422], [26.96283, 36.77877], [26.98601, 36.76765], [27.0075, 36.78783], [27.02076, 36.80858], [27.06121, 36.83934], [27.21088, 36.8971], [27.26725, 36.90445], [27.3515, 36.86865], [27.26021, 36.83434], [27.2142, 36.82388], [27.19077, 36.81232], [27.14963, 36.77751]]], [[[26.06089, 36.9017], [26.00587, 36.89118], [25.94858, 36.85423], [25.93426, 36.84955], [25.91132, 36.82743], [25.85938, 36.79043], [25.77109, 36.78223], [25.74316, 36.78975], [25.75327, 36.78876], [25.75729, 36.7943], [25.79381, 36.80608], [25.80738, 36.80174], [25.82301, 36.80874], [25.84547, 36.80858], [25.86313, 36.83592], [25.85157, 36.83112], [25.84547, 36.83662], [25.85244, 36.84756], [25.97185, 36.89802], [25.97185, 36.9042], [25.96555, 36.90697], [26.00068, 36.9374], [26.03541, 36.91299], [26.06089, 36.9017]]], [[[26.93119, 36.99557], [26.95387, 37.0279], [26.95191, 37.03514], [26.94361, 37.04072], [26.92847, 37.0364], [26.88902, 37.0871], [26.90162, 37.0773], [26.9666, 37.0521], [26.97839, 37.04198], [26.97291, 37.04198], [26.98219, 37.02875], [27.00587, 37.01618], [27.00709, 37.00043], [27.01682, 37.0094], [27.04014, 37.00156], [27.03457, 36.97598], [27.01973, 36.95903], [26.92032, 36.94697], [26.92365, 36.96188], [26.93141, 36.96686], [26.92711, 36.9773], [26.93119, 36.99557]]], [[[25.58302, 37.03978], [25.5459, 36.96758], [25.45674, 36.92969], [25.42743, 36.95603], [25.41668, 36.97313], [25.3959, 36.98438], [25.39405, 36.99811], [25.38, 37.02463], [25.38209, 37.03514], [25.36191, 37.07041], [25.52605, 37.19617], [25.56462, 37.18475], [25.58789, 37.15254], [25.58302, 37.03978]]], [[[25.99518, 37.56112], [26.08633, 37.63491], [26.15642, 37.6328], [26.17898, 37.63741], [26.19744, 37.63227], [26.32559, 37.67305], [26.35137, 37.67432], [26.29688, 37.61958], [26.20488, 37.56851], [26.12794, 37.55581], [26.10283, 37.54577], [26.0293, 37.5294], [25.98242, 37.52559], [25.99518, 37.56112]]], [[[27.03696, 37.71288], [26.91, 37.67805], [26.8876, 37.66259], [26.84492, 37.64473], [26.78828, 37.65698], [26.76092, 37.68968], [26.75099, 37.69668], [26.72731, 37.70156], [26.71648, 37.71137], [26.70826, 37.71357], [26.67956, 37.70738], [26.61289, 37.7105], [26.58105, 37.72373], [26.62475, 37.76706], [26.64389, 37.77241], [26.6489, 37.78368], [26.74927, 37.80989], [26.82441, 37.81143], [26.854, 37.80349], [26.88185, 37.78539], [26.91668, 37.77782], [26.96608, 37.74775], [26.9699, 37.75878], [26.9525, 37.77899], [26.98154, 37.78198], [27.03965, 37.77002], [27.04101, 37.76468], [27.03386, 37.76138], [27.03224, 37.75316], [27.05013, 37.72875], [27.05508, 37.70928], [27.03696, 37.71288]]], [[[26.14243, 38.47394], [26.1364, 38.46772], [26.14966, 38.46738], [26.15018, 38.45573], [26.14243, 38.4466], [26.13933, 38.41889], [26.15703, 38.30293], [26.13705, 38.29963], [26.11354, 38.28425], [26.10222, 38.2617], [26.10613, 38.25211], [26.10312, 38.23418], [26.09404, 38.21807], [26.04005, 38.20018], [26.02935, 38.17977], [25.99854, 38.16152], [25.8919, 38.24331], [25.87432, 38.26963], [25.95041, 38.3017], [25.96437, 38.30264], [25.97199, 38.32804], [25.98039, 38.33906], [25.9922, 38.34357], [25.99141, 38.35352], [25.98536, 38.39204], [25.97804, 38.38516], [25.97, 38.39607], [25.95605, 38.41934], [25.94386, 38.45344], [25.9319, 38.4632], [25.89299, 38.47294], [25.85127, 38.5084], [25.84733, 38.57423], [26.0125, 38.60171], [26.10825, 38.54279], [26.16035, 38.54072], [26.15089, 38.53042], [26.1435, 38.49269], [26.12192, 38.48753], [26.12973, 38.47846], [26.14243, 38.47394]]], [[[26.52071, 39.06699], [26.52662, 39.08344], [26.51515, 39.09101], [26.50587, 39.1092], [26.48927, 39.11367], [26.45493, 39.1114], [26.43702, 39.1035], [26.45297, 39.08641], [26.49195, 39.06293], [26.50313, 39.03144], [26.54544, 38.99367], [26.46875, 38.9728], [26.39211, 38.9739], [26.32293, 38.98915], [26.27638, 39.01065], [26.16084, 39.02588], [26.10791, 39.08105], [26.12509, 39.09145], [26.16017, 39.09772], [26.18067, 39.12128], [26.19142, 39.12759], [26.2256, 39.13182], [26.29347, 39.17715], [26.29021, 39.18675], [26.26979, 39.20075], [26.2256, 39.20759], [26.18735, 39.20205], [26.17335, 39.19501], [26.07236, 39.0956], [25.90625, 39.13896], [25.85547, 39.17866], [25.84746, 39.19378], [25.85142, 39.20978], [25.90957, 39.28755], [25.93005, 39.28704], [25.93637, 39.27656], [26.00103, 39.28526], [26.03321, 39.28266], [26.03711, 39.288], [26.05278, 39.29298], [26.06056, 39.2895], [26.06823, 39.29789], [26.11234, 39.31297], [26.16277, 39.32364], [26.17254, 39.33539], [26.16543, 39.37353], [26.34392, 39.38281], [26.36004, 39.37247], [26.35475, 39.35651], [26.39515, 39.34233], [26.41016, 39.32944], [26.40563, 39.31401], [26.37965, 39.28266], [26.38217, 39.27709], [26.49303, 39.19882], [26.50473, 39.185], [26.53319, 39.16896], [26.53667, 39.16437], [26.52662, 39.15913], [26.53077, 39.15062], [26.54713, 39.13532], [26.55055, 39.11921], [26.56764, 39.11815], [26.56625, 39.09797], [26.59145, 39.06333], [26.5956, 39.04883], [26.58398, 39.03144], [26.53154, 39.06435], [26.52071, 39.06699]]], [[[25.46168, 40.48159], [25.49069, 40.49451], [25.57101, 40.51482], [25.62432, 40.49199], [25.66426, 40.46387], [25.68574, 40.42656], [25.57266, 40.40044], [25.4496, 40.48178], [25.46168, 40.48159]]]]}}, {"type": "Feature", "properties": {"bidding_zone": "HR"}, "geometry": {"type": "MultiPolygon", "coordinates": [[[[15.13331, 43.92121], [15.1432, 43.90967], [15.13584, 43.90727], [15.04282, 43.99042], [15.0031, 44.05231], [14.98308, 44.06631], [14.95509, 44.07559], [14.89131, 44.12554], [14.86504, 44.16797], [14.94192, 44.12335], [14.95444, 44.10322], [14.98144, 44.09335], [15.02727, 44.05556], [15.03191, 44.03636], [15.04135, 44.02643], [15.08823, 43.98965], [15.11378, 43.98379], [15.14454, 43.94965], [15.18877, 43.92236], [15.20303, 43.90772], [15.20166, 43.89775], [15.18156, 43.90321], [15.14552, 43.9239], [15.13331, 43.92121]]], [[[15.21274, 44.04523], [15.19907, 44.05882], [15.19511, 44.05443], [15.12187, 44.09331], [15.07461, 44.13784], [15.06582, 44.15767], [15.22832, 44.06388], [15.24668, 44.02705], [15.22332, 44.05028], [15.21274, 44.04523]]], [[[14.84523, 44.60053], [14.8838, 44.57966], [14.88014, 44.6092], [14.89944, 44.60985], [15.00644, 44.53423], [15.0587, 44.48593], [15.02817, 44.50316], [15.00733, 44.50454], [15.01417, 44.51874], [14.92856, 44.55231], [14.91114, 44.55231], [14.91114, 44.54548], [14.96599, 44.52387], [15.04802, 44.43944], [15.09669, 44.41519], [15.06495, 44.43793], [15.04151, 44.47663], [15.08326, 44.46186], [15.11299, 44.43574], [15.23994, 44.35019], [15.21121, 44.34645], [15.16505, 44.36738], [15.16505, 44.36054], [15.18287, 44.35786], [15.20716, 44.34454], [15.18848, 44.33574], [15.17698, 44.32394], [15.13178, 44.33253], [15.09718, 44.36131], [15.0892, 44.37421], [15.10694, 44.37519], [15.1172, 44.38719], [15.08302, 44.40152], [15.049, 44.39468], [15.02076, 44.43], [14.95883, 44.4667], [14.91279, 44.48584], [14.90613, 44.49979], [14.91863, 44.50454], [14.8776, 44.55156], [14.87696, 44.55976], [14.82353, 44.60379], [14.76045, 44.66475], [14.74189, 44.69736], [14.7876, 44.66143], [14.84523, 44.60053]]], [[[15.16332, 44.30992], [15.1626, 44.30918], [15.15821, 44.3125], [15.16332, 44.30992]]], [[[14.7409, 44.76439], [14.69815, 44.76627], [14.66086, 44.79895], [14.70574, 44.79255], [14.69947, 44.81306], [14.71998, 44.79877], [14.72682, 44.79877], [14.70582, 44.82685], [14.69207, 44.83348], [14.68948, 44.84677], [14.72682, 44.84028], [14.72332, 44.84643], [14.75354, 44.84486], [14.75611, 44.83568], [14.74049, 44.82665], [14.74049, 44.8205], [14.78736, 44.78925], [14.8078, 44.78075], [14.83145, 44.75894], [14.85664, 44.71484], [14.79852, 44.73941], [14.77296, 44.76032], [14.74049, 44.77827], [14.74293, 44.76577], [14.75408, 44.75776], [14.7409, 44.76439]]], [[[14.39723, 44.75161], [14.39045, 44.75376], [14.36158, 44.81599], [14.35576, 44.81983], [14.3124, 44.90039], [14.30254, 44.94043], [14.32521, 44.93651], [14.35963, 44.90864], [14.38738, 44.909], [14.39723, 44.9291], [14.38901, 44.95034], [14.39031, 44.96039], [14.40406, 44.94953], [14.41139, 44.95637], [14.39145, 44.96943], [14.37672, 44.98688], [14.34669, 45.04755], [14.31497, 45.07762], [14.28609, 45.14406], [14.33125, 45.16499], [14.35838, 45.16607], [14.36305, 45.09357], [14.38771, 45.03905], [14.41228, 45.00365], [14.43084, 44.9903], [14.44485, 44.98889], [14.46738, 44.97022], [14.4623, 44.93563], [14.45191, 44.92231], [14.45924, 44.91543], [14.44996, 44.89802], [14.4485, 44.88373], [14.45957, 44.80194], [14.45191, 44.79877], [14.46163, 44.78224], [14.46608, 44.7298], [14.47218, 44.70795], [14.48252, 44.69336], [14.48809, 44.66006], [14.48037, 44.62124], [14.41953, 44.67031], [14.39633, 44.73689], [14.39723, 44.75161]]], [[[14.62631, 45.03726], [14.62086, 45.0456], [14.60328, 45.03897], [14.60328, 45.03217], [14.61695, 45.02464], [14.61346, 45.02446], [14.51172, 45.0354], [14.45039, 45.0792], [14.43817, 45.09821], [14.46266, 45.10102], [14.46587, 45.11418], [14.4919, 45.12865], [14.51401, 45.12906], [14.53012, 45.13483], [14.52306, 45.14597], [14.57109, 45.22476], [14.61577, 45.1893], [14.62379, 45.17548], [14.59742, 45.16645], [14.61256, 45.15925], [14.64661, 45.15747], [14.66707, 45.13219], [14.65895, 45.10834], [14.66529, 45.08735], [14.67807, 45.07746], [14.72726, 45.07317], [14.73916, 45.06548], [14.74, 45.04434], [14.77409, 45.02203], [14.80991, 44.97748], [14.77491, 44.9709], [14.76092, 44.97748], [14.74724, 44.97004], [14.74724, 44.96609], [14.68766, 44.95573], [14.62832, 44.99394], [14.6239, 45.00302], [14.62631, 45.03726]]], [[[18.22217, 42.59614], [18.22348, 42.61469], [18.21754, 42.6201], [18.17385, 42.6259], [18.05195, 42.68676], [18.04322, 42.70205], [18.03405, 42.69544], [17.88117, 42.7696], [17.89283, 42.79084], [17.86508, 42.78994], [17.83497, 42.8072], [17.80665, 42.81192], [17.78481, 42.8039], [17.75737, 42.80847], [17.72096, 42.82624], [17.74142, 42.81112], [17.59869, 42.83487], [17.44234, 42.89446], [17.44272, 42.89863], [17.41725, 42.9112], [17.3898, 42.91558], [17.2582, 42.96846], [17.21388, 42.98261], [17.18542, 42.98434], [17.04541, 43.01489], [17.12646, 43.02559], [17.22407, 43.0244], [17.44725, 42.94679], [17.45411, 42.94229], [17.46022, 42.92178], [17.48146, 42.92178], [17.49928, 42.91185], [17.51889, 42.90815], [17.52341, 42.92031], [17.69203, 42.86167], [17.71599, 42.84418], [17.74147, 42.83926], [17.7179, 42.85268], [17.72363, 42.85068], [17.70202, 42.86859], [17.71363, 42.8808], [17.70737, 42.88703], [17.68649, 42.88145], [17.66758, 42.89712], [17.73276, 42.91359], [17.76546, 42.90413], [17.80195, 42.90225], [17.82527, 42.86837], [17.82716, 42.85312], [17.85848, 42.81697], [17.90447, 42.80455], [17.99531, 42.74044], [18.22414, 42.62807], [18.36302, 42.58173], [18.38526, 42.56652], [18.43634, 42.55949], [18.43715, 42.4934], [18.45438, 42.46539], [18.33301, 42.52788], [18.22217, 42.59614]]], [[[17.37159, 42.79084], [17.39332, 42.79116], [17.41245, 42.784], [17.41993, 42.79084], [17.43686, 42.78262], [17.48601, 42.78217], [17.52369, 42.76484], [17.5975, 42.74982], [17.59067, 42.74299], [17.6482, 42.73851], [17.65895, 42.74299], [17.74297, 42.70063], [17.34414, 42.79038], [17.38084, 42.79705], [17.37159, 42.79084]]], [[[17.17433, 42.92202], [17.10183, 42.91516], [17.01531, 42.92862], [16.97754, 42.92778], [16.88572, 42.90442], [16.85141, 42.9007], [16.72135, 42.92138], [16.69639, 42.93369], [16.67732, 42.95031], [16.7068, 42.9621], [16.7068, 42.96955], [16.65915, 42.97672], [16.65251, 42.9923], [16.73385, 42.98402], [16.76857, 42.97224], [16.82407, 42.9621], [16.87867, 42.9621], [16.91554, 42.97451], [16.986, 42.97941], [17.09365, 42.96435], [17.16982, 42.93262], [17.18828, 42.91704], [17.17433, 42.92202]]], [[[16.40582, 43.19738], [16.43979, 43.20978], [16.44606, 43.20234], [16.4603, 43.21597], [16.4603, 43.20978], [16.49643, 43.21809], [16.55494, 43.18793], [16.58326, 43.18867], [16.52052, 43.22899], [16.53333, 43.22787], [16.57141, 43.22349], [16.58326, 43.21597], [16.59517, 43.22076], [16.65596, 43.21377], [16.68629, 43.18183], [16.72771, 43.16462], [16.84518, 43.16233], [16.89674, 43.15477], [16.95875, 43.15241], [17.01857, 43.14086], [17.07108, 43.14254], [17.18316, 43.12726], [16.67018, 43.12547], [16.52976, 43.15134], [16.40582, 43.19738]]], [[[16.42677, 43.33149], [16.43979, 43.33271], [16.43491, 43.34642], [16.45346, 43.35318], [16.44065, 43.3697], [16.44893, 43.38706], [16.4814, 43.38596], [16.49391, 43.38231], [16.62526, 43.37872], [16.7948, 43.35611], [16.80983, 43.35318], [16.80983, 43.34638], [16.79615, 43.34638], [16.81625, 43.34024], [16.83033, 43.34638], [16.85816, 43.32518], [16.87752, 43.32341], [16.89085, 43.31422], [16.87363, 43.29795], [16.78525, 43.27065], [16.62744, 43.26807], [16.49882, 43.28506], [16.42315, 43.31724], [16.42677, 43.33149]]], [[[15.34995, 43.9763], [15.37242, 43.97267], [15.38819, 43.95485], [15.39161, 43.94221], [15.40624, 43.93448], [15.43721, 43.89951], [15.37422, 43.91479], [15.35211, 43.93029], [15.35678, 43.93537], [15.30859, 43.96079], [15.27002, 44.01074], [15.3208, 43.99225], [15.34995, 43.9763]]], [[[16.68386, 46.44113], [16.7124, 46.41267], [16.74288, 46.39962], [16.75508, 46.38187], [16.7619, 46.38187], [16.76934, 46.39611], [16.78877, 46.39097], [16.87148, 46.33931], [16.87177, 46.3272], [16.88923, 46.29216], [16.9407, 46.25149], [16.97481, 46.21057], [17.02804, 46.18049], [17.05294, 46.15346], [17.1162, 46.12313], [17.17673, 46.12166], [17.24219, 46.07661], [17.25997, 46.05571], [17.27588, 46.01202], [17.30141, 46.007], [17.31014, 45.99673], [17.29014, 45.99146], [17.29014, 45.98464], [17.32714, 45.97203], [17.33842, 45.98306], [17.34533, 45.9557], [17.38384, 45.96167], [17.40251, 45.95288], [17.4062, 45.94366], [17.41592, 45.95031], [17.5292, 45.94131], [17.60703, 45.91377], [17.63965, 45.86836], [17.65294, 45.86018], [17.65652, 45.84542], [17.68452, 45.84074], [17.70644, 45.82725], [17.80713, 45.79043], [17.8505, 45.78485], [17.85806, 45.77173], [17.87005, 45.77349], [17.87626, 45.78154], [17.96387, 45.77026], [18.28349, 45.76473], [18.30052, 45.75183], [18.31767, 45.74729], [18.34377, 45.75548], [18.37047, 45.75523], [18.38382, 45.7432], [18.40439, 45.74181], [18.43074, 45.75364], [18.45143, 45.77156], [18.53027, 45.79085], [18.57347, 45.81669], [18.66602, 45.90747], [18.71733, 45.90001], [18.77553, 45.88283], [18.78596, 45.88692], [18.79891, 45.90732], [18.82834, 45.90573], [18.90131, 45.9312], [18.90212, 45.91348], [18.87288, 45.89524], [18.89642, 45.88157], [18.89355, 45.86553], [18.88184, 45.85912], [18.85531, 45.85736], [18.85388, 45.84384], [18.83906, 45.83574], [18.84933, 45.82303], [18.84498, 45.81571], [18.8487, 45.80956], [18.89453, 45.76709], [18.90566, 45.74361], [18.90895, 45.71943], [18.92532, 45.70212], [18.94727, 45.65581], [18.93523, 45.6333], [18.91236, 45.61923], [18.90358, 45.57309], [18.94172, 45.53893], [18.96022, 45.53913], [18.97823, 45.55057], [19.05508, 45.52725], [19.06426, 45.51499], [19.0333, 45.5022], [19.02936, 45.49662], [19.00962, 45.49867], [18.99639, 45.47381], [18.99714, 45.45552], [19.00651, 45.44066], [19.00473, 45.40054], [18.97553, 45.39113], [18.97749, 45.37121], [19.03024, 45.34514], [19.08296, 45.33922], [19.09623, 45.32912], [19.10415, 45.29873], [19.15848, 45.27617], [19.28975, 45.23631], [19.37807, 45.22959], [19.4, 45.2125], [19.40098, 45.18906], [19.38809, 45.173], [19.30303, 45.16728], [19.28671, 45.17952], [19.27097, 45.16745], [19.20596, 45.16777], [19.16647, 45.18405], [19.14387, 45.19952], [19.12186, 45.1958], [19.13132, 45.17736], [19.12969, 45.15171], [19.09569, 45.14433], [19.06006, 45.14686], [19.04486, 45.13725], [19.04621, 45.12836], [19.06929, 45.10903], [19.09209, 45.00862], [19.08517, 44.98728], [19.08724, 44.9771], [19.09889, 44.97024], [19.08525, 44.92676], [19.06055, 44.91099], [19.0184, 44.92568], [18.99143, 44.91493], [18.99432, 44.89483], [19.00713, 44.86919], [18.94131, 44.86519], [18.83643, 44.88325], [18.78838, 44.91489], [18.78004, 44.95234], [18.80157, 44.96397], [18.80457, 44.97385], [18.79578, 44.98506], [18.79175, 45.00154], [18.78493, 45.00847], [18.75602, 45.01184], [18.74609, 45.02651], [18.71154, 45.04759], [18.68902, 45.08025], [18.67817, 45.08738], [18.67135, 45.08686], [18.66325, 45.07704], [18.62862, 45.07908], [18.62112, 45.09311], [18.60913, 45.10009], [18.58184, 45.09136], [18.5496, 45.09477], [18.53492, 45.09043], [18.53452, 45.08361], [18.48828, 45.08584], [18.43232, 45.09989], [18.39291, 45.11864], [18.29963, 45.13151], [18.26196, 45.15068], [18.23788, 45.15745], [18.21329, 45.15378], [18.20233, 45.14407], [18.19996, 45.12989], [18.13721, 45.11939], [18.05104, 45.13309], [18.01909, 45.14944], [18.00348, 45.14934], [17.98849, 45.14381], [17.94863, 45.11187], [17.87441, 45.07725], [17.81279, 45.07812], [17.77371, 45.1037], [17.7145, 45.15203], [17.68474, 45.16396], [17.65156, 45.16536], [17.54629, 45.12256], [17.50264, 45.12036], [17.48911, 45.12559], [17.49622, 45.14169], [17.471, 45.13258], [17.451, 45.13714], [17.45809, 45.14613], [17.45695, 45.15182], [17.44331, 45.16205], [17.43411, 45.14856], [17.41618, 45.1445], [17.3363, 45.16139], [17.26895, 45.18954], [17.25615, 45.16979], [17.21064, 45.15606], [17.12539, 45.17178], [17.04934, 45.21032], [17.0363, 45.23047], [17.02299, 45.22368], [17.01324, 45.22862], [17.00829, 45.24416], [17.00119, 45.23473], [16.93707, 45.26723], [16.93264, 45.27879], [16.92437, 45.28452], [16.79082, 45.19687], [16.64982, 45.20762], [16.58703, 45.22086], [16.52894, 45.22225], [16.48192, 45.19952], [16.46173, 45.16784], [16.42365, 45.12703], [16.38921, 45.11683], [16.38177, 45.10758], [16.38198, 45.08371], [16.36351, 45.0573], [16.29336, 45.00884], [16.23106, 45.02661], [16.15732, 45.07222], [16.09526, 45.12869], [16.06747, 45.1696], [16.04039, 45.17862], [16.02576, 45.19043], [16.02923, 45.20505], [16.02045, 45.21393], [15.9975, 45.21853], [15.87885, 45.21724], [15.8248, 45.21099], [15.79235, 45.1898], [15.78098, 45.16799], [15.78153, 45.13665], [15.77125, 45.07033], [15.75597, 45.04221], [15.75555, 45.02356], [15.76161, 45.0081], [15.75486, 44.96471], [15.73085, 44.92723], [15.73426, 44.90212], [15.7431, 44.8892], [15.73742, 44.8185], [15.71607, 44.80321], [15.71731, 44.78647], [15.72848, 44.7691], [15.75369, 44.73929], [15.78284, 44.72259], [15.80568, 44.69665], [15.84671, 44.70145], [15.88008, 44.68193], [16.01989, 44.56249], [16.00608, 44.541], [16.02665, 44.52519], [16.04732, 44.52333], [16.07104, 44.53088], [16.10342, 44.521], [16.13027, 44.47373], [16.15564, 44.39567], [16.13879, 44.38541], [16.13827, 44.3776], [16.16106, 44.37899], [16.18702, 44.29904], [16.19708, 44.25115], [16.21578, 44.20816], [16.29558, 44.12929], [16.32689, 44.08237], [16.35738, 44.06217], [16.38101, 44.05753], [16.43099, 44.02737], [16.43965, 44.01401], [16.47207, 44.00259], [16.54979, 43.94393], [16.59617, 43.90749], [16.6877, 43.81504], [16.69824, 43.78808], [16.7126, 43.77152], [16.78336, 43.73066], [16.90186, 43.64902], [17.03052, 43.54848], [17.08457, 43.51324], [17.14276, 43.48934], [17.20566, 43.48223], [17.24805, 43.47022], [17.27383, 43.44575], [17.2747, 43.38502], [17.26761, 43.35332], [17.28993, 43.30343], [17.32869, 43.26036], [17.36417, 43.23613], [17.4124, 43.1918], [17.42677, 43.16571], [17.44207, 43.15243], [17.52726, 43.11121], [17.6248, 43.04277], [17.65049, 43.00659], [17.65781, 42.98008], [17.64346, 42.95977], [17.60587, 42.94598], [17.58066, 42.94208], [17.5605, 42.95068], [17.5373, 42.96226], [17.47177, 43.01048], [17.47918, 43.02241], [17.50196, 43.03099], [17.48797, 43.03498], [17.45445, 43.02322], [17.45098, 43.02578], [17.46022, 43.03099], [17.4424, 43.03209], [17.42612, 43.04462], [17.4336, 43.0515], [17.42612, 43.06517], [17.41072, 43.05541], [17.31625, 43.12726], [17.25841, 43.1492], [17.12939, 43.21113], [16.97376, 43.33583], [16.93393, 43.3736], [16.88063, 43.40595], [16.81796, 43.41258], [16.60029, 43.46406], [16.53484, 43.49714], [16.53004, 43.50878], [16.51857, 43.50971], [16.50441, 43.50397], [16.48936, 43.50669], [16.44268, 43.52463], [16.4734, 43.53815], [16.43385, 43.54975], [16.33676, 43.55117], [16.29933, 43.53815], [16.23959, 43.52656], [16.11769, 43.52448], [16.11769, 43.51765], [16.15291, 43.51025], [16.13105, 43.5063], [16.046, 43.50552], [15.98555, 43.51978], [15.98227, 43.5373], [15.98732, 43.54491], [15.96597, 43.54217], [15.94258, 43.56894], [15.94912, 43.60698], [15.94497, 43.63402], [15.96632, 43.63373], [15.96632, 43.64118], [15.94333, 43.64474], [15.94281, 43.64813], [15.95297, 43.65086], [15.95143, 43.65742], [15.93214, 43.66844], [15.94597, 43.67231], [15.9524, 43.67975], [15.95045, 43.68854], [15.93898, 43.69644], [15.93971, 43.67764], [15.93116, 43.6765], [15.89291, 43.70051], [15.87078, 43.70319], [15.844, 43.72993], [15.65566, 43.81128], [15.64874, 43.8156], [15.67888, 43.81184], [15.67888, 43.81928], [15.66578, 43.81928], [15.63885, 43.83613], [15.58425, 43.85585], [15.54, 43.88346], [15.51222, 43.91108], [15.49049, 43.91628], [15.18584, 44.17212], [15.15763, 44.21009], [15.16041, 44.2132], [15.15219, 44.2353], [15.12542, 44.25743], [15.16272, 44.26717], [15.17661, 44.24995], [15.19793, 44.25731], [15.2074, 44.27219], [15.23135, 44.27144], [15.24853, 44.27708], [15.27955, 44.25178], [15.29526, 44.25068], [15.28175, 44.28539], [15.29279, 44.28886], [15.36719, 44.28924], [15.42449, 44.26797], [15.50359, 44.25922], [15.52524, 44.26069], [15.52866, 44.2718], [15.51482, 44.27851], [15.44972, 44.28534], [15.41407, 44.31656], [15.26982, 44.3835], [15.13819, 44.48363], [15.08009, 44.53608], [15.0607, 44.54257], [14.98135, 44.60293], [14.89522, 44.70659], [14.88525, 44.81826], [14.89642, 44.89857], [14.92164, 44.95881], [14.91432, 44.98143], [14.85771, 45.07442], [14.85279, 45.09365], [14.8274, 45.11396], [14.76657, 45.13712], [14.63203, 45.2229], [14.5718, 45.27815], [14.5822, 45.28535], [14.57081, 45.29365], [14.53435, 45.31269], [14.55457, 45.29396], [14.34588, 45.35163], [14.32976, 45.35399], [14.31153, 45.34398], [14.29078, 45.3205], [14.26855, 45.28252], [14.23633, 45.15967], [14.20695, 45.12699], [14.17937, 45.13451], [14.19532, 45.12059], [14.19418, 45.11279], [14.1644, 45.0799], [14.15821, 45.08735], [14.15474, 45.06892], [14.08346, 44.98724], [14.07569, 45.00483], [14.05454, 45.01846], [14.05193, 45.03803], [14.04029, 45.03897], [14.04412, 45.02717], [14.03989, 45.00943], [14.04428, 45.00141], [14.07154, 44.99335], [14.07569, 44.98371], [14.04444, 44.9514], [14.03468, 44.95637], [14.03907, 44.93183], [14.03468, 44.92231], [14.02247, 44.92349], [14.02784, 44.91019], [14.02149, 44.90738], [14.02035, 44.90118], [14.01059, 44.90526], [13.97267, 44.90111], [13.99301, 44.88129], [13.98618, 44.88129], [13.98618, 44.87507], [13.99301, 44.87507], [13.99301, 44.86833], [13.98129, 44.85981], [13.96582, 44.83564], [13.89981, 44.82935], [13.86074, 44.8374], [13.83329, 44.87317], [13.8423, 44.88813], [13.82418, 44.88505], [13.7741, 44.96381], [13.74954, 44.9823], [13.6293, 45.1082], [13.62488, 45.12364], [13.63852, 45.13003], [13.72625, 45.13451], [13.6836, 45.14338], [13.62059, 45.1386], [13.60332, 45.2314], [13.58751, 45.27735], [13.60271, 45.27912], [13.60271, 45.28535], [13.58465, 45.2932], [13.57741, 45.30672], [13.60955, 45.32014], [13.57112, 45.32502], [13.51719, 45.48179], [13.54604, 45.49846], [13.58953, 45.48884], [13.62411, 45.46275], [13.69966, 45.46125], [13.80749, 45.44145], [13.81986, 45.43263], [13.83557, 45.42911], [13.889, 45.42364], [13.91058, 45.44037], [13.96982, 45.46296], [13.98264, 45.47531], [13.97015, 45.48583], [13.97031, 45.50337], [13.99277, 45.50942], [14.09292, 45.47392], [14.14552, 45.47624], [14.17302, 45.4853], [14.26324, 45.48638], [14.3268, 45.4749], [14.3728, 45.47785], [14.41124, 45.49319], [14.46891, 45.52559], [14.48214, 45.54244], [14.49158, 45.57959], [14.51413, 45.61076], [14.54364, 45.63644], [14.55315, 45.65184], [14.56885, 45.65723], [14.5918, 45.65127], [14.59387, 45.61618], [14.60307, 45.60357], [14.67136, 45.55512], [14.66849, 45.53397], [14.68833, 45.52203], [14.73586, 45.50734], [14.78854, 45.48053], [14.79716, 45.46518], [14.83881, 45.45898], [14.8816, 45.46978], [14.9005, 45.49274], [14.95274, 45.49966], [14.96263, 45.49314], [14.98192, 45.49129], [15.09836, 45.45459], [15.13926, 45.43004], [15.18422, 45.4256], [15.28158, 45.45097], [15.32519, 45.45283], [15.36137, 45.48203], [15.32833, 45.4977], [15.29121, 45.54155], [15.28359, 45.57969], [15.29014, 45.61265], [15.33975, 45.63705], [15.37377, 45.64021], [15.35196, 45.66807], [15.33387, 45.68264], [15.32245, 45.68229], [15.27295, 45.71773], [15.27705, 45.73262], [15.33143, 45.75258], [15.42906, 45.77529], [15.44105, 45.78217], [15.43931, 45.79218], [15.4541, 45.79761], [15.56682, 45.82166], [15.62605, 45.8202], [15.66605, 45.83167], [15.67608, 45.8417], [15.67546, 45.85596], [15.66073, 45.88494], [15.67556, 45.92516], [15.67422, 45.99316], [15.68197, 46.01352], [15.69799, 46.03621], [15.68393, 46.05114], [15.64829, 46.06419], [15.59688, 46.10923], [15.59258, 46.13999], [15.60898, 46.17192], [15.63594, 46.20073], [15.7037, 46.21314], [15.74977, 46.21077], [15.76889, 46.21935], [15.78056, 46.23302], [15.84756, 46.25786], [15.88371, 46.2594], [15.94949, 46.2843], [16.01921, 46.29883], [16.05238, 46.3186], [16.05962, 46.33232], [16.05753, 46.36234], [16.0665, 46.37134], [16.07838, 46.37457], [16.10602, 46.37373], [16.11762, 46.38136], [16.17562, 46.37687], [16.20865, 46.36709], [16.27563, 46.37317], [16.28028, 46.37621], [16.27873, 46.38735], [16.25092, 46.405], [16.24937, 46.43753], [16.23672, 46.48384], [16.2584, 46.50791], [16.30117, 46.52139], [16.32486, 46.53427], [16.42764, 46.52441], [16.52103, 46.49857], [16.57762, 46.47065], [16.58372, 46.47065], [16.58743, 46.47827], [16.68386, 46.44113]]]]}}, {"type": "Feature", "properties": {"bidding_zone": "HU"}, "geometry": {"type": "Polygon", "coordinates": [[[22.87665, 47.94726], [22.85176, 47.92256], [22.80301, 47.88814], [22.7636, 47.87475], [22.75285, 47.86124], [22.75325, 47.85302], [22.67676, 47.79902], [22.6084, 47.76631], [22.56289, 47.75957], [22.50097, 47.77082], [22.45437, 47.78739], [22.42367, 47.78256], [22.41503, 47.76167], [22.35147, 47.73623], [22.30937, 47.73505], [22.27309, 47.72375], [22.23981, 47.69347], [22.20787, 47.67373], [22.20004, 47.64598], [22.18506, 47.62905], [22.11363, 47.57336], [22.09956, 47.57095], [22.03745, 47.53932], [22.00789, 47.51741], [21.98887, 47.49294], [21.99708, 47.43964], [21.99531, 47.3957], [21.9543, 47.36426], [21.919, 47.34967], [21.86216, 47.29742], [21.79265, 47.15241], [21.77474, 47.12917], [21.72178, 47.08481], [21.67189, 47.05473], [21.63282, 47.02269], [21.63664, 47.01408], [21.65246, 47.01027], [21.65264, 46.96377], [21.62198, 46.92553], [21.58993, 46.90887], [21.588, 46.88313], [21.54113, 46.83586], [21.51572, 46.82159], [21.47366, 46.75487], [21.47045, 46.74301], [21.48558, 46.73246], [21.49707, 46.7043], [21.45373, 46.67586], [21.43624, 46.67374], [21.42184, 46.65494], [21.36133, 46.62075], [21.31625, 46.61664], [21.30095, 46.60393], [21.29383, 46.57104], [21.26835, 46.51916], [21.24762, 46.49747], [21.24514, 46.47688], [21.26088, 46.45615], [21.26455, 46.41231], [21.19564, 46.3981], [21.17879, 46.38446], [21.16866, 46.36275], [21.16686, 46.34339], [21.15195, 46.30435], [21.12168, 46.28242], [21.09921, 46.27635], [21.08511, 46.26446], [21.03984, 46.24224], [21.01208, 46.24463], [20.99916, 46.2516], [20.95883, 46.24922], [20.90656, 46.26219], [20.88626, 46.25547], [20.86696, 46.25714], [20.83969, 46.27108], [20.81964, 46.2717], [20.7785, 46.26007], [20.73933, 46.23749], [20.73499, 46.23191], [20.73754, 46.21765], [20.73271, 46.19443], [20.72537, 46.18816], [20.71029, 46.18809], [20.70457, 46.17114], [20.66103, 46.14565], [20.61367, 46.1335], [20.50937, 46.16767], [20.46855, 46.17413], [20.455, 46.15901], [20.36355, 46.14535], [20.28324, 46.1438], [20.24189, 46.10865], [20.18846, 46.14039], [20.17048, 46.1455], [20.16007, 46.14201], [20.12444, 46.14508], [20.11477, 46.15222], [20.09844, 46.15496], [20.07495, 46.14934], [19.92915, 46.16354], [19.84443, 46.1459], [19.72754, 46.15175], [19.66932, 46.1731], [19.54995, 46.16416], [19.50199, 46.14561], [19.48752, 46.13424], [19.49358, 46.12074], [19.45752, 46.08735], [19.42187, 46.06482], [19.40474, 46.06024], [19.39287, 46.0498], [19.33324, 46.02953], [19.30697, 46.02665], [19.28692, 46.01616], [19.27812, 46.00288], [19.2084, 45.98442], [19.14629, 45.98701], [19.12116, 45.99943], [19.11101, 46.01295], [19.08848, 46.01885], [19.06543, 46.01202], [19.04972, 45.99311], [19.04766, 45.98267], [19.01797, 45.96133], [19.00559, 45.96257], [18.97945, 45.94803], [18.92783, 45.9314], [18.88653, 45.93043], [18.83301, 45.91084], [18.81262, 45.90874], [18.80488, 45.91363], [18.79891, 45.90732], [18.72178, 45.89937], [18.67434, 45.91038], [18.65564, 45.90759], [18.633, 45.89193], [18.6236, 45.86867], [18.56465, 45.81328], [18.53359, 45.79614], [18.49893, 45.78577], [18.4818, 45.79142], [18.45143, 45.77156], [18.37047, 45.75523], [18.25969, 45.76555], [18.22982, 45.78124], [18.21122, 45.78537], [18.12895, 45.78537], [18.09205, 45.77173], [17.97537, 45.79214], [17.88979, 45.79214], [17.87626, 45.78154], [17.8505, 45.78485], [17.83822, 45.79963], [17.80918, 45.81441], [17.68452, 45.84074], [17.65294, 45.86018], [17.64578, 45.89183], [17.63844, 45.90133], [17.5911, 45.93622], [17.55431, 45.94779], [17.51193, 45.95394], [17.42667, 45.95673], [17.41592, 45.95031], [17.40635, 45.95107], [17.39969, 45.95993], [17.38384, 45.96167], [17.31065, 45.99614], [17.3168, 45.99766], [17.30141, 46.007], [17.25997, 46.05571], [17.24859, 46.08024], [17.20859, 46.11657], [17.17673, 46.12166], [17.14961, 46.14033], [17.03271, 46.18731], [16.93994, 46.25366], [16.87373, 46.3365], [16.87507, 46.34286], [16.86546, 46.35914], [16.83766, 46.38187], [16.83239, 46.38192], [16.82753, 46.37402], [16.80789, 46.38735], [16.78877, 46.39097], [16.74805, 46.41641], [16.68386, 46.44113], [16.65927, 46.46419], [16.63767, 46.47448], [16.59426, 46.48298], [16.58743, 46.47827], [16.51537, 46.50167], [16.50083, 46.54481], [16.46714, 46.5647], [16.43024, 46.60439], [16.41386, 46.61111], [16.38125, 46.63867], [16.38249, 46.65447], [16.4105, 46.66837], [16.40502, 46.68725], [16.39004, 46.69415], [16.37442, 46.6948], [16.35738, 46.70999], [16.35728, 46.71583], [16.34838, 46.71477], [16.33545, 46.72163], [16.31433, 46.80133], [16.32751, 46.82546], [16.32978, 46.8344], [16.32534, 46.83944], [16.30188, 46.84321], [16.27201, 46.86396], [16.20246, 46.85983], [16.09539, 46.86321], [16.12287, 46.87636], [16.15123, 46.90291], [16.18382, 46.92511], [16.22395, 46.94106], [16.23067, 46.94835], [16.23079, 46.9571], [16.25254, 46.97192], [16.32762, 47.00059], [16.39435, 46.99865], [16.41557, 46.98943], [16.48636, 46.99855], [16.48192, 47.00938], [16.46007, 47.02013], [16.46934, 47.04072], [16.49318, 47.04914], [16.49721, 47.05462], [16.47855, 47.06467], [16.49016, 47.11267], [16.50476, 47.12583], [16.50951, 47.13754], [16.49732, 47.14968], [16.48089, 47.15077], [16.45841, 47.14341], [16.43838, 47.1459], [16.43582, 47.15515], [16.44182, 47.17712], [16.42781, 47.18405], [16.41866, 47.21706], [16.42466, 47.22559], [16.42347, 47.23187], [16.43665, 47.24877], [16.46662, 47.26342], [16.47324, 47.27681], [16.46921, 47.29324], [16.44718, 47.32464], [16.43628, 47.36108], [16.44287, 47.39951], [16.47345, 47.40165], [16.48192, 47.3923], [16.58941, 47.42563], [16.64088, 47.45292], [16.63826, 47.47905], [16.65461, 47.50337], [16.67736, 47.50987], [16.688, 47.52263], [16.68914, 47.53803], [16.68139, 47.55056], [16.66366, 47.56158], [16.6477, 47.60614], [16.63023, 47.622], [16.60842, 47.62877], [16.57545, 47.62495], [16.50962, 47.64314], [16.49766, 47.64133], [16.43213, 47.6563], [16.42204, 47.67478], [16.44587, 47.68494], [16.45453, 47.68177], [16.51292, 47.706], [16.52688, 47.72014], [16.52582, 47.72808], [16.55098, 47.74736], [16.59092, 47.75054], [16.64746, 47.73901], [16.71106, 47.70551], [16.71922, 47.69373], [16.74113, 47.68146], [16.79745, 47.67546], [16.80624, 47.67688], [16.82664, 47.69429], [16.85904, 47.69696], [16.86474, 47.68673], [16.90267, 47.68203], [17.0548, 47.70202], [17.07537, 47.70848], [17.06455, 47.71306], [17.04926, 47.754], [17.04572, 47.80492], [17.05563, 47.81235], [17.03951, 47.83737], [17.03128, 47.84146], [17.03944, 47.87113], [17.06762, 47.88163], [17.07754, 47.89173], [17.08746, 47.92263], [17.08215, 47.92532], [17.08452, 47.93849], [17.09573, 47.95573], [17.09161, 47.96547], [17.14834, 48.00544], [17.17461, 48.01206], [17.27725, 48.00435], [17.31728, 47.99092], [17.48186, 47.88271], [17.5416, 47.85697], [17.5726, 47.82954], [17.59063, 47.83233], [17.66307, 47.80118], [17.67668, 47.78918], [17.742, 47.76538], [17.82571, 47.75001], [18.11262, 47.76249], [18.23592, 47.75388], [18.27302, 47.75626], [18.32621, 47.77084], [18.6231, 47.78302], [18.6637, 47.7759], [18.69284, 47.77796], [18.72422, 47.78716], [18.73979, 47.80551], [18.76767, 47.8223], [18.81645, 47.83256], [18.77726, 47.85194], [18.74834, 47.89268], [18.75266, 47.94318], [18.78305, 47.98742], [18.79423, 47.99314], [18.80251, 48.00468], [18.91416, 48.05083], [19.15524, 48.06609], [19.22253, 48.06058], [19.25793, 48.07259], [19.34046, 48.08709], [19.4282, 48.08585], [19.48174, 48.11133], [19.48122, 48.13396], [19.49746, 48.16211], [19.56426, 48.21284], [19.62539, 48.2231], [19.66174, 48.21299], [19.68699, 48.1969], [19.70921, 48.19979], [19.77208, 48.17189], [19.76668, 48.159], [19.77608, 48.14952], [19.81022, 48.15499], [19.86788, 48.13957], [19.90507, 48.1243], [19.92863, 48.13009], [19.96498, 48.1528], [20.00438, 48.16947], [20.03498, 48.17587], [20.097, 48.19843], [20.11383, 48.21577], [20.12861, 48.22202], [20.2476, 48.26467], [20.27238, 48.25246], [20.29523, 48.26041], [20.32427, 48.27995], [20.34928, 48.30548], [20.37016, 48.33434], [20.3902, 48.37528], [20.43979, 48.44536], [20.48167, 48.47875], [20.4806, 48.50695], [20.49004, 48.5269], [20.6565, 48.54947], [20.84511, 48.54604], [20.89726, 48.5387], [20.94583, 48.51898], [20.99456, 48.51753], [21.06233, 48.5067], [21.08401, 48.49301], [21.10934, 48.48911], [21.17445, 48.5098], [21.2251, 48.51721], [21.26178, 48.50319], [21.27656, 48.50872], [21.29675, 48.53372], [21.38711, 48.55338], [21.45137, 48.55225], [21.5091, 48.5199], [21.52182, 48.50009], [21.53773, 48.49523], [21.56348, 48.49547], [21.60264, 48.46367], [21.62155, 48.42965], [21.67757, 48.37235], [21.70124, 48.35395], [21.7277, 48.3409], [21.75901, 48.33377], [21.7894, 48.33553], [21.82354, 48.34716], [22.02401, 48.37934], [22.07786, 48.37581], [22.09646, 48.37943], [22.13284, 48.4048], [22.15651, 48.40206], [22.16762, 48.40837], [22.22715, 48.41343], [22.25371, 48.40737], [22.26188, 48.38321], [22.25676, 48.35728], [22.27224, 48.35791], [22.29512, 48.32729], [22.30813, 48.29369], [22.36363, 48.23871], [22.39453, 48.24476], [22.43966, 48.23707], [22.52012, 48.20537], [22.57527, 48.14222], [22.58304, 48.12482], [22.60547, 48.09704], [22.62118, 48.10177], [22.69322, 48.10177], [22.71566, 48.10757], [22.76187, 48.10934], [22.83623, 48.0603], [22.85723, 48.02954], [22.84786, 47.99179], [22.83244, 47.97893], [22.84081, 47.96679], [22.87665, 47.94726]]]}}, {"type": "Feature", "properties": {"bidding_zone": "IT_NORD"}, "geometry": {"type": "MultiPolygon", "coordinates": [[[[7.63093, 43.99354], [7.6555, 44.04143], [7.68995, 44.06734], [7.69191, 44.08465], [7.6762, 44.10899], [7.66404, 44.11777], [7.64506, 44.15106], [7.65564, 44.17606], [7.62473, 44.1801], [7.59975, 44.16833], [7.3709, 44.12739], [7.31855, 44.13799], [7.3093, 44.14749], [7.27765, 44.1534], [7.20239, 44.18175], [6.96729, 44.28003], [6.9002, 44.33574], [6.87481, 44.39204], [6.89296, 44.42648], [6.9178, 44.43631], [6.87956, 44.46109], [6.84297, 44.51069], [6.87406, 44.56265], [6.89734, 44.57542], [6.93165, 44.61795], [6.9456, 44.62544], [6.93755, 44.64063], [6.96035, 44.67715], [7.00922, 44.69056], [7.05516, 44.68487], [7.02656, 44.72866], [7.00135, 44.80206], [7.0071, 44.82207], [7.00079, 44.83298], [6.98281, 44.84698], [6.93268, 44.86166], [6.88936, 44.8603], [6.80107, 44.88315], [6.73818, 44.92139], [6.72893, 44.95684], [6.7299, 44.9847], [6.7235, 45.01338], [6.69724, 45.02692], [6.68504, 45.02773], [6.63788, 45.06566], [6.63362, 45.07627], [6.62773, 45.11797], [6.6832, 45.14058], [6.78037, 45.14531], [6.84411, 45.13011], [6.87667, 45.14123], [6.87863, 45.14743], [6.87215, 45.15283], [6.89952, 45.16857], [6.91377, 45.17016], [6.93694, 45.19009], [6.98125, 45.21558], [7.03864, 45.22495], [7.05547, 45.21368], [7.0812, 45.24308], [7.10838, 45.2592], [7.10838, 45.27491], [7.09769, 45.29486], [7.11523, 45.34457], [7.15076, 45.38323], [7.15965, 45.39847], [7.16068, 45.41092], [7.12665, 45.4232], [7.08645, 45.45076], [7.072, 45.47004], [7.01367, 45.50049], [6.95401, 45.58987], [6.95563, 45.60259], [6.96948, 45.62585], [6.96338, 45.64073], [6.91863, 45.65256], [6.88256, 45.67551], [6.86347, 45.67984], [6.80625, 45.71001], [6.79092, 45.74087], [6.78916, 45.78008], [6.80449, 45.81455], [6.85558, 45.83471], [6.86444, 45.82689], [6.87066, 45.82827], [6.87301, 45.84159], [6.88292, 45.84551], [6.90509, 45.84537], [6.94901, 45.85782], [6.96917, 45.86976], [6.99379, 45.90625], [7.01889, 45.9242], [7.06694, 45.89022], [7.09019, 45.88051], [7.15355, 45.87653], [7.18373, 45.88046], [7.24904, 45.89969], [7.31944, 45.91099], [7.3618, 45.90784], [7.39384, 45.9157], [7.44865, 45.94368], [7.48273, 45.95487], [7.50371, 45.95673], [7.51747, 45.96999], [7.53857, 45.97817], [7.59258, 45.97222], [7.67127, 45.95192], [7.69398, 45.92867], [7.70628, 45.92572], [7.73201, 45.93038], [7.78007, 45.91813], [7.83123, 45.91446], [7.84374, 45.91921], [7.84962, 45.93971], [7.8702, 45.94037], [7.87262, 45.95732], [7.9353, 45.98779], [7.98585, 45.99931], [8.01065, 46.0297], [8.01488, 46.05251], [8.06285, 46.09966], [8.11059, 46.12695], [8.1323, 46.15935], [8.12951, 46.19604], [8.08154, 46.25601], [8.0957, 46.27105], [8.1411, 46.29443], [8.17188, 46.29919], [8.19255, 46.30916], [8.24816, 46.35637], [8.27007, 46.36404], [8.29146, 46.37836], [8.29746, 46.38751], [8.29404, 46.39922], [8.29853, 46.40342], [8.3707, 46.44512], [8.42256, 46.44604], [8.43682, 46.43189], [8.44297, 46.40278], [8.44088, 46.347], [8.42324, 46.27583], [8.42716, 46.25144], [8.43812, 46.23537], [8.45652, 46.22483], [8.50213, 46.21073], [8.56637, 46.15921], [8.60183, 46.12282], [8.67749, 46.09579], [8.70383, 46.09897], [8.81855, 46.07715], [8.82676, 46.06103], [8.79097, 46.01869], [8.76792, 45.98309], [8.80464, 45.97694], [8.88516, 45.9187], [8.9043, 45.86196], [8.911, 45.85763], [8.9, 45.8264], [8.93959, 45.83483], [9.00243, 45.82072], [9.03436, 45.84811], [9.05927, 45.88196], [9.06309, 45.89896], [9.05173, 45.91554], [9.02206, 45.92256], [9.01914, 45.92813], [8.99913, 45.98255], [9.01555, 45.99311], [9.00374, 46.01625], [9.02143, 46.04971], [9.05917, 46.06179], [9.06713, 46.07114], [9.071, 46.10244], [9.1353, 46.15915], [9.16324, 46.17227], [9.17653, 46.19553], [9.22483, 46.23119], [9.23972, 46.267], [9.26897, 46.30937], [9.27518, 46.33138], [9.2604, 46.37973], [9.26016, 46.47519], [9.30439, 46.49556], [9.3514, 46.48818], [9.38463, 46.46642], [9.39548, 46.46941], [9.40304, 46.48088], [9.42764, 46.48232], [9.44183, 46.42836], [9.44436, 46.37528], [9.47495, 46.36117], [9.50255, 46.32074], [9.51526, 46.3086], [9.53645, 46.29862], [9.55971, 46.29273], [9.67432, 46.2918], [9.69313, 46.29707], [9.70843, 46.31175], [9.70883, 46.31935], [9.81164, 46.3514], [9.88447, 46.36777], [9.93926, 46.36182], [9.97087, 46.32854], [9.97756, 46.29811], [10.01699, 46.26913], [10.04204, 46.23782], [10.04267, 46.22049], [10.07575, 46.22002], [10.14582, 46.24333], [10.15895, 46.26245], [10.14613, 46.28028], [10.12863, 46.29262], [10.10915, 46.36393], [10.13321, 46.3811], [10.14076, 46.40291], [10.13342, 46.41402], [10.07761, 46.42399], [10.04561, 46.4479], [10.03828, 46.4832], [10.06123, 46.54678], [10.08701, 46.5999], [10.1375, 46.61436], [10.19551, 46.62109], [10.23237, 46.59408], [10.23026, 46.58615], [10.2347, 46.5753], [10.27932, 46.56346], [10.29537, 46.55109], [10.31945, 46.54605], [10.35428, 46.54832], [10.42591, 46.53533], [10.44399, 46.53773], [10.45795, 46.5537], [10.4659, 46.57848], [10.46663, 46.60429], [10.45908, 46.62356], [10.4382, 46.63566], [10.4226, 46.63681], [10.39795, 46.66504], [10.40606, 46.73486], [10.4287, 46.75565], [10.42175, 46.77852], [10.43408, 46.81279], [10.44854, 46.83223], [10.45381, 46.86443], [10.48626, 46.84637], [10.52771, 46.84321], [10.58239, 46.85354], [10.68926, 46.84639], [10.73832, 46.80946], [10.71695, 46.79521], [10.72294, 46.78645], [10.75477, 46.79076], [10.79508, 46.77689], [10.8481, 46.77412], [10.87043, 46.76407], [10.90664, 46.77069], [10.99693, 46.76911], [11.03331, 46.80557], [11.05284, 46.81492], [11.05429, 46.83414], [11.0752, 46.87195], [11.13389, 46.93618], [11.24443, 46.97568], [11.35524, 46.98001], [11.38058, 46.97155], [11.41117, 46.97049], [11.42996, 46.98293], [11.50578, 46.9941], [11.52444, 46.98835], [11.56367, 46.99711], [11.62403, 46.99659], [11.69745, 46.98498], [11.73487, 46.97062], [11.77195, 46.98601], [11.82251, 46.99326], [11.84417, 47.00503], [11.96671, 47.03892], [12.01496, 47.04049], [12.07647, 47.0624], [12.16943, 47.08213], [12.19717, 47.075], [12.20127, 47.06089], [12.16443, 47.02681], [12.12172, 47.01052], [12.11118, 46.993], [12.12823, 46.94858], [12.14167, 46.92799], [12.14156, 46.91884], [12.12689, 46.90887], [12.16099, 46.90303], [12.17216, 46.89918], [12.1951, 46.88009], [12.22164, 46.87631], [12.27401, 46.82849], [12.26693, 46.80826], [12.2691, 46.78857], [12.2844, 46.77999], [12.3192, 46.77314], [12.3577, 46.73268], [12.37039, 46.71116], [12.40501, 46.69012], [12.50886, 46.66794], [12.54733, 46.65219], [12.59689, 46.65437], [12.68186, 46.64864], [12.70659, 46.63775], [12.7291, 46.64148], [12.7849, 46.6301], [12.83041, 46.60964], [12.96034, 46.6032], [13.17707, 46.57198], [13.23111, 46.55217], [13.27142, 46.55078], [13.33106, 46.55956], [13.49004, 46.55557], [13.50675, 46.54693], [13.5533, 46.54493], [13.67026, 46.51871], [13.69976, 46.51958], [13.67969, 46.46289], [13.6301, 46.44536], [13.60018, 46.44264], [13.56422, 46.41551], [13.47407, 46.36628], [13.43409, 46.35386], [13.41051, 46.32472], [13.39951, 46.31753], [13.39131, 46.30157], [13.36526, 46.2903], [13.37859, 46.26839], [13.38469, 46.24333], [13.41012, 46.20798], [13.4374, 46.21093], [13.43255, 46.21681], [13.4498, 46.22353], [13.49197, 46.21654], [13.53634, 46.19976], [13.55905, 46.18411], [13.60603, 46.18294], [13.63252, 46.17705], [13.63496, 46.15776], [13.6166, 46.13311], [13.5051, 46.06603], [13.48226, 46.04484], [13.48789, 46.04073], [13.48213, 46.01837], [13.46179, 46.00639], [13.50944, 45.96743], [13.60059, 45.97978], [13.61397, 45.96167], [13.59372, 45.90344], [13.56928, 45.86454], [13.56597, 45.83033], [13.58127, 45.80925], [13.60917, 45.7986], [13.66033, 45.79204], [13.72168, 45.76128], [13.83115, 45.68042], [13.87471, 45.61484], [13.84473, 45.59287], [13.79194, 45.58451], [13.76105, 45.59624], [13.73066, 45.59437], [13.76103, 45.61333], [13.80812, 45.61433], [13.79558, 45.61701], [13.75449, 45.65396], [13.75766, 45.65497], [13.75367, 45.67231], [13.72625, 45.70376], [13.62892, 45.77261], [13.57423, 45.78962], [13.55128, 45.79243], [13.53443, 45.78205], [13.52418, 45.76008], [13.52634, 45.74991], [13.46514, 45.70996], [13.42495, 45.7195], [13.42262, 45.72407], [13.38168, 45.73005], [13.3694, 45.74461], [13.35182, 45.7403], [13.23941, 45.76354], [13.21551, 45.77879], [13.16944, 45.76874], [13.14967, 45.75153], [13.13982, 45.75487], [13.13136, 45.76887], [13.11931, 45.77196], [13.11085, 45.76765], [13.10816, 45.75821], [13.11183, 45.74885], [13.12289, 45.74461], [13.12289, 45.73721], [13.1006, 45.73623], [13.08058, 45.72761], [13.06959, 45.71369], [13.07504, 45.69684], [13.09148, 45.6892], [13.11013, 45.69119], [13.03027, 45.6375], [12.94386, 45.62857], [12.78077, 45.55353], [12.65415, 45.51058], [12.51271, 45.47045], [12.49756, 45.46167], [12.43213, 45.46792], [12.46252, 45.49042], [12.46697, 45.48558], [12.47869, 45.49079], [12.47202, 45.49746], [12.48055, 45.50377], [12.49733, 45.50674], [12.50318, 45.50288], [12.5066, 45.49824], [12.49293, 45.49824], [12.49293, 45.49079], [12.51515, 45.49274], [12.52149, 45.51899], [12.53045, 45.52558], [12.56251, 45.53164], [12.58172, 45.55288], [12.53728, 45.53583], [12.53059, 45.54082], [12.53613, 45.54492], [12.5246, 45.54528], [12.51051, 45.55907], [12.5066, 45.57331], [12.45851, 45.54833], [12.44191, 45.53034], [12.4441, 45.52752], [12.42388, 45.51957], [12.41774, 45.52359], [12.40358, 45.51813], [12.39674, 45.53925], [12.38413, 45.52302], [12.39039, 45.51398], [12.40162, 45.5108], [12.38279, 45.5034], [12.35043, 45.50487], [12.30958, 45.48892], [12.27272, 45.46361], [12.2527, 45.43622], [12.2527, 45.43], [12.25896, 45.43], [12.2461, 45.41132], [12.24855, 45.40253], [12.2578, 45.39603], [12.2492, 45.38548], [12.24529, 45.36107], [12.22381, 45.35395], [12.23219, 45.34056], [12.20875, 45.30907], [12.18751, 45.30646], [12.16293, 45.31623], [12.15447, 45.31346], [12.1491, 45.29218], [12.15984, 45.28311], [12.16879, 45.26215], [12.18067, 45.25804], [12.19166, 45.26288], [12.19939, 45.2746], [12.20191, 45.28832], [12.19744, 45.29963], [12.2173, 45.29385], [12.22486, 45.25117], [12.21111, 45.24299], [12.22486, 45.2307], [12.22136, 45.21625], [12.23048, 45.20425], [12.24733, 45.19693], [12.26637, 45.1966], [12.25896, 45.20283], [12.27679, 45.21303], [12.28633, 45.20772], [12.3216, 45.15192], [12.32846, 45.10102], [12.3073, 45.10786], [12.3073, 45.12836], [12.29737, 45.10635], [12.29672, 45.08857], [12.30665, 45.07856], [12.32846, 45.0799], [12.32106, 45.09357], [12.34083, 45.08145], [12.37623, 45.03897], [12.37623, 45.03217], [12.35515, 45.02464], [12.36883, 45.01097], [12.38356, 45.02643], [12.38657, 45.03876], [12.36883, 45.06562], [12.38114, 45.05773], [12.39248, 45.03979], [12.44459, 45.01097], [12.48618, 44.97651], [12.49698, 44.98248], [12.52344, 44.96797], [12.50646, 44.92229], [12.49903, 44.92145], [12.49382, 44.89291], [12.46357, 44.84522], [12.44028, 44.83141], [12.424, 44.85464], [12.43922, 44.87759], [12.44304, 44.89008], [12.43832, 44.90111], [12.42693, 44.90497], [12.40691, 44.8913], [12.3921, 44.86839], [12.39161, 44.85883], [12.41651, 44.85114], [12.41586, 44.84357], [12.39674, 44.83348], [12.39674, 44.82665], [12.42223, 44.82072], [12.38447, 44.79834], [12.30299, 44.84292], [12.29233, 44.84325], [12.26637, 44.82665], [12.26637, 44.8205], [12.27564, 44.8205], [12.25359, 44.75129], [12.24659, 44.71162], [12.2527, 44.6684], [12.26426, 44.64013], [12.28157, 44.55059], [12.2837, 44.48762], [12.31422, 44.38719], [12.31821, 44.36115], [12.34213, 44.32949], [12.35027, 44.28815], [12.36883, 44.25068], [12.41717, 44.19546], [12.4449, 44.17574], [12.47877, 44.13935], [12.51092, 44.11457], [12.61254, 44.04838], [12.6609, 44.00829], [12.7103, 43.9829], [12.75384, 43.9724], [12.73718, 43.93086], [12.74074, 43.89783], [12.7282, 43.8791], [12.69682, 43.86553], [12.67992, 43.845], [12.63305, 43.84254], [12.62158, 43.84657], [12.60779, 43.87285], [12.58779, 43.89541], [12.57533, 43.89355], [12.5592, 43.87499], [12.55083, 43.87794], [12.54773, 43.89861], [12.54231, 43.90349], [12.49758, 43.92304], [12.51465, 43.95298], [12.50371, 43.98975], [12.44111, 43.98242], [12.39565, 43.94841], [12.38563, 43.92453], [12.39958, 43.90322], [12.42111, 43.89517], [12.42025, 43.87816], [12.405, 43.87381], [12.38769, 43.88379], [12.35145, 43.86995], [12.34574, 43.84701], [12.33502, 43.82794], [12.32159, 43.81373], [12.28499, 43.7947], [12.28962, 43.78209], [12.28584, 43.76887], [12.26811, 43.77138], [12.24994, 43.76177], [12.21382, 43.76297], [12.18523, 43.74286], [12.15097, 43.75949], [12.13107, 43.76404], [12.06776, 43.75433], [11.9686, 43.77314], [11.93573, 43.79542], [11.885, 43.81542], [11.81301, 43.8244], [11.78489, 43.84745], [11.73259, 43.86859], [11.70888, 43.88484], [11.70858, 43.9196], [11.70144, 43.92952], [11.68542, 43.93853], [11.68718, 43.95752], [11.68313, 43.96559], [11.65332, 43.98641], [11.65116, 44.01272], [11.65564, 44.02093], [11.6848, 44.02672], [11.7202, 44.07023], [11.74723, 44.12165], [11.74143, 44.13172], [11.69214, 44.13056], [11.64448, 44.11746], [11.59375, 44.12589], [11.58817, 44.12883], [11.59017, 44.13537], [11.6108, 44.15229], [11.60412, 44.16253], [11.57184, 44.17369], [11.55105, 44.16268], [11.49597, 44.16647], [11.44941, 44.20443], [11.4319, 44.22712], [11.40254, 44.23493], [11.39199, 44.23245], [11.37571, 44.21173], [11.33427, 44.20661], [11.29112, 44.17079], [11.20022, 44.15663], [11.19666, 44.14686], [11.20301, 44.13829], [11.25515, 44.11903], [11.25423, 44.11224], [11.24601, 44.10689], [11.22937, 44.10271], [11.19758, 44.10504], [11.04149, 44.09181], [11.00793, 44.10412], [11.00128, 44.11266], [11.01538, 44.12803], [11.01508, 44.137], [10.99073, 44.14], [10.9853, 44.12589], [10.9619, 44.10225], [10.91921, 44.0678], [10.85079, 44.09674], [10.83461, 44.10821], [10.80128, 44.11764], [10.73396, 44.15467], [10.70739, 44.16201], [10.64547, 44.15689], [10.62998, 44.14919], [10.61054, 44.1257], [10.58217, 44.1232], [10.57039, 44.12563], [10.52227, 44.1555], [10.48393, 44.18681], [10.47123, 44.22459], [10.40017, 44.23588], [10.37128, 44.26355], [10.35097, 44.27492], [10.28782, 44.28239], [10.24902, 44.26985], [10.21764, 44.29269], [10.19936, 44.31828], [10.16924, 44.32644], [10.1218, 44.3482], [10.0726, 44.35213], [9.99126, 44.40657], [9.98506, 44.41626], [10.00009, 44.42561], [10.00196, 44.43264], [9.98985, 44.44804], [9.93556, 44.47039], [9.86635, 44.48297], [9.84356, 44.47954], [9.82027, 44.46447], [9.76206, 44.40938], [9.75138, 44.38923], [9.69535, 44.37471], [9.68698, 44.3636], [9.71629, 44.32988], [9.75185, 44.30556], [9.85208, 44.25259], [9.86171, 44.18593], [9.86898, 44.18759], [9.8848, 44.20439], [9.90223, 44.19988], [9.90827, 44.19131], [9.89803, 44.17413], [9.89864, 44.1664], [9.94562, 44.16536], [9.96817, 44.15997], [9.98148, 44.15007], [9.98164, 44.13115], [9.98985, 44.11762], [10.02681, 44.11425], [10.05316, 44.09953], [10.05643, 44.09069], [10.03626, 44.06641], [10.02846, 44.04926], [9.98854, 44.05976], [9.98072, 44.04987], [9.96274, 44.04466], [9.88795, 44.093], [9.8768, 44.08784], [9.84474, 44.10863], [9.82643, 44.10725], [9.83326, 44.09984], [9.81959, 44.093], [9.83058, 44.07884], [9.8475, 44.07127], [9.74451, 44.09767], [9.68263, 44.13654], [9.64805, 44.14207], [9.57993, 44.17894], [9.57301, 44.1916], [9.49903, 44.22183], [9.48439, 44.24384], [9.45434, 44.23775], [9.37261, 44.27812], [9.36769, 44.29442], [9.26271, 44.33641], [9.23064, 44.35371], [9.21372, 44.33344], [9.21029, 44.32242], [9.196, 44.323], [9.1483, 44.33822], [9.13006, 44.36335], [9.10206, 44.37397], [9.00123, 44.38727], [8.92368, 44.41157], [8.84084, 44.41568], [8.827, 44.42845], [8.76238, 44.43211], [8.73715, 44.42878], [8.67856, 44.39468], [8.65512, 44.39468], [8.59376, 44.36274], [8.56479, 44.35716], [8.54029, 44.34003], [8.46608, 44.30427], [8.44451, 44.28388], [8.44972, 44.26435], [8.44701, 44.26139], [8.32551, 44.16328], [8.28468, 44.14826], [8.25652, 44.12836], [8.23316, 44.10358], [8.22972, 44.07183], [8.08164, 43.91895], [8.00498, 43.87676], [7.83865, 43.83135], [7.78582, 43.82197], [7.7333, 43.80259], [7.65645, 43.79124], [7.57203, 43.79133], [7.54412, 43.78449], [7.50229, 43.79222], [7.49063, 43.82084], [7.48203, 43.86489], [7.51803, 43.90583], [7.63093, 43.99354]], [[12.24001, 43.80267], [12.2332, 43.81262], [12.17756, 43.82167], [12.17084, 43.8046], [12.18218, 43.78881], [12.19934, 43.78047], [12.24001, 43.80267]]], [[[12.49453, 44.98383], [12.48609, 44.98371], [12.48609, 44.98845], [12.49453, 44.98383]]]]}}, {"type": "Feature", "properties": {"bidding_zone": "IT_CNOR"}, "geometry": {"type": "MultiPolygon", "coordinates": [[[[10.41934, 42.71318], [10.3379, 42.76484], [10.32504, 42.76484], [10.32175, 42.75848], [10.3068, 42.75562], [10.30454, 42.75975], [10.2616, 42.74698], [10.24537, 42.75727], [10.24036, 42.74291], [10.20898, 42.73691], [10.13125, 42.74204], [10.10977, 42.78506], [10.12998, 42.81041], [10.19825, 42.81351], [10.22438, 42.80443], [10.26588, 42.80443], [10.25904, 42.81192], [10.28085, 42.82647], [10.32639, 42.82488], [10.32211, 42.81171], [10.33277, 42.80598], [10.34734, 42.80585], [10.38136, 42.83242], [10.39512, 42.85815], [10.42832, 42.81919], [10.43223, 42.79658], [10.41001, 42.77072], [10.38885, 42.7635], [10.41296, 42.75248], [10.41934, 42.71318]]], [[[13.71279, 42.86007], [13.70002, 42.8476], [13.69135, 42.8239], [13.66498, 42.81144], [13.6378, 42.80746], [13.61115, 42.81163], [13.57063, 42.80215], [13.53637, 42.81115], [13.4977, 42.76744], [13.49012, 42.74411], [13.44371, 42.72876], [13.43301, 42.71532], [13.42976, 42.70173], [13.41157, 42.69512], [13.33756, 42.68766], [13.30419, 42.72589], [13.26791, 42.74462], [13.24227, 42.73558], [13.19448, 42.7346], [13.19448, 42.74909], [13.20346, 42.75985], [13.22614, 42.75853], [13.25033, 42.77082], [13.25565, 42.8062], [13.23405, 42.8438], [13.22429, 42.84767], [13.16673, 42.82451], [13.15044, 42.82361], [13.13722, 42.84945], [13.10032, 42.88152], [13.04306, 42.91935], [12.98859, 42.91568], [12.99046, 42.89284], [12.97211, 42.8887], [12.96467, 42.92681], [12.92979, 42.94735], [12.9071, 42.97153], [12.90415, 42.99118], [12.89578, 43.0072], [12.89765, 43.02654], [12.89097, 43.05267], [12.89284, 43.09391], [12.86772, 43.12176], [12.84023, 43.12941], [12.83388, 43.14295], [12.85682, 43.17558], [12.85094, 43.20873], [12.79567, 43.27847], [12.79119, 43.31971], [12.7465, 43.37883], [12.75817, 43.46123], [12.73206, 43.46091], [12.71268, 43.45393], [12.69108, 43.4343], [12.63864, 43.4436], [12.60888, 43.42887], [12.51049, 43.51249], [12.48832, 43.52197], [12.43167, 43.53843], [12.39256, 43.52235], [12.30909, 43.55207], [12.30502, 43.56142], [12.30973, 43.5667], [12.33979, 43.5653], [12.35312, 43.57383], [12.35886, 43.61941], [12.3108, 43.60932], [12.29338, 43.5929], [12.28595, 43.5916], [12.24517, 43.60643], [12.21302, 43.60902], [12.20481, 43.61683], [12.13748, 43.53161], [12.11217, 43.52788], [12.09758, 43.51828], [12.10083, 43.5083], [12.12953, 43.49631], [12.13408, 43.48881], [12.13129, 43.47748], [12.10332, 43.46463], [12.07754, 43.44293], [12.05739, 43.43735], [12.0428, 43.42707], [12.03707, 43.41652], [12.04887, 43.41151], [12.07365, 43.4112], [12.07444, 43.38038], [12.08084, 43.37188], [12.13263, 43.35725], [12.13871, 43.29999], [12.17345, 43.29678], [12.1905, 43.31673], [12.19846, 43.31878], [12.21103, 43.30976], [12.21505, 43.29487], [12.19986, 43.28248], [12.1584, 43.26268], [12.12208, 43.25974], [12.09666, 43.24552], [12.07693, 43.24666], [12.04964, 43.25561], [12.029, 43.25022], [12.00958, 43.19693], [11.99299, 43.18646], [11.95621, 43.17633], [11.94456, 43.1679], [11.92272, 43.13757], [11.91776, 43.12243], [11.92984, 43.06856], [11.93744, 43.06301], [11.95357, 43.07334], [11.96355, 43.07313], [11.97735, 43.05221], [11.97392, 43.02021], [11.9517, 42.98996], [11.93217, 42.9272], [11.93435, 42.91528], [11.94643, 42.90787], [11.9514, 42.8933], [11.93698, 42.87434], [11.88902, 42.85039], [11.8327, 42.83258], [11.80805, 42.81335], [11.79581, 42.8114], [11.78381, 42.81897], [11.76924, 42.82036], [11.75048, 42.80633], [11.74723, 42.79848], [11.77388, 42.78065], [11.78583, 42.7597], [11.80712, 42.74251], [11.80308, 42.72793], [11.78893, 42.71098], [11.78691, 42.65125], [11.75388, 42.64328], [11.73523, 42.61616], [11.69865, 42.60174], [11.67116, 42.57704], [11.62055, 42.56014], [11.60117, 42.56952], [11.58817, 42.56614], [11.58443, 42.5588], [11.58553, 42.5359], [11.56593, 42.51612], [11.60785, 42.48733], [11.60955, 42.47462], [11.60181, 42.44739], [11.59017, 42.44196], [11.48714, 42.43049], [11.47193, 42.41857], [11.45254, 42.37664], [11.39617, 42.39347], [11.39617, 42.40038], [11.38689, 42.40428], [11.35683, 42.40522], [11.29629, 42.42329], [11.2673, 42.41858], [11.24562, 42.42231], [11.21127, 42.41889], [11.20145, 42.39779], [11.18887, 42.39312], [11.14121, 42.38989], [11.10322, 42.4166], [11.13637, 42.44023], [11.16419, 42.43983], [11.18477, 42.45659], [11.18686, 42.52082], [11.16603, 42.54621], [11.15846, 42.56403], [11.13983, 42.55989], [11.10888, 42.58728], [11.09742, 42.60688], [11.0809, 42.6127], [11.07781, 42.63223], [11.02957, 42.65749], [10.99889, 42.68465], [10.99, 42.71027], [10.94361, 42.74299], [10.88085, 42.76645], [10.80312, 42.8043], [10.76559, 42.84419], [10.76564, 42.8771], [10.77768, 42.89472], [10.76352, 42.91828], [10.68141, 42.94904], [10.64463, 42.95718], [10.57193, 42.95699], [10.51484, 42.96753], [10.51623, 43.0228], [10.53907, 43.07941], [10.53566, 43.11262], [10.53932, 43.13418], [10.54656, 43.14712], [10.53443, 43.18529], [10.52817, 43.24677], [10.43702, 43.38858], [10.32051, 43.51309], [10.27614, 43.71445], [10.26401, 43.80939], [10.25164, 43.84663], [10.21013, 43.92023], [10.18067, 43.95527], [10.13649, 43.97871], [10.1058, 44.01675], [10.02846, 44.04926], [10.03626, 44.06641], [10.05643, 44.09069], [10.05316, 44.09953], [10.02681, 44.11425], [9.98985, 44.11762], [9.98164, 44.13115], [9.98148, 44.15007], [9.96817, 44.15997], [9.94562, 44.16536], [9.89864, 44.1664], [9.89803, 44.17413], [9.90827, 44.19131], [9.90223, 44.19988], [9.8848, 44.20439], [9.86898, 44.18759], [9.86171, 44.18593], [9.85208, 44.25259], [9.75185, 44.30556], [9.71629, 44.32988], [9.68977, 44.35766], [9.68729, 44.36675], [9.69955, 44.37637], [9.75138, 44.38923], [9.76206, 44.40938], [9.83565, 44.47625], [9.86635, 44.48297], [9.93556, 44.47039], [9.99436, 44.44514], [10.00165, 44.42822], [9.98691, 44.41941], [9.98491, 44.4128], [10.0726, 44.35213], [10.1218, 44.3482], [10.16924, 44.32644], [10.19936, 44.31828], [10.21764, 44.29269], [10.24902, 44.26985], [10.28782, 44.28239], [10.35097, 44.27492], [10.37128, 44.26355], [10.40017, 44.23588], [10.47123, 44.22459], [10.48393, 44.18681], [10.52227, 44.1555], [10.57039, 44.12563], [10.61054, 44.1257], [10.62998, 44.14919], [10.64547, 44.15689], [10.70739, 44.16201], [10.73396, 44.15467], [10.80128, 44.11764], [10.83461, 44.10821], [10.85079, 44.09674], [10.91921, 44.0678], [10.9619, 44.10225], [10.9853, 44.12589], [10.99073, 44.14], [11.01508, 44.137], [11.01538, 44.12803], [11.00128, 44.11266], [11.00793, 44.10412], [11.04149, 44.09181], [11.24601, 44.10689], [11.25423, 44.11224], [11.25515, 44.11903], [11.20301, 44.13829], [11.19666, 44.14686], [11.20022, 44.15663], [11.29112, 44.17079], [11.33427, 44.20661], [11.37571, 44.21173], [11.3965, 44.23415], [11.41856, 44.23218], [11.43561, 44.22412], [11.44941, 44.20443], [11.49597, 44.16647], [11.55105, 44.16268], [11.57184, 44.17369], [11.60412, 44.16253], [11.6108, 44.15229], [11.59017, 44.13537], [11.58817, 44.12883], [11.59375, 44.12589], [11.64448, 44.11746], [11.69214, 44.13056], [11.74567, 44.13007], [11.74723, 44.12165], [11.72299, 44.07499], [11.69524, 44.03839], [11.68155, 44.02444], [11.65564, 44.02093], [11.65116, 44.01272], [11.65332, 43.98641], [11.68313, 43.96559], [11.68718, 43.95752], [11.68542, 43.93853], [11.70144, 43.92952], [11.70858, 43.9196], [11.70888, 43.88484], [11.73259, 43.86859], [11.78489, 43.84745], [11.81301, 43.8244], [11.885, 43.81542], [11.93573, 43.79542], [11.9686, 43.77314], [12.06776, 43.75433], [12.13107, 43.76404], [12.15097, 43.75949], [12.18523, 43.74286], [12.21382, 43.76297], [12.24994, 43.76177], [12.26811, 43.77138], [12.28584, 43.76887], [12.28962, 43.78209], [12.28499, 43.7947], [12.32159, 43.81373], [12.33502, 43.82794], [12.34574, 43.84701], [12.35145, 43.86995], [12.38769, 43.88379], [12.405, 43.87381], [12.41328, 43.87386], [12.42245, 43.8821], [12.42111, 43.89517], [12.42945, 43.89206], [12.48525, 43.90142], [12.49758, 43.92304], [12.54231, 43.90349], [12.55503, 43.8752], [12.56263, 43.87691], [12.57533, 43.89355], [12.59135, 43.89334], [12.60779, 43.87285], [12.61585, 43.85334], [12.63305, 43.84254], [12.67992, 43.845], [12.69682, 43.86553], [12.7282, 43.8791], [12.74199, 43.90146], [12.73718, 43.93086], [12.75384, 43.9724], [12.90703, 43.92119], [13.25327, 43.70319], [13.38982, 43.6446], [13.39967, 43.63565], [13.4734, 43.61201], [13.48631, 43.61932], [13.5082, 43.61167], [13.56416, 43.57129], [13.69099, 43.39309], [13.783, 43.22116], [13.79078, 43.19208], [13.80927, 43.16785], [13.90553, 42.90156], [13.81707, 42.88715], [13.76073, 42.86865], [13.71279, 42.86007]], [[12.4103, 43.62103], [12.40894, 43.60106], [12.42119, 43.58971], [12.43073, 43.58971], [12.4448, 43.60106], [12.44298, 43.61967], [12.42982, 43.63147], [12.4162, 43.62784], [12.4103, 43.62103]]], [[[12.23988, 43.80089], [12.19934, 43.78047], [12.18218, 43.78881], [12.17084, 43.8046], [12.17756, 43.82167], [12.2332, 43.81262], [12.23988, 43.80089]]]]}}, {"type": "Feature", "properties": {"bidding_zone": "IT_CSUD"}, "geometry": {"type": "MultiPolygon", "coordinates": [[[[13.87013, 40.74872], [13.86705, 40.75297], [13.87119, 40.76182], [13.95322, 40.7416], [13.96197, 40.73706], [13.96084, 40.71816], [13.93828, 40.70562], [13.89365, 40.69697], [13.86768, 40.70874], [13.85352, 40.72407], [13.86333, 40.74504], [13.87013, 40.74872]]], [[[15.29453, 40.07002], [15.18254, 40.12509], [15.12721, 40.16962], [15.1128, 40.17479], [15.08828, 40.17144], [14.95088, 40.23901], [14.92695, 40.26475], [14.92774, 40.28106], [14.93914, 40.30707], [14.93527, 40.31692], [14.95504, 40.34046], [14.97291, 40.352], [14.99449, 40.35843], [15.00043, 40.36883], [14.99827, 40.39756], [14.93158, 40.50358], [14.90693, 40.55606], [14.83955, 40.62998], [14.78199, 40.66987], [14.75221, 40.6767], [14.70787, 40.65956], [14.62574, 40.64907], [14.55693, 40.62642], [14.45937, 40.63271], [14.38271, 40.59985], [14.33994, 40.59883], [14.37203, 40.63339], [14.39821, 40.64384], [14.4048, 40.65603], [14.44421, 40.68599], [14.47637, 40.6951], [14.47975, 40.71149], [14.47413, 40.72968], [14.46062, 40.74421], [14.35314, 40.79286], [14.2942, 40.83877], [14.24838, 40.83771], [14.22364, 40.83137], [14.2112, 40.81751], [14.14717, 40.8207], [14.09596, 40.83381], [14.08253, 40.83128], [14.07618, 40.82221], [14.08048, 40.79971], [14.07588, 40.79395], [14.04527, 40.81172], [14.05226, 40.83759], [14.04766, 40.87031], [14.02134, 40.92183], [13.96534, 40.99641], [13.95128, 41.0035], [13.85173, 41.14732], [13.79049, 41.20586], [13.72185, 41.25239], [13.70851, 41.25642], [13.68131, 41.25106], [13.66164, 41.25292], [13.65659, 41.25959], [13.59441, 41.25312], [13.56365, 41.23798], [13.56515, 41.23419], [13.55479, 41.23218], [13.38679, 41.27254], [13.32439, 41.29483], [13.28582, 41.29572], [13.20484, 41.28376], [13.08867, 41.24385], [13.04102, 41.26621], [13.02422, 41.30093], [12.98409, 41.32565], [12.92384, 41.37979], [12.89357, 41.39932], [12.86215, 41.41352], [12.81037, 41.41958], [12.63086, 41.46968], [12.56203, 41.5252], [12.44801, 41.63076], [12.34166, 41.70295], [12.21111, 41.80825], [12.19459, 41.84736], [12.14747, 41.90347], [12.03883, 41.96516], [12.0298, 41.97285], [12.02036, 41.99307], [11.98219, 41.99974], [11.95265, 42.02228], [11.91684, 42.03791], [11.89178, 42.03743], [11.80703, 42.08203], [11.73703, 42.1668], [11.68214, 42.25214], [11.65821, 42.27936], [11.53907, 42.34886], [11.45254, 42.37664], [11.47193, 42.41857], [11.48714, 42.43049], [11.59017, 42.44196], [11.60181, 42.44739], [11.60955, 42.47462], [11.60785, 42.48733], [11.56593, 42.51612], [11.58553, 42.5359], [11.58443, 42.5588], [11.58817, 42.56614], [11.60117, 42.56952], [11.62055, 42.56014], [11.67116, 42.57704], [11.69865, 42.60174], [11.73523, 42.61616], [11.75388, 42.64328], [11.78691, 42.65125], [11.78893, 42.71098], [11.80308, 42.72793], [11.80712, 42.74251], [11.78583, 42.7597], [11.77388, 42.78065], [11.74723, 42.79848], [11.75265, 42.80865], [11.77467, 42.82095], [11.79581, 42.8114], [11.80805, 42.81335], [11.8327, 42.83258], [11.88902, 42.85039], [11.93698, 42.87434], [11.94814, 42.88596], [11.95063, 42.9024], [11.93435, 42.91528], [11.93217, 42.9272], [11.9517, 42.98996], [11.97392, 43.02021], [11.97781, 43.04636], [11.97548, 43.05887], [11.96355, 43.07313], [11.95357, 43.07334], [11.93744, 43.06301], [11.92751, 43.07639], [11.91776, 43.12243], [11.92272, 43.13757], [11.94456, 43.1679], [12.00958, 43.19693], [12.02296, 43.24188], [12.03738, 43.25467], [12.09666, 43.24552], [12.12208, 43.25974], [12.1584, 43.26268], [12.21318, 43.29105], [12.21535, 43.30015], [12.21103, 43.30976], [12.19846, 43.31878], [12.1905, 43.31673], [12.17345, 43.29678], [12.13871, 43.29999], [12.13263, 43.35725], [12.08084, 43.37188], [12.07444, 43.38038], [12.07365, 43.4112], [12.04887, 43.41151], [12.03707, 43.41652], [12.0428, 43.42707], [12.05739, 43.43735], [12.07754, 43.44293], [12.10332, 43.46463], [12.13129, 43.47748], [12.13408, 43.48881], [12.12953, 43.49631], [12.10083, 43.5083], [12.09758, 43.51828], [12.11217, 43.52788], [12.13748, 43.53161], [12.20481, 43.61683], [12.21302, 43.60902], [12.24517, 43.60643], [12.28595, 43.5916], [12.29338, 43.5929], [12.3108, 43.60932], [12.35886, 43.61941], [12.35312, 43.57383], [12.33979, 43.5653], [12.30973, 43.5667], [12.30502, 43.56142], [12.30909, 43.55207], [12.39256, 43.52235], [12.43167, 43.53843], [12.48832, 43.52197], [12.51049, 43.51249], [12.60888, 43.42887], [12.63864, 43.4436], [12.69108, 43.4343], [12.71268, 43.45393], [12.73206, 43.46091], [12.75817, 43.46123], [12.7465, 43.37883], [12.79119, 43.31971], [12.79567, 43.27847], [12.85094, 43.20873], [12.85682, 43.17558], [12.83388, 43.14295], [12.84023, 43.12941], [12.86772, 43.12176], [12.89284, 43.09391], [12.89097, 43.05267], [12.89765, 43.02654], [12.89578, 43.0072], [12.90415, 42.99118], [12.9071, 42.97153], [12.92979, 42.94735], [12.96467, 42.92681], [12.97211, 42.8887], [12.99046, 42.89284], [12.98859, 42.91568], [13.04306, 42.91935], [13.10032, 42.88152], [13.13722, 42.84945], [13.15044, 42.82361], [13.16673, 42.82451], [13.22429, 42.84767], [13.23405, 42.8438], [13.25565, 42.8062], [13.25033, 42.77082], [13.22614, 42.75853], [13.20346, 42.75985], [13.19448, 42.74909], [13.19448, 42.7346], [13.24227, 42.73558], [13.26791, 42.74462], [13.30419, 42.72589], [13.33756, 42.68766], [13.41157, 42.69512], [13.42976, 42.70173], [13.43301, 42.71532], [13.44371, 42.72876], [13.49012, 42.74411], [13.4977, 42.76744], [13.53637, 42.81115], [13.57063, 42.80215], [13.61115, 42.81163], [13.6378, 42.80746], [13.66498, 42.81144], [13.69135, 42.8239], [13.70002, 42.8476], [13.71914, 42.86302], [13.76073, 42.86865], [13.81707, 42.88715], [13.90553, 42.90156], [13.94467, 42.79829], [13.98048, 42.73037], [14.00123, 42.69843], [14.06324, 42.62482], [14.07537, 42.59882], [14.22055, 42.47016], [14.3001, 42.42049], [14.56023, 42.22565], [14.60716, 42.20514], [14.72006, 42.13861], [14.7295, 42.09911], [14.74073, 42.08462], [14.76336, 42.07795], [14.76234, 42.06193], [14.74823, 42.03754], [14.74838, 42.01805], [14.67346, 41.95941], [14.64705, 41.94767], [14.64843, 41.92493], [14.64456, 41.91879], [14.5766, 41.85564], [14.51455, 41.78613], [14.47342, 41.76902], [14.44846, 41.7669], [14.45171, 41.78808], [14.43325, 41.81048], [14.43428, 41.8337], [14.42824, 41.84238], [14.37672, 41.87326], [14.35828, 41.86272], [14.34804, 41.86205], [14.32976, 41.87218], [14.31574, 41.88881], [14.28287, 41.90623], [14.27637, 41.9053], [14.22763, 41.87625], [14.21447, 41.85734], [14.19162, 41.83957], [14.16062, 41.84184], [14.14227, 41.82417], [14.14319, 41.81471], [14.16185, 41.78846], [14.18604, 41.77047], [14.18294, 41.76293], [14.13855, 41.74918], [14.09479, 41.72345], [14.07479, 41.73114], [14.06299, 41.72877], [14.0352, 41.70356], [14.00125, 41.68748], [13.9646, 41.69208], [13.9457, 41.68818], [13.97018, 41.66487], [13.99257, 41.62829], [13.99613, 41.57336], [14.00867, 41.55331], [14.00931, 41.52464], [13.98088, 41.50434], [13.98202, 41.48651], [13.96181, 41.4707], [13.98802, 41.45809], [14.03148, 41.39815], [14.06051, 41.39085], [14.09933, 41.38951], [14.10909, 41.39269], [14.10584, 41.41876], [14.08332, 41.43768], [14.0802, 41.44771], [14.12087, 41.49566], [14.16371, 41.49072], [14.22251, 41.49481], [14.2714, 41.48362], [14.32897, 41.457], [14.43367, 41.42569], [14.46195, 41.42305], [14.4748, 41.41497], [14.49594, 41.39039], [14.55568, 41.38936], [14.58761, 41.37013], [14.60235, 41.37311], [14.6592, 41.40321], [14.73287, 41.40549], [14.74682, 41.40972], [14.7642, 41.42084], [14.77959, 41.44468], [14.79261, 41.44344], [14.82702, 41.42569], [14.92682, 41.45157], [14.99529, 41.48207], [15.04552, 41.46388], [15.07239, 41.43809], [15.09705, 41.42584], [15.10186, 41.3906], [15.08558, 41.38032], [15.06666, 41.35845], [15.07534, 41.3304], [15.12825, 41.30771], [15.14345, 41.27462], [15.16365, 41.27732], [15.1787, 41.28905], [15.24013, 41.26673], [15.26246, 41.24754], [15.26602, 41.23542], [15.24464, 41.22642], [15.25332, 41.21443], [15.2527, 41.20715], [15.20302, 41.1657], [15.20287, 41.15338], [15.25534, 41.12768], [15.28034, 41.10385], [15.38256, 41.0975], [15.40603, 41.10563], [15.45538, 41.07936], [15.55856, 41.05512], [15.57625, 41.02659], [15.57794, 41.01103], [15.53665, 40.93326], [15.47087, 40.9018], [15.36922, 40.89895], [15.36085, 40.87609], [15.36582, 40.84387], [15.36208, 40.83446], [15.34426, 40.82068], [15.36891, 40.80218], [15.36487, 40.79237], [15.37232, 40.7686], [15.37373, 40.74167], [15.38616, 40.71835], [15.41811, 40.69767], [15.43516, 40.67943], [15.48761, 40.66186], [15.4873, 40.64702], [15.4628, 40.63184], [15.44808, 40.61424], [15.44663, 40.60233], [15.45584, 40.5953], [15.49086, 40.5861], [15.51758, 40.5647], [15.5396, 40.52001], [15.53494, 40.49396], [15.53788, 40.48464], [15.55091, 40.47086], [15.5764, 40.45748], [15.5922, 40.4333], [15.62281, 40.42342], [15.6597, 40.39221], [15.68826, 40.38802], [15.70129, 40.37957], [15.7078, 40.36883], [15.71123, 40.33133], [15.71696, 40.31844], [15.75172, 40.29803], [15.78543, 40.26886], [15.79039, 40.25646], [15.78914, 40.24396], [15.77545, 40.21982], [15.72072, 40.18886], [15.69556, 40.1661], [15.69679, 40.13859], [15.66853, 40.09729], [15.64977, 40.08081], [15.65148, 40.07275], [15.66434, 40.06696], [15.64665, 40.04693], [15.62469, 40.06489], [15.62428, 40.07779], [15.6102, 40.07319], [15.53492, 40.07779], [15.51313, 40.06768], [15.50025, 40.05253], [15.39092, 40.05215], [15.29453, 40.07002]], [[12.45404, 41.90275], [12.45303, 41.90391], [12.45271, 41.90302], [12.45404, 41.90275]], [[12.43838, 41.9062], [12.42754, 41.90073], [12.43057, 41.89756], [12.43916, 41.89839], [12.43838, 41.9062]]], [[[12.41393, 43.59425], [12.40758, 43.61014], [12.4103, 43.62103], [12.4162, 43.62784], [12.42982, 43.63147], [12.44298, 43.61967], [12.4448, 43.60106], [12.43073, 43.58971], [12.41393, 43.59425]]]]}}, {"type": "Feature", "properties": {"bidding_zone": "IT_SUD"}, "geometry": {"type": "Polygon", "coordinates": [[[16.75587, 40.25599], [16.67262, 40.14133], [16.64005, 40.11875], [16.55891, 40.1268], [16.52202, 40.12112], [16.47935, 40.12641], [16.44999, 40.12437], [16.43184, 40.13685], [16.42114, 40.13274], [16.41169, 40.11605], [16.40673, 40.07053], [16.38699, 40.03182], [16.38761, 40.00071], [16.36529, 39.97487], [16.35738, 39.95193], [16.34404, 39.93524], [16.35863, 39.92072], [16.35986, 39.90537], [16.35428, 39.9008], [16.30772, 39.93593], [16.26272, 39.94219], [16.2149, 39.92903], [16.20653, 39.91697], [16.19739, 39.91451], [16.06892, 39.90669], [16.04996, 39.9156], [16.01104, 39.95402], [16.02128, 39.98687], [15.98199, 39.9789], [15.9727, 39.98304], [15.9555, 40.00262], [15.94636, 40.00562], [15.9159, 40.00221], [15.90351, 39.98552], [15.85833, 40.00818], [15.84113, 40.00397], [15.77653, 39.96533], [15.74581, 39.9246], [15.72804, 39.96418], [15.67888, 40.00886], [15.64665, 40.04693], [15.66434, 40.06696], [15.64915, 40.07768], [15.69308, 40.13052], [15.69712, 40.14266], [15.69556, 40.1661], [15.72072, 40.18886], [15.77545, 40.21982], [15.78914, 40.24396], [15.78914, 40.26183], [15.75172, 40.29803], [15.71696, 40.31844], [15.71123, 40.33133], [15.7078, 40.36883], [15.70129, 40.37957], [15.68826, 40.38802], [15.6597, 40.39221], [15.62281, 40.42342], [15.59842, 40.42854], [15.5764, 40.45748], [15.55091, 40.47086], [15.53788, 40.48464], [15.53494, 40.49396], [15.5396, 40.52001], [15.51758, 40.5647], [15.49086, 40.5861], [15.45584, 40.5953], [15.4456, 40.60566], [15.4628, 40.63184], [15.4873, 40.64702], [15.48761, 40.66186], [15.43516, 40.67943], [15.41811, 40.69767], [15.38616, 40.71835], [15.37373, 40.74167], [15.37232, 40.7686], [15.36487, 40.79237], [15.36891, 40.80218], [15.34426, 40.82068], [15.36208, 40.83446], [15.36582, 40.84387], [15.36085, 40.87609], [15.36922, 40.89895], [15.47087, 40.9018], [15.53665, 40.93326], [15.57794, 41.01103], [15.57625, 41.02659], [15.55856, 41.05512], [15.45538, 41.07936], [15.40603, 41.10563], [15.38256, 41.0975], [15.28034, 41.10385], [15.25534, 41.12768], [15.20287, 41.15338], [15.20302, 41.1657], [15.2527, 41.20715], [15.25332, 41.21443], [15.24464, 41.22642], [15.26602, 41.23542], [15.26246, 41.24754], [15.24013, 41.26673], [15.1787, 41.28905], [15.16365, 41.27732], [15.14345, 41.27462], [15.12825, 41.30771], [15.07534, 41.3304], [15.06666, 41.35845], [15.08558, 41.38032], [15.10186, 41.3906], [15.09705, 41.42584], [15.07239, 41.43809], [15.04552, 41.46388], [14.99529, 41.48207], [14.92682, 41.45157], [14.82702, 41.42569], [14.79261, 41.44344], [14.77959, 41.44468], [14.7642, 41.42084], [14.74682, 41.40972], [14.73287, 41.40549], [14.6592, 41.40321], [14.60235, 41.37311], [14.58761, 41.37013], [14.55568, 41.38936], [14.49594, 41.39039], [14.4748, 41.41497], [14.46195, 41.42305], [14.43367, 41.42569], [14.32897, 41.457], [14.26646, 41.48517], [14.22251, 41.49481], [14.16371, 41.49072], [14.12087, 41.49566], [14.0802, 41.44771], [14.08332, 41.43768], [14.10584, 41.41876], [14.10909, 41.39269], [14.08826, 41.38874], [14.03504, 41.39618], [13.98802, 41.45809], [13.96181, 41.4707], [13.98202, 41.48651], [13.98088, 41.50434], [14.00931, 41.52464], [14.00867, 41.55331], [13.99613, 41.57336], [13.99257, 41.62829], [13.97018, 41.66487], [13.9457, 41.68818], [13.9646, 41.69208], [14.00125, 41.68748], [14.0352, 41.70356], [14.06299, 41.72877], [14.07479, 41.73114], [14.09479, 41.72345], [14.13855, 41.74918], [14.18294, 41.76293], [14.18604, 41.77047], [14.16185, 41.78846], [14.14319, 41.81471], [14.14227, 41.82417], [14.16062, 41.84184], [14.19162, 41.83957], [14.21447, 41.85734], [14.22763, 41.87625], [14.27637, 41.9053], [14.28287, 41.90623], [14.31574, 41.88881], [14.32976, 41.87218], [14.34804, 41.86205], [14.35828, 41.86272], [14.37672, 41.87326], [14.42824, 41.84238], [14.43428, 41.8337], [14.43325, 41.81048], [14.45171, 41.78808], [14.44846, 41.7669], [14.47342, 41.76902], [14.51455, 41.78613], [14.5766, 41.85564], [14.64456, 41.91879], [14.64843, 41.92493], [14.64705, 41.94767], [14.67346, 41.95941], [14.74434, 42.01304], [14.74838, 42.01805], [14.74931, 42.04157], [14.76341, 42.06503], [14.76336, 42.07795], [14.78012, 42.07526], [14.83546, 42.04413], [14.8711, 42.03181], [14.94367, 42.02217], [15.01429, 41.99451], [15.03452, 41.9746], [15.10434, 41.94188], [15.12338, 41.93427], [15.16538, 41.9278], [15.23779, 41.92795], [15.32979, 41.91985], [15.40056, 41.90778], [15.44606, 41.90693], [15.54783, 41.91993], [15.66916, 41.92562], [15.77442, 41.92121], [15.96929, 41.93885], [16.06152, 41.92813], [16.15631, 41.89877], [16.16566, 41.89281], [16.18916, 41.81401], [16.15127, 41.7585], [16.03369, 41.70078], [15.96692, 41.65628], [15.9253, 41.64004], [15.90008, 41.61465], [15.89137, 41.57685], [15.89633, 41.53644], [15.90197, 41.5242], [15.90049, 41.51206], [15.9336, 41.47944], [15.96111, 41.45946], [16.02166, 41.4278], [16.05181, 41.42061], [16.10348, 41.40113], [16.11411, 41.39289], [16.54486, 41.23467], [16.59392, 41.20698], [16.82828, 41.1469], [16.85141, 41.13296], [16.85816, 41.13296], [16.85816, 41.13769], [16.88526, 41.12397], [16.97067, 41.10304], [17.10342, 41.06216], [17.2752, 40.97544], [17.31667, 40.94734], [17.34791, 40.9121], [17.3777, 40.90229], [17.41358, 40.88109], [17.47608, 40.83015], [17.51222, 40.8203], [17.54835, 40.80195], [17.60154, 40.79147], [17.82183, 40.70652], [17.84392, 40.69416], [17.85977, 40.69189], [17.95498, 40.65518], [17.95493, 40.64692], [17.96248, 40.64684], [18.03829, 40.56351], [18.03745, 40.55695], [18.14018, 40.49581], [18.32333, 40.3741], [18.34588, 40.35087], [18.46064, 40.22104], [18.48584, 40.10483], [18.44509, 40.02886], [18.43409, 40.02253], [18.41139, 39.97883], [18.39479, 39.9256], [18.39346, 39.90361], [18.34375, 39.82139], [18.21934, 39.85254], [18.07793, 39.93696], [17.99502, 40.07063], [18.00294, 40.07445], [18.011, 40.09601], [17.99724, 40.12043], [17.93391, 40.16915], [17.91957, 40.19226], [17.917, 40.22687], [17.91114, 40.2403], [17.89967, 40.24909], [17.91277, 40.24909], [17.91277, 40.25532], [17.86313, 40.28563], [17.84767, 40.29003], [17.67719, 40.29697], [17.47707, 40.31486], [17.44044, 40.331], [17.42461, 40.33117], [17.3958, 40.34023], [17.25772, 40.39907], [17.24421, 40.4453], [17.24789, 40.45734], [17.22755, 40.47443], [17.24741, 40.48029], [17.29575, 40.47321], [17.31625, 40.48188], [17.32325, 40.49848], [17.30405, 40.49946], [17.26173, 40.48871], [17.26857, 40.49616], [17.24741, 40.50283], [17.21226, 40.48785], [17.15602, 40.5124], [17.04957, 40.51911], [16.97608, 40.49262], [16.91212, 40.44522], [16.78273, 40.30158], [16.75587, 40.25599]]]}}, {"type": "Feature", "properties": {"bidding_zone": "IT_SICI"}, "geometry": {"type": "Polygon", "coordinates": [[[15.63467, 38.26758], [15.58375, 38.24042], [15.56967, 38.22696], [15.55991, 38.19977], [15.5644, 38.19989], [15.50889, 38.10664], [15.47568, 38.06294], [15.39259, 37.97614], [15.30092, 37.86143], [15.21306, 37.76146], [15.20655, 37.74775], [15.21143, 37.73124], [15.18984, 37.65073], [15.16484, 37.58955], [15.13732, 37.54258], [15.1159, 37.52228], [15.09669, 37.49445], [15.08953, 37.45946], [15.09205, 37.36054], [15.09669, 37.3437], [15.11069, 37.32184], [15.19365, 37.28286], [15.23027, 37.24434], [15.22088, 37.23846], [15.21583, 37.2447], [15.19288, 37.23998], [15.19907, 37.22761], [15.17412, 37.20918], [15.18888, 37.19238], [15.19467, 37.17634], [15.21648, 37.15522], [15.21984, 37.15715], [15.24659, 37.11823], [15.27262, 37.10967], [15.28867, 37.09692], [15.29381, 37.06641], [15.28793, 37.069], [15.28199, 37.06086], [15.2837, 37.04841], [15.29534, 37.04233], [15.29453, 37.01328], [15.26808, 37.00043], [15.27165, 36.99686], [15.22721, 36.96498], [15.17465, 36.94408], [15.15838, 36.92422], [15.11582, 36.83926], [15.10662, 36.80858], [15.094, 36.79955], [15.11631, 36.73647], [15.1126, 36.68784], [15.03529, 36.69209], [15.00717, 36.70279], [14.99781, 36.70222], [14.99381, 36.69617], [14.88217, 36.73066], [14.84685, 36.72626], [14.82052, 36.71555], [14.77598, 36.7104], [14.5822, 36.78132], [14.56593, 36.77831], [14.53913, 36.78344], [14.50186, 36.79868], [14.36988, 36.97309], [14.27882, 37.04401], [14.20851, 37.08112], [14.12631, 37.11225], [14.08863, 37.11774], [13.97633, 37.1103], [13.95789, 37.1035], [13.90547, 37.10063], [13.88223, 37.10845], [13.83269, 37.13955], [13.76197, 37.15728], [13.63626, 37.22692], [13.59881, 37.25674], [13.56918, 37.2735], [13.51307, 37.28511], [13.34474, 37.35913], [13.2688, 37.40787], [13.25327, 37.43179], [13.22895, 37.44438], [13.20607, 37.46393], [13.18922, 37.46971], [13.17408, 37.48701], [13.04033, 37.50654], [13.0044, 37.52632], [13.00001, 37.53547], [12.97413, 37.55744], [12.94264, 37.56851], [12.86215, 37.5764], [12.74068, 37.56865], [12.69902, 37.57183], [12.64023, 37.59434], [12.61449, 37.6114], [12.59474, 37.63788], [12.57781, 37.652], [12.56349, 37.65778], [12.54407, 37.65806], [12.52676, 37.66953], [12.45439, 37.77378], [12.43813, 37.81346], [12.44459, 37.81599], [12.44606, 37.81184], [12.46502, 37.82282], [12.47869, 37.88117], [12.4685, 37.89623], [12.54766, 38.05293], [12.57836, 38.07114], [12.60841, 38.0624], [12.63868, 38.07949], [12.65162, 38.0915], [12.65608, 38.10488], [12.6734, 38.11595], [12.7046, 38.11083], [12.72535, 38.12592], [12.72139, 38.16629], [12.73438, 38.18306], [12.78094, 38.13528], [12.81837, 38.07795], [12.86891, 38.05134], [12.86964, 38.04255], [12.90113, 38.02806], [12.94418, 38.03286], [13.02735, 38.0624], [13.06137, 38.08348], [13.0713, 38.09553], [13.06617, 38.12303], [13.05794, 38.13155], [13.14709, 38.18291], [13.17937, 38.17621], [13.2072, 38.17609], [13.23032, 38.18464], [13.23277, 38.19096], [13.29111, 38.19145], [13.35166, 38.18052], [13.39137, 38.10318], [13.45821, 38.10721], [13.49131, 38.10312], [13.53936, 38.07726], [13.54737, 38.05622], [13.55747, 38.04914], [13.58709, 38.03913], [13.65113, 38.00096], [13.71192, 37.98794], [13.70509, 37.98045], [13.79078, 37.97362], [13.81267, 37.97793], [13.85719, 37.99673], [13.89829, 38.00446], [13.93662, 38.02417], [14.04234, 38.03942], [14.08326, 38.02383], [14.10629, 38.02143], [14.15138, 38.02888], [14.2732, 38.01512], [14.33123, 38.01801], [14.38461, 38.02953], [14.41621, 38.04258], [14.44719, 38.04359], [14.46412, 38.03718], [14.51173, 38.04438], [14.63461, 38.08149], [14.66774, 38.09919], [14.73721, 38.15078], [14.76684, 38.15994], [14.79811, 38.16035], [14.85313, 38.17146], [14.95826, 38.16829], [14.96974, 38.15925], [15.00733, 38.1518], [15.049, 38.1518], [15.0687, 38.13129], [15.0879, 38.12824], [15.17742, 38.15632], [15.22402, 38.21104], [15.24498, 38.21833], [15.25758, 38.21019], [15.29184, 38.20702], [15.39967, 38.23257], [15.43377, 38.25316], [15.47291, 38.26781], [15.5044, 38.29128], [15.56836, 38.2959], [15.63467, 38.26758]]]}}, {"type": "Feature", "properties": {"bidding_zone": "IT_SARD"}, "geometry": {"type": "MultiPolygon", "coordinates": [[[[8.45802, 39.06806], [8.47891, 39.06753], [8.45932, 39.04979], [8.46339, 39.04247], [8.42148, 38.96865], [8.36094, 39.03867], [8.35859, 39.09878], [8.36639, 39.11506], [8.38592, 39.10505], [8.39696, 39.10559], [8.44063, 39.09063], [8.45193, 39.08381], [8.45802, 39.06806]]], [[[9.72739, 40.37202], [9.71241, 40.3664], [9.68312, 40.3242], [9.64552, 40.29609], [9.62615, 40.26309], [9.63111, 40.19619], [9.65463, 40.1446], [9.66505, 40.13158], [9.67975, 40.12613], [9.70078, 40.0918], [9.70652, 40.01982], [9.69337, 39.99291], [9.68727, 39.96117], [9.69149, 39.9488], [9.64894, 39.63898], [9.63787, 39.52678], [9.62843, 39.50178], [9.6341, 39.49563], [9.62534, 39.42332], [9.60206, 39.35566], [9.60043, 39.34101], [9.60649, 39.32268], [9.59031, 39.27384], [9.58188, 39.2663], [9.56756, 39.2381], [9.57325, 39.21381], [9.5656, 39.20506], [9.57026, 39.19823], [9.5625, 39.16602], [9.48633, 39.13955], [9.38298, 39.16956], [9.34506, 39.19644], [9.31227, 39.20791], [9.29217, 39.22126], [9.28533, 39.21381], [9.25245, 39.22517], [9.21632, 39.22801], [9.19744, 39.22114], [9.17989, 39.20591], [9.14932, 39.19697], [9.12219, 39.20513], [9.07301, 39.24852], [9.06373, 39.24307], [9.03875, 39.26219], [9.01393, 39.2639], [9.01254, 39.26057], [9.02573, 39.25601], [9.02101, 39.24042], [9.03785, 39.22712], [9.05414, 39.22635], [9.04723, 39.18616], [9.02622, 39.16523], [9.01832, 39.14614], [9.01873, 39.10395], [9.02853, 39.07742], [9.02266, 39.04326], [8.9666, 38.96372], [8.88135, 38.91289], [8.80117, 38.90967], [8.77466, 38.91514], [8.73951, 38.93065], [8.64854, 38.92656], [8.61202, 38.95251], [8.60328, 38.96491], [8.59541, 38.96431], [8.57477, 38.99668], [8.55958, 39.05671], [8.54428, 39.05126], [8.53138, 39.05654], [8.5143, 39.07696], [8.51808, 39.08344], [8.50315, 39.09028], [8.48623, 39.1105], [8.41816, 39.20571], [8.41257, 39.2706], [8.42644, 39.28327], [8.43214, 39.30183], [8.4157, 39.32368], [8.41725, 39.33902], [8.4075, 39.34475], [8.39912, 39.48159], [8.43531, 39.52521], [8.46339, 39.57685], [8.4559, 39.58438], [8.46388, 39.59789], [8.45117, 39.72168], [8.47109, 39.7481], [8.51694, 39.70213], [8.53826, 39.69603], [8.56577, 39.70108], [8.5145, 39.71369], [8.50441, 39.7215], [8.50498, 39.72552], [8.51074, 39.72168], [8.54053, 39.73159], [8.53867, 39.76968], [8.54526, 39.78295], [8.5404, 39.78295], [8.54141, 39.79065], [8.55209, 39.82079], [8.55519, 39.85269], [8.54526, 39.87857], [8.52345, 39.89887], [8.49415, 39.91242], [8.46306, 39.91413], [8.45101, 39.90754], [8.40781, 39.91724], [8.39932, 39.97817], [8.40859, 40.03765], [8.42349, 40.05045], [8.4686, 40.06216], [8.48732, 40.08954], [8.49, 40.10448], [8.47083, 40.13945], [8.47115, 40.24768], [8.47641, 40.26215], [8.47608, 40.29214], [8.4629, 40.31452], [8.40918, 40.35234], [8.39267, 40.41494], [8.39047, 40.44233], [8.37989, 40.4687], [8.36557, 40.49213], [8.3244, 40.52956], [8.31202, 40.57807], [8.29151, 40.59536], [8.26734, 40.59406], [8.25469, 40.58825], [8.23027, 40.60596], [8.18994, 40.65161], [8.18849, 40.68049], [8.19744, 40.69123], [8.18669, 40.69441], [8.18086, 40.77105], [8.1976, 40.84374], [8.20965, 40.86542], [8.22422, 40.91333], [8.23296, 40.91071], [8.27784, 40.86542], [8.31023, 40.85065], [8.42189, 40.83877], [8.50099, 40.82445], [8.52052, 40.82697], [8.5984, 40.85297], [8.61919, 40.86698], [8.75181, 40.9189], [8.76441, 40.9138], [8.82252, 40.94733], [8.91218, 41.0324], [8.9227, 41.03677], [8.94904, 41.06582], [8.97576, 41.08267], [8.99867, 41.11051], [9.10776, 41.13947], [9.13559, 41.16031], [9.14186, 41.15278], [9.15756, 41.16889], [9.18213, 41.24219], [9.22842, 41.25708], [9.26771, 41.21719], [9.26743, 41.20197], [9.27833, 41.19501], [9.27453, 41.21027], [9.28547, 41.20145], [9.28533, 41.19501], [9.31443, 41.19899], [9.33302, 41.18757], [9.33391, 41.19733], [9.35078, 41.1959], [9.41425, 41.16808], [9.4087, 41.16031], [9.42018, 41.15644], [9.44288, 41.13296], [9.43702, 41.12543], [9.43678, 41.11538], [9.44288, 41.09199], [9.46046, 41.12051], [9.47006, 41.12613], [9.45655, 41.14037], [9.46243, 41.14309], [9.50019, 41.10635], [9.53092, 41.06439], [9.52125, 41.03168], [9.51189, 41.01626], [9.53224, 41.01626], [9.52475, 41.0305], [9.54314, 41.03693], [9.55421, 41.03461], [9.55763, 41.02505], [9.55274, 41.00947], [9.55779, 41.00943], [9.55958, 41.01626], [9.57325, 41.00947], [9.58815, 41.0207], [9.61533, 41.01729], [9.62119, 41.00488], [9.58758, 40.99579], [9.55454, 40.93142], [9.51189, 40.93431], [9.51254, 40.92796], [9.50424, 40.92691], [9.51197, 40.91519], [9.53907, 40.92064], [9.57325, 40.9064], [9.58507, 40.90852], [9.63203, 40.88203], [9.68203, 40.81811], [9.68473, 40.81181], [9.67449, 40.81391], [9.66179, 40.80903], [9.65789, 40.79987], [9.66879, 40.79035], [9.66977, 40.80146], [9.67579, 40.78864], [9.70395, 40.75943], [9.7142, 40.72724], [9.73431, 40.69618], [9.74866, 40.66274], [9.75652, 40.59516], [9.76157, 40.58735], [9.78191, 40.58198], [9.79451, 40.55531], [9.80527, 40.49956], [9.78281, 40.4415], [9.7542, 40.40029], [9.72739, 40.37202]]], [[[9.07496, 39.22989], [9.07955, 39.22491], [9.07221, 39.22942], [9.07496, 39.22989]]], [[[8.24662, 40.99457], [8.21077, 40.9971], [8.22169, 41.01439], [8.22402, 41.0313], [8.24138, 41.05207], [8.27565, 41.06977], [8.27736, 41.10342], [8.30209, 41.10505], [8.32021, 41.12188], [8.34156, 41.09818], [8.31907, 41.06294], [8.27475, 41.05728], [8.25115, 41.04377], [8.24662, 40.99457]]]]}}, {"type": "Feature", "properties": {"bidding_zone": "IT_CALA"}, "geometry": {"type": "Polygon", "coordinates": [[[16.33985, 38.30085], [16.30633, 38.27709], [16.16944, 38.14322], [16.10977, 38.01865], [16.05684, 37.94185], [15.72451, 37.93911], [15.64632, 38.0336], [15.65846, 38.04255], [15.64533, 38.05866], [15.6439, 38.13229], [15.6478, 38.14313], [15.64307, 38.17539], [15.69605, 38.25599], [15.78647, 38.27802], [15.81065, 38.29908], [15.82236, 38.30298], [15.88745, 38.44552], [15.9048, 38.47394], [15.91782, 38.51679], [15.91603, 38.55036], [15.90008, 38.57827], [15.88297, 38.59343], [15.87891, 38.61392], [15.92695, 38.67173], [15.97236, 38.7126], [16.02729, 38.72665], [16.12086, 38.72093], [16.136, 38.72382], [16.17921, 38.74828], [16.18625, 38.7574], [16.19678, 38.75923], [16.19772, 38.77227], [16.2151, 38.81415], [16.22169, 38.85659], [16.22006, 38.89907], [16.20898, 38.92754], [16.20996, 38.94111], [16.11525, 39.01751], [16.10201, 39.04123], [16.07228, 39.13691], [16.03403, 39.34524], [15.9954, 39.43877], [15.95808, 39.47756], [15.93312, 39.51366], [15.91605, 39.5271], [15.8544, 39.62651], [15.77377, 39.84296], [15.78191, 39.8686], [15.77442, 39.8911], [15.74581, 39.9246], [15.77653, 39.96533], [15.84113, 40.00397], [15.85833, 40.00818], [15.90351, 39.98552], [15.9159, 40.00221], [15.94636, 40.00562], [15.9555, 40.00262], [15.9727, 39.98304], [15.98199, 39.9789], [16.02128, 39.98687], [16.01104, 39.95402], [16.04996, 39.9156], [16.06892, 39.90669], [16.19739, 39.91451], [16.20653, 39.91697], [16.2149, 39.92903], [16.26272, 39.94219], [16.30772, 39.93593], [16.35428, 39.9008], [16.35986, 39.90537], [16.35863, 39.92072], [16.34404, 39.93524], [16.35738, 39.95193], [16.36529, 39.97487], [16.38761, 40.00071], [16.38699, 40.03182], [16.40673, 40.07053], [16.41169, 40.11605], [16.42114, 40.13274], [16.43184, 40.13685], [16.44999, 40.12437], [16.47935, 40.12641], [16.52202, 40.12112], [16.55891, 40.1268], [16.62114, 40.12267], [16.64005, 40.11875], [16.62452, 40.10798], [16.60475, 40.08446], [16.59693, 40.04678], [16.60729, 40.01331], [16.54333, 39.88619], [16.50815, 39.83759], [16.49171, 39.80549], [16.48976, 39.77521], [16.50213, 39.74706], [16.52858, 39.7215], [16.51564, 39.6896], [16.54591, 39.66087], [16.59148, 39.63679], [16.62485, 39.62531], [16.65309, 39.62412], [16.82432, 39.57832], [16.8462, 39.55268], [16.90602, 39.52973], [16.95297, 39.49921], [16.9759, 39.49449], [16.99922, 39.48159], [17.11455, 39.38061], [17.11451, 39.26935], [17.11891, 39.25404], [17.12452, 39.09089], [17.15884, 39.04037], [17.17217, 38.99558], [17.09853, 38.91934], [16.95729, 38.94009], [16.83855, 38.9182], [16.72779, 38.87885], [16.68775, 38.85586], [16.67075, 38.84064], [16.61061, 38.81656], [16.58562, 38.79784], [16.57439, 38.78506], [16.56373, 38.75674], [16.53883, 38.72333], [16.53484, 38.6999], [16.54908, 38.68993], [16.55885, 38.59601], [16.57002, 38.55447], [16.57422, 38.49356], [16.5456, 38.40908], [16.42435, 38.33558], [16.33985, 38.30085]]]}}, {"type": "Feature", "properties": {"bidding_zone": "LT"}, "geometry": {"type": "MultiPolygon", "coordinates": [[[[26.5666, 55.54648], [26.53211, 55.51625], [26.52766, 55.49217], [26.53598, 55.48291], [26.51924, 55.44814], [26.49924, 55.42809], [26.49097, 55.4048], [26.45521, 55.35611], [26.4455, 55.3375], [26.45004, 55.32706], [26.52539, 55.3081], [26.57705, 55.31293], [26.68125, 55.30644], [26.76016, 55.29336], [26.77568, 55.2731], [26.73438, 55.24678], [26.68569, 55.23162], [26.64114, 55.20283], [26.63002, 55.17536], [26.60117, 55.13018], [26.52463, 55.13251], [26.4734, 55.14568], [26.45914, 55.14475], [26.44574, 55.13491], [26.35649, 55.13763], [26.30948, 55.14465], [26.26442, 55.1401], [26.233, 55.11162], [26.23074, 55.08883], [26.21582, 55.05039], [26.17519, 55.00327], [26.09297, 54.96231], [25.9531, 54.94416], [25.90785, 54.94807], [25.87023, 54.93882], [25.85845, 54.93298], [25.84667, 54.90621], [25.78269, 54.86968], [25.77226, 54.85086], [25.77901, 54.82959], [25.76553, 54.80296], [25.7243, 54.78012], [25.7227, 54.70438], [25.70952, 54.67563], [25.70838, 54.66302], [25.72514, 54.62887], [25.73164, 54.59038], [25.7248, 54.56426], [25.6828, 54.53305], [25.64617, 54.52039], [25.63087, 54.50835], [25.61991, 54.4881], [25.61587, 54.45338], [25.57206, 54.38413], [25.54881, 54.36774], [25.53, 54.34614], [25.52865, 54.32097], [25.5423, 54.30806], [25.564, 54.30315], [25.62149, 54.30919], [25.70254, 54.29297], [25.74815, 54.25967], [25.76504, 54.22119], [25.76523, 54.17979], [25.74922, 54.15698], [25.70724, 54.14689], [25.69061, 54.14822], [25.6738, 54.14044], [25.57305, 54.13989], [25.51035, 54.15962], [25.49736, 54.17524], [25.50448, 54.18472], [25.52173, 54.18822], [25.52896, 54.19566], [25.51996, 54.20532], [25.52734, 54.21514], [25.52156, 54.22843], [25.5455, 54.22749], [25.55397, 54.23126], [25.47868, 54.29333], [25.45936, 54.29891], [25.43414, 54.29183], [25.40592, 54.26743], [25.37061, 54.25122], [25.27443, 54.24798], [25.22412, 54.25855], [25.20624, 54.25679], [25.19353, 54.24367], [25.18098, 54.21479], [25.11143, 54.15493], [25.04609, 54.13306], [24.90228, 54.14977], [24.85598, 54.14672], [24.82156, 54.13453], [24.81753, 54.12822], [24.81815, 54.11013], [24.7825, 54.09288], [24.80457, 54.04899], [24.78926, 53.99824], [24.76816, 53.97466], [24.68774, 53.97748], [24.6779, 53.99231], [24.66685, 53.99386], [24.64297, 53.98301], [24.5791, 53.97562], [24.52866, 53.95836], [24.47852, 53.93184], [24.31797, 53.89297], [24.23662, 53.91997], [24.22915, 53.93237], [24.20114, 53.95247], [24.16961, 53.95893], [24.0085, 53.93164], [23.95024, 53.9383], [23.91981, 53.94777], [23.87451, 53.93578], [23.80312, 53.92397], [23.78721, 53.92792], [23.75445, 53.91676], [23.7121, 53.91319], [23.55975, 53.91979], [23.52015, 53.93397], [23.48577, 53.9395], [23.49038, 53.95061], [23.47797, 53.96188], [23.48296, 54.00804], [23.49648, 54.02197], [23.49617, 54.04456], [23.47395, 54.11256], [23.44904, 54.15494], [23.4325, 54.1693], [23.40731, 54.17508], [23.37241, 54.19892], [23.35447, 54.21705], [23.31602, 54.23628], [23.25878, 54.24897], [23.11707, 54.30346], [23.08961, 54.299], [23.04219, 54.3042], [23.03388, 54.32339], [23.04162, 54.34097], [22.98075, 54.3645], [22.96266, 54.38169], [22.92874, 54.38037], [22.85889, 54.39921], [22.8376, 54.40092], [22.81269, 54.3941], [22.79842, 54.37864], [22.76652, 54.357], [22.7621, 54.36158], [22.72432, 54.40561], [22.67988, 54.49302], [22.68447, 54.56294], [22.70967, 54.63262], [22.77675, 54.7462], [22.78665, 54.75599], [22.83285, 54.77867], [22.84577, 54.79614], [22.84835, 54.81381], [22.84432, 54.83226], [22.82127, 54.88549], [22.80887, 54.89376], [22.77716, 54.90233], [22.74544, 54.92304], [22.75213, 54.93112], [22.7388, 54.93412], [22.71554, 54.95138], [22.67363, 54.95298], [22.62744, 54.9707], [22.60322, 55.00631], [22.58067, 55.05762], [22.56547, 55.0678], [22.54108, 55.07576], [22.45884, 55.06165], [22.25128, 55.07085], [22.18125, 55.06039], [22.07236, 55.06367], [22.01863, 55.07371], [22.01543, 55.08842], [22.00344, 55.09349], [21.9775, 55.09199], [21.96061, 55.08454], [21.87393, 55.10073], [21.71292, 55.15093], [21.64584, 55.18103], [21.60512, 55.1925], [21.55469, 55.19531], [21.44707, 55.23442], [21.40555, 55.27239], [21.37485, 55.28996], [21.34984, 55.28779], [21.30185, 55.26497], [21.26693, 55.26428], [21.26441, 55.284], [21.27084, 55.28803], [21.28533, 55.28705], [21.29119, 55.29706], [21.27418, 55.32734], [21.25945, 55.33625], [21.25709, 55.36937], [21.24659, 55.37018], [21.20168, 55.34564], [21.21574, 55.38811], [21.2483, 55.41787], [21.24838, 55.44233], [21.22291, 55.52021], [21.20637, 55.53181], [21.19589, 55.55733], [21.19508, 55.58511], [21.15717, 55.64269], [21.14723, 55.67817], [21.12077, 55.70793], [21.06191, 55.81343], [21.05681, 55.94529], [21.05836, 56.03754], [21.0534, 56.07262], [21.19037, 56.08446], [21.20535, 56.10342], [21.22106, 56.14699], [21.31465, 56.18814], [21.6385, 56.30895], [21.6845, 56.3101], [21.89986, 56.36653], [22.04287, 56.40078], [22.08457, 56.40674], [22.17769, 56.40215], [22.2149, 56.39038], [22.36075, 56.39313], [22.61108, 56.37538], [22.64909, 56.3531], [22.66635, 56.34909], [22.87559, 56.39644], [22.96826, 56.38042], [22.98548, 56.36743], [23.01671, 56.32385], [23.06229, 56.30416], [23.11273, 56.31088], [23.16285, 56.34101], [23.15671, 56.34835], [23.1783, 56.3587], [23.22514, 56.3648], [23.39106, 56.35155], [23.48159, 56.3301], [23.51756, 56.32866], [23.54862, 56.33896], [23.61269, 56.33384], [23.72394, 56.33375], [23.72499, 56.32881], [23.7561, 56.32597], [23.8127, 56.32925], [24.0082, 56.29526], [24.10864, 56.2607], [24.13892, 56.25745], [24.20134, 56.27038], [24.37155, 56.28305], [24.41435, 56.26551], [24.44722, 56.26052], [24.539, 56.28762], [24.60505, 56.3342], [24.69951, 56.3813], [24.82312, 56.40715], [24.84585, 56.40493], [24.84914, 56.40948], [24.90303, 56.39819], [24.94385, 56.32559], [25.07313, 56.19781], [25.1092, 56.18308], [25.36341, 56.15849], [25.58574, 56.13018], [25.66318, 56.10483], [25.8292, 56.01879], [25.87127, 55.99214], [26.0042, 55.94014], [26.09447, 55.89077], [26.20957, 55.81211], [26.27972, 55.74324], [26.34235, 55.71634], [26.48105, 55.67831], [26.53748, 55.66952], [26.59352, 55.66704], [26.59082, 55.62266], [26.5666, 55.54648]]], [[[20.99952, 55.357], [21.04151, 55.41608], [21.08237, 55.49763], [21.09311, 55.58169], [21.09845, 55.59619], [21.11484, 55.6165], [21.11572, 55.56816], [21.10391, 55.48774], [21.03174, 55.35049], [20.95781, 55.27891], [20.92519, 55.28327], [20.99952, 55.357]]]]}}, {"type": "Feature", "properties": {"bidding_zone": "LV"}, "geometry": {"type": "Polygon", "coordinates": [[[27.36523, 57.52766], [27.46973, 57.52402], [27.51113, 57.50815], [27.52532, 57.46778], [27.51132, 57.4304], [27.53628, 57.4157], [27.61051, 57.39674], [27.70795, 57.34813], [27.79688, 57.31694], [27.82861, 57.29331], [27.83828, 57.24771], [27.83027, 57.19448], [27.81455, 57.16689], [27.76285, 57.13514], [27.70098, 57.11879], [27.68222, 57.1037], [27.69607, 57.08546], [27.72891, 57.07506], [27.71738, 57.05464], [27.71113, 56.97808], [27.67329, 56.90817], [27.64873, 56.87927], [27.62837, 56.84415], [27.66118, 56.83927], [27.69348, 56.84922], [27.80606, 56.86709], [27.84863, 56.85342], [27.88154, 56.82417], [27.88824, 56.77138], [27.86546, 56.74269], [27.88262, 56.72548], [27.94298, 56.70187], [27.9916, 56.64531], [27.99744, 56.60383], [28.01098, 56.58755], [28.02866, 56.57675], [28.06616, 56.56664], [28.10312, 56.5457], [28.1091, 56.51861], [28.09925, 56.5134], [28.09325, 56.50159], [28.09646, 56.49195], [28.13359, 56.46246], [28.16465, 56.39659], [28.16715, 56.36987], [28.18842, 56.32598], [28.20205, 56.2604], [28.17334, 56.19033], [28.14795, 56.14292], [28.11098, 56.15681], [28.06824, 56.14758], [27.98101, 56.11802], [27.93967, 56.11306], [27.91145, 56.10025], [27.88507, 56.0687], [27.78123, 56.01638], [27.77785, 55.99726], [27.69424, 55.94155], [27.64501, 55.92284], [27.61716, 55.87855], [27.61393, 55.85668], [27.58945, 55.80918], [27.57676, 55.79878], [27.40234, 55.80553], [27.37459, 55.81484], [27.34963, 55.83122], [27.30509, 55.80433], [27.19372, 55.8159], [27.15145, 55.83246], [27.11078, 55.83628], [26.98107, 55.82688], [26.95782, 55.81858], [26.90015, 55.77872], [26.86784, 55.74527], [26.82246, 55.70923], [26.77188, 55.69399], [26.69767, 55.68697], [26.64011, 55.69557], [26.61562, 55.68797], [26.59355, 55.66753], [26.54287, 55.67241], [26.40107, 55.70381], [26.28125, 55.75044], [26.22633, 55.79769], [26.20375, 55.82745], [26.17864, 55.84959], [26.09447, 55.89077], [26.01762, 55.93736], [25.87637, 55.99434], [25.76626, 56.05865], [25.6966, 56.0879], [25.66188, 56.14081], [25.57289, 56.14303], [25.52276, 56.15657], [25.45481, 56.14965], [25.36341, 56.15849], [25.07076, 56.20026], [25.04398, 56.22799], [25.0262, 56.26018], [24.97318, 56.30075], [24.93629, 56.37992], [24.91014, 56.42196], [24.89226, 56.43873], [24.87097, 56.4426], [24.85712, 56.43537], [24.84914, 56.40948], [24.80554, 56.40855], [24.67863, 56.37728], [24.63915, 56.35997], [24.60505, 56.3342], [24.529, 56.29629], [24.47363, 56.28408], [24.37155, 56.28305], [24.31855, 56.29858], [24.28764, 56.29553], [24.20134, 56.27038], [24.1207, 56.26426], [24.04078, 56.28629], [23.98131, 56.3124], [23.85811, 56.33439], [23.79018, 56.33039], [23.72394, 56.33375], [23.72354, 56.34581], [23.7067, 56.35444], [23.60986, 56.35382], [23.54862, 56.33896], [23.39106, 56.35155], [23.28843, 56.37305], [23.22514, 56.3648], [23.1959, 56.36714], [23.15417, 56.35139], [23.15671, 56.34835], [23.11982, 56.33066], [23.04297, 56.32407], [22.98548, 56.36743], [22.95698, 56.40198], [22.92452, 56.41211], [22.88897, 56.40844], [22.84151, 56.39006], [22.77324, 56.37729], [22.61108, 56.37538], [22.57581, 56.38772], [22.51173, 56.39596], [22.36075, 56.39313], [22.17769, 56.40215], [22.13914, 56.4157], [22.09408, 56.41741], [21.73057, 56.32598], [21.6385, 56.30895], [21.59603, 56.30788], [21.55892, 56.29729], [21.41929, 56.2374], [21.35831, 56.23324], [21.32762, 56.22437], [21.25486, 56.1852], [21.22964, 56.16319], [21.22106, 56.14699], [21.05334, 56.07325], [21.03622, 56.12995], [21.01494, 56.25894], [21.02582, 56.50791], [21.03582, 56.47394], [21.04469, 56.4621], [21.03053, 56.44843], [21.04469, 56.44221], [21.04469, 56.42113], [21.03053, 56.40811], [21.06178, 56.38703], [21.07716, 56.39521], [21.07976, 56.40306], [21.06861, 56.42406], [21.06666, 56.44184], [21.07211, 56.46955], [21.06324, 56.49396], [21.04811, 56.51561], [21.02658, 56.52521], [21.03125, 56.63216], [21.04615, 56.6562], [21.05836, 56.68867], [21.06305, 56.78501], [21.07129, 56.82373], [21.20362, 56.90125], [21.24098, 56.91828], [21.2776, 56.94912], [21.36012, 56.98969], [21.3825, 57.00894], [21.40162, 57.0375], [21.41358, 57.07319], [21.41481, 57.11384], [21.40624, 57.13844], [21.42148, 57.23584], [21.45918, 57.32246], [21.48024, 57.33364], [21.49618, 57.35658], [21.72871, 57.571], [21.99928, 57.60033], [22.23145, 57.6668], [22.55459, 57.72427], [22.58887, 57.68411], [22.59099, 57.64476], [22.60076, 57.63011], [22.6561, 57.58576], [22.7629, 57.53567], [22.91863, 57.45433], [22.95037, 57.43281], [23.03779, 57.39209], [23.13682, 57.32383], [23.23181, 57.17607], [23.2505, 57.11445], [23.26092, 57.09894], [23.29571, 57.08698], [23.3401, 57.05858], [23.4446, 57.03795], [23.54763, 57.00402], [23.58513, 56.97907], [23.63201, 56.97093], [23.69516, 56.96727], [23.86606, 56.99018], [23.95289, 57.01325], [24.07248, 57.07462], [24.21079, 57.12372], [24.21925, 57.13801], [24.23862, 57.14956], [24.27858, 57.16104], [24.27881, 57.17117], [24.29098, 57.17978], [24.31267, 57.1883], [24.37916, 57.23021], [24.40065, 57.25812], [24.40886, 57.29816], [24.40553, 57.34447], [24.39172, 57.4166], [24.36918, 57.59602], [24.37477, 57.61347], [24.35768, 57.68549], [24.33696, 57.70414], [24.30156, 57.78413], [24.32117, 57.86489], [24.34966, 57.85864], [24.37818, 57.85944], [24.40154, 57.86647], [24.42385, 57.8927], [24.45889, 57.90786], [24.60961, 57.94467], [24.68483, 57.94758], [24.70044, 57.95419], [24.7105, 57.96931], [24.77385, 57.98478], [24.81681, 57.97667], [24.84321, 57.98963], [24.90341, 58.00285], [24.94931, 58.00643], [25.00459, 58.03207], [25.11104, 58.06343], [25.18553, 58.02526], [25.20211, 57.99197], [25.21679, 57.98538], [25.26453, 57.99419], [25.28438, 58.00814], [25.26888, 58.0325], [25.28262, 58.04849], [25.31663, 58.04314], [25.32458, 58.03475], [25.35164, 58.0346], [25.42901, 58.00226], [25.45718, 57.98406], [25.55147, 57.95106], [25.55832, 57.93424], [25.5794, 57.91946], [25.60152, 57.9122], [25.65009, 57.91143], [25.68399, 57.91768], [25.7209, 57.91382], [25.75217, 57.89439], [25.7675, 57.86892], [25.79262, 57.85598], [25.91257, 57.85027], [25.99111, 57.83818], [26.01523, 57.81475], [26.01607, 57.78668], [26.02475, 57.77436], [26.09381, 57.74336], [26.21504, 57.66274], [26.26318, 57.62083], [26.29719, 57.59915], [26.45562, 57.54672], [26.49955, 57.51582], [26.54223, 57.52817], [26.57986, 57.51783], [26.59009, 57.52037], [26.60476, 57.54031], [26.62357, 57.54929], [26.72653, 57.56999], [26.79576, 57.57132], [26.81633, 57.58119], [26.82371, 57.58972], [26.89981, 57.60879], [26.96602, 57.60913], [27.02358, 57.58319], [27.06153, 57.55566], [27.08535, 57.54943], [27.15376, 57.5471], [27.31997, 57.51613], [27.36523, 57.52766]]]}}, {"type": "Feature", "properties": {"bidding_zone": "NL"}, "geometry": {"type": "MultiPolygon", "coordinates": [[[[3.60467, 51.39106], [3.70545, 51.37178], [3.73422, 51.35578], [3.75554, 51.35008], [3.79591, 51.35008], [3.83399, 51.34325], [3.85816, 51.34545], [3.95582, 51.37177], [3.96946, 51.38244], [4.01103, 51.39595], [4.05971, 51.37885], [4.07016, 51.37055], [4.11152, 51.36064], [4.1565, 51.35757], [4.17368, 51.37372], [4.18458, 51.3771], [4.21927, 51.36881], [4.21143, 51.34873], [4.17256, 51.30708], [4.04287, 51.24835], [3.90205, 51.20767], [3.83076, 51.2126], [3.78193, 51.2332], [3.77623, 51.25452], [3.75732, 51.26232], [3.60953, 51.29044], [3.51434, 51.28103], [3.50338, 51.27395], [3.50267, 51.25679], [3.47197, 51.24224], [3.43252, 51.24575], [3.40283, 51.26362], [3.38008, 51.29111], [3.35085, 51.37551], [3.44266, 51.39412], [3.5845, 51.39924], [3.60467, 51.39106]]], [[[3.88559, 51.66836], [3.83941, 51.68366], [3.80926, 51.69953], [3.79591, 51.70014], [3.77752, 51.68648], [3.73184, 51.67822], [3.69902, 51.70991], [3.69856, 51.72872], [3.79673, 51.7461], [3.94912, 51.73945], [4.01193, 51.70437], [4.02662, 51.69111], [4.048, 51.68389], [4.06758, 51.66748], [4.0751, 51.64878], [3.95098, 51.62705], [3.89095, 51.65751], [3.88559, 51.66836]]], [[[7.18858, 53.16779], [7.17194, 53.13771], [7.17267, 53.12575], [7.18507, 53.10544], [7.18994, 52.99951], [7.17949, 52.96621], [7.12626, 52.89865], [7.07986, 52.85442], [7.06198, 52.82401], [7.0533, 52.79058], [7.04809, 52.73022], [7.03301, 52.65137], [7.01318, 52.63354], [6.96772, 52.63666], [6.90992, 52.63375], [6.8654, 52.64196], [6.77052, 52.64103], [6.73704, 52.6347], [6.70179, 52.61911], [6.70876, 52.61041], [6.70396, 52.58307], [6.71853, 52.57274], [6.71251, 52.55007], [6.67172, 52.54168], [6.68402, 52.52599], [6.69507, 52.47561], [6.71481, 52.46155], [6.74117, 52.45367], [6.81238, 52.44751], [6.90023, 52.43192], [6.92648, 52.43298], [6.96816, 52.44409], [7.00185, 52.41899], [7.03516, 52.38023], [7.02901, 52.3133], [7.01247, 52.28495], [7.01491, 52.25928], [6.98365, 52.21466], [6.96124, 52.19638], [6.90996, 52.16711], [6.88483, 52.16033], [6.85508, 52.13579], [6.80039, 52.11123], [6.74985, 52.10287], [6.7329, 52.09199], [6.7114, 52.06729], [6.67988, 52.06047], [6.67296, 52.05005], [6.67502, 52.03481], [6.76001, 52.00755], [6.80244, 51.98018], [6.80039, 51.96738], [6.7752, 51.93828], [6.7418, 51.91089], [6.69426, 51.89882], [6.62815, 51.89751], [6.52862, 51.87642], [6.48472, 51.85553], [6.425, 51.8584], [6.41553, 51.85331], [6.37845, 51.86012], [6.38655, 51.83775], [6.35566, 51.82466], [6.34322, 51.8302], [6.34197, 51.83668], [6.27786, 51.85515], [6.26466, 51.86619], [6.23806, 51.8643], [6.17711, 51.87832], [6.127, 51.89673], [6.09299, 51.88531], [6.11879, 51.87075], [6.08984, 51.85395], [6.04328, 51.84686], [6.00171, 51.83084], [5.94809, 51.82296], [5.93145, 51.81565], [5.92804, 51.80674], [5.9487, 51.7969], [5.94853, 51.7624], [5.95755, 51.75339], [5.94013, 51.74263], [5.93931, 51.73188], [5.98239, 51.72857], [6.01538, 51.69558], [6.00855, 51.68119], [6.0315, 51.663], [6.05648, 51.65616], [6.08936, 51.63779], [6.08986, 51.62659], [6.08214, 51.60781], [6.08648, 51.59553], [6.14728, 51.54337], [6.19326, 51.48892], [6.19883, 51.45], [6.19287, 51.4106], [6.16621, 51.35483], [6.11324, 51.27819], [6.06519, 51.23163], [6.05661, 51.21171], [6.05372, 51.18938], [6.06085, 51.17091], [6.08431, 51.16269], [6.11338, 51.17471], [6.13133, 51.16718], [6.12627, 51.16458], [6.13481, 51.15956], [6.12998, 51.14741], [5.98292, 51.07469], [5.93926, 51.04082], [5.89895, 51.04337], [5.8805, 51.05205], [5.85249, 51.04275], [5.85817, 51.01934], [5.87357, 50.99058], [5.87461, 50.96537], [5.92773, 50.97766], [5.95508, 50.97295], [5.99701, 50.95432], [5.99987, 50.9294], [6.04146, 50.91244], [6.04844, 50.90488], [6.02737, 50.84519], [6.00928, 50.84046], [6.00049, 50.83044], [6.00359, 50.81261], [5.99832, 50.80072], [5.98395, 50.7922], [5.96876, 50.79463], [5.973, 50.78181], [5.99708, 50.76295], [5.99395, 50.75044], [5.79736, 50.75454], [5.785, 50.75578], [5.75244, 50.77344], [5.73663, 50.76252], [5.69449, 50.77442], [5.70046, 50.79556], [5.67189, 50.80244], [5.63945, 50.8436], [5.64756, 50.86665], [5.69973, 50.905], [5.72237, 50.91167], [5.76402, 50.95942], [5.7417, 50.96273], [5.74905, 50.98635], [5.76175, 50.99916], [5.81826, 51.08643], [5.8205, 51.09632], [5.84598, 51.10339], [5.82527, 51.11737], [5.82644, 51.13016], [5.8405, 51.13892], [5.82913, 51.15647], [5.7932, 51.1543], [5.75964, 51.16677], [5.73084, 51.18375], [5.69328, 51.1814], [5.60501, 51.2007], [5.54302, 51.23776], [5.5352, 51.26204], [5.5167, 51.27723], [5.49324, 51.28653], [5.47163, 51.28809], [5.42978, 51.273], [5.31849, 51.26057], [5.21513, 51.27876], [5.21491, 51.29434], [5.19734, 51.30834], [5.16386, 51.30868], [5.10795, 51.34173], [5.0961, 51.35514], [5.07116, 51.41438], [5.07993, 51.43854], [5.06029, 51.46198], [5.02753, 51.47681], [5.01213, 51.47433], [4.99636, 51.4477], [4.94395, 51.40776], [4.86546, 51.40409], [4.8207, 51.41206], [4.81599, 51.43292], [4.82609, 51.46056], [4.82392, 51.47564], [4.81359, 51.48412], [4.77865, 51.49536], [4.76418, 51.49624], [4.73121, 51.48562], [4.68859, 51.45287], [4.63398, 51.42173], [4.58877, 51.42192], [4.53164, 51.44858], [4.53319, 51.46758], [4.52523, 51.47593], [4.48306, 51.47433], [4.42942, 51.46198], [4.37713, 51.44288], [4.38922, 51.43459], [4.37992, 51.40952], [4.39514, 51.39495], [4.404, 51.36709], [4.37373, 51.35601], [4.31341, 51.36081], [4.25346, 51.37778], [4.24488, 51.4145], [4.23471, 51.41901], [4.22299, 51.40949], [4.20102, 51.40534], [4.1222, 51.40677], [4.05199, 51.42889], [3.99879, 51.45311], [3.95704, 51.4558], [3.94313, 51.45038], [3.92431, 51.42815], [3.82187, 51.40937], [3.68971, 51.45429], [3.58691, 51.45391], [3.52051, 51.48618], [3.44893, 51.54077], [3.48292, 51.56484], [3.54863, 51.58911], [3.74395, 51.59604], [3.88604, 51.57422], [3.89993, 51.56777], [3.87159, 51.55557], [3.87159, 51.54938], [3.95072, 51.5442], [4.07346, 51.48725], [4.09002, 51.45824], [4.10483, 51.44571], [4.12875, 51.44135], [4.18084, 51.44587], [4.20045, 51.43952], [4.28321, 51.4477], [4.29672, 51.47053], [4.28858, 51.49213], [4.26775, 51.50829], [4.23976, 51.5185], [4.19467, 51.52359], [4.15333, 51.53506], [4.12816, 51.53514], [4.08047, 51.55112], [4.00549, 51.59543], [4.15417, 51.60799], [4.18336, 51.60293], [4.20729, 51.59028], [4.20265, 51.60912], [4.18995, 51.61669], [4.1754, 51.6171], [4.15801, 51.63345], [4.13457, 51.6729], [4.12552, 51.67954], [4.17693, 51.68586], [4.14112, 51.70392], [4.0751, 51.71651], [4.05714, 51.73029], [4.05079, 51.7635], [4.03395, 51.78425], [3.98146, 51.81], [3.96022, 51.80076], [3.94687, 51.81055], [3.97911, 51.84815], [4.01564, 51.84357], [4.04762, 51.83369], [4.07765, 51.84357], [4.03207, 51.88203], [4.03199, 51.89606], [4.04347, 51.90868], [4.03406, 51.93675], [4.08045, 51.98911], [4.10768, 51.99189], [4.14186, 52.0056], [4.28468, 52.11294], [4.40691, 52.22346], [4.50815, 52.33637], [4.56861, 52.44526], [4.57732, 52.48094], [4.59693, 52.50658], [4.6294, 52.65519], [4.67832, 52.80977], [4.71528, 52.87531], [4.76875, 52.94131], [4.81129, 52.93342], [4.80942, 52.92959], [4.83277, 52.91132], [4.87379, 52.90396], [4.9131, 52.90559], [4.97942, 52.93595], [5.03891, 52.94351], [5.07814, 52.95401], [5.24934, 53.04663], [5.33557, 53.08605], [5.37924, 53.09736], [5.39975, 53.12206], [5.42567, 53.18678], [5.446, 53.21406], [5.52016, 53.26116], [5.54103, 53.26659], [5.55443, 53.27569], [5.87354, 53.37519], [6.06221, 53.40708], [6.27394, 53.41267], [6.31153, 53.39899], [6.36829, 53.41664], [6.56357, 53.43428], [6.81621, 53.44116], [6.8826, 53.39577], [6.90056, 53.35179], [6.93002, 53.34007], [6.94858, 53.32608], [7.02003, 53.30614], [7.03163, 53.30843], [7.07678, 53.29812], [7.07374, 53.29133], [7.08074, 53.26679], [7.11109, 53.25633], [7.19401, 53.24503], [7.18858, 53.16779]]], [[[4.81813, 53.02676], [4.78711, 52.99981], [4.72676, 53.01963], [4.70943, 53.0358], [4.74284, 53.09319], [4.88643, 53.1833], [4.88613, 53.0707], [4.81813, 53.02676]]], [[[5.10483, 53.30651], [5.03647, 53.29182], [4.97049, 53.25314], [4.92373, 53.23457], [4.90979, 53.24485], [4.99481, 53.29289], [5.043, 53.30978], [5.10483, 53.30651]]], [[[5.5337, 53.42837], [5.47543, 53.42695], [5.47947, 53.41706], [5.32578, 53.38574], [5.23262, 53.37778], [5.19756, 53.38937], [5.27136, 53.4061], [5.40724, 53.42255], [5.42847, 53.43258], [5.55742, 53.44356], [5.56991, 53.44085], [5.56202, 53.43431], [5.5337, 53.42837]]], [[[5.9293, 53.45884], [5.72763, 53.44344], [5.66533, 53.45488], [5.6543, 53.4665], [5.88614, 53.47318], [5.92822, 53.46499], [5.9293, 53.45884]]], [[[6.30334, 53.51375], [6.33136, 53.51025], [6.19326, 53.47681], [6.15928, 53.48394], [6.16768, 53.49375], [6.30334, 53.51375]]]]}}, {"type": "Feature", "properties": {"bidding_zone": "NO1"}, "geometry": {"type": "Polygon", "coordinates": [[[11.81389, 62.8274], [11.8963, 62.80239], [12.06864, 62.76773], [12.13461, 62.74841], [12.05614, 62.61192], [12.29937, 62.2675], [12.13767, 61.72382], [12.27563, 61.64024], [12.34122, 61.61467], [12.41961, 61.56298], [12.5044, 61.5679], [12.59609, 61.54131], [12.67795, 61.49283], [12.87085, 61.3565], [12.83383, 61.25846], [12.79035, 61.19705], [12.70703, 61.14327], [12.6814, 61.05954], [12.61034, 61.04654], [12.44761, 61.05073], [12.24246, 61.01996], [12.22399, 61.01308], [12.31038, 60.91514], [12.31465, 60.89214], [12.33405, 60.86207], [12.34944, 60.8179], [12.39537, 60.73389], [12.43645, 60.70338], [12.55381, 60.54565], [12.58867, 60.45073], [12.55284, 60.35453], [12.4988, 60.32365], [12.51465, 60.23887], [12.48613, 60.10679], [12.40205, 60.04004], [12.29199, 59.96724], [12.16924, 59.91289], [12.01359, 59.89322], [11.98518, 59.90072], [11.92697, 59.88479], [11.91789, 59.8731], [11.88442, 59.87156], [11.88137, 59.86708], [11.88843, 59.85918], [11.88483, 59.85605], [11.83967, 59.84101], [11.85334, 59.83025], [11.88443, 59.825], [11.90038, 59.813], [11.83428, 59.69717], [11.73588, 59.62994], [11.72056, 59.62549], [11.68076, 59.59228], [11.68486, 59.55576], [11.74336, 59.43144], [11.79814, 59.28989], [11.75186, 59.15757], [11.7175, 59.0372], [11.71052, 59.03368], [11.69814, 59.0002], [11.68391, 58.99], [11.6882, 58.98664], [11.64277, 58.92607], [11.54355, 58.89302], [11.4707, 58.90952], [11.46026, 58.92562], [11.46366, 58.93326], [11.45968, 58.95249], [11.46232, 58.97306], [11.45387, 58.98547], [11.4646, 58.99115], [11.43118, 59.0279], [11.4142, 59.0397], [11.36592, 59.10454], [11.33991, 59.11498], [11.32459, 59.11138], [11.13213, 59.14321], [11.09082, 59.1418], [10.99893, 59.16445], [10.83447, 59.18394], [10.74258, 59.296], [10.64492, 59.38921], [10.63105, 59.42817], [10.63438, 59.60249], [10.60449, 59.68003], [10.59531, 59.76455], [10.53389, 59.6958], [10.56953, 59.58711], [10.49375, 59.5415], [10.39814, 59.51934], [10.39924, 59.51158], [10.39369, 59.51469], [10.39802, 59.53043], [10.41776, 59.56718], [10.41158, 59.58512], [10.4235, 59.59816], [10.41082, 59.60917], [10.41198, 59.61797], [10.4245, 59.62527], [10.41013, 59.64552], [10.41037, 59.66707], [10.36346, 59.69773], [10.32341, 59.70194], [10.31986, 59.69128], [10.32279, 59.68946], [10.31184, 59.68255], [10.30294, 59.66824], [10.25101, 59.67401], [10.23861, 59.66641], [10.2245, 59.67129], [10.21896, 59.66383], [10.19284, 59.6719], [10.15723, 59.66582], [10.13622, 59.6717], [10.11551, 59.67067], [10.11151, 59.66073], [10.09857, 59.65607], [10.08891, 59.64257], [10.03746, 59.64053], [10.01912, 59.65803], [9.99817, 59.66382], [9.99981, 59.6565], [9.9829, 59.64357], [9.98657, 59.63897], [9.97464, 59.63258], [9.98107, 59.61795], [9.93293, 59.60387], [9.94184, 59.58692], [9.91533, 59.58248], [9.92175, 59.58007], [9.85457, 59.51158], [9.83447, 59.51133], [9.82235, 59.50439], [9.86593, 59.4593], [9.85295, 59.45833], [9.81911, 59.46918], [9.77513, 59.45703], [9.7585, 59.45828], [9.7714, 59.43737], [9.77809, 59.412], [9.66012, 59.40787], [9.62462, 59.4249], [9.62138, 59.43844], [9.58684, 59.45063], [9.57889, 59.4622], [9.5846, 59.46642], [9.55203, 59.48725], [9.47174, 59.48221], [9.46858, 59.49431], [9.51526, 59.53811], [9.47198, 59.55735], [9.45966, 59.57935], [9.40016, 59.57939], [9.41034, 59.60345], [9.43625, 59.61392], [9.42301, 59.641], [9.40557, 59.65883], [9.40528, 59.68454], [9.33329, 59.69278], [9.35479, 59.71825], [9.33896, 59.71951], [9.34356, 59.72577], [9.33905, 59.72895], [9.34603, 59.73508], [9.34409, 59.7573], [9.36775, 59.78134], [9.31296, 59.79832], [9.26379, 59.80664], [9.25341, 59.81382], [9.23571, 59.81187], [9.18609, 59.82699], [9.18856, 59.84188], [9.1788, 59.86562], [9.18857, 59.89691], [9.17429, 59.90002], [9.19259, 59.91681], [9.17951, 59.92906], [9.1393, 59.93929], [9.11212, 59.95046], [9.10427, 59.95893], [9.05858, 59.96198], [9.05438, 59.96942], [9.01921, 59.98403], [8.99279, 59.98077], [8.98749, 59.99057], [9.00242, 59.99682], [8.98796, 60.01745], [8.97872, 60.06862], [8.97066, 60.07851], [9.05269, 60.07099], [9.08766, 60.07318], [9.12527, 60.1169], [9.21785, 60.15245], [9.19969, 60.16738], [9.17401, 60.21157], [9.1683, 60.23895], [9.16928, 60.28301], [9.15825, 60.2971], [9.13816, 60.30582], [9.13414, 60.33418], [9.138, 60.35381], [9.14895, 60.36395], [9.24593, 60.35818], [9.27751, 60.345], [9.36046, 60.33453], [9.41446, 60.30997], [9.45894, 60.29666], [9.74734, 60.31669], [9.79574, 60.32573], [9.81545, 60.36377], [9.83489, 60.36891], [9.82517, 60.37215], [9.80094, 60.3577], [9.76899, 60.34677], [9.74187, 60.35649], [9.82629, 60.38929], [9.80605, 60.41757], [9.84672, 60.43639], [9.83251, 60.44364], [9.83104, 60.45605], [9.8009, 60.45423], [9.71854, 60.47078], [9.61179, 60.50034], [9.61998, 60.50777], [9.61288, 60.51413], [9.61618, 60.52064], [9.60707, 60.53886], [9.49572, 60.52758], [9.47869, 60.53015], [9.44691, 60.54431], [9.41729, 60.54766], [9.40977, 60.56865], [9.41059, 60.58275], [9.43514, 60.59956], [9.42135, 60.61301], [9.37882, 60.62131], [9.36158, 60.63609], [9.36617, 60.64794], [9.35265, 60.66712], [9.32132, 60.67949], [9.31803, 60.69899], [9.32885, 60.70834], [9.33211, 60.7299], [9.30464, 60.7451], [9.2913, 60.76186], [9.21626, 60.77057], [9.19288, 60.79087], [9.14691, 60.80683], [9.08882, 60.81647], [9.01611, 60.84], [8.91899, 60.86338], [8.9115, 60.87622], [8.90064, 60.87912], [8.89614, 60.89382], [8.89059, 60.89662], [8.81449, 60.90059], [8.65405, 60.93595], [8.65723, 60.93916], [8.62109, 60.9519], [8.63279, 60.96164], [8.62643, 60.97134], [8.60794, 60.98228], [8.56897, 60.99465], [8.54325, 61.00974], [8.48071, 61.02168], [8.44654, 61.01992], [8.36633, 61.04826], [8.3092, 61.09172], [8.2517, 61.07394], [8.22121, 61.08948], [8.13388, 61.10967], [8.13618, 61.1157], [8.08296, 61.16216], [8.0756, 61.17972], [8.04876, 61.17426], [8.04401, 61.17899], [8.06057, 61.19332], [8.05093, 61.21175], [8.05322, 61.22025], [8.00712, 61.23051], [8.00672, 61.23496], [8.05117, 61.23278], [8.06737, 61.24831], [8.1357, 61.26903], [8.14176, 61.27457], [8.13306, 61.27753], [8.15547, 61.28741], [8.17673, 61.30505], [8.2111, 61.30465], [8.2223, 61.30782], [8.21768, 61.31823], [8.23139, 61.3144], [8.23493, 61.32035], [8.24382, 61.32138], [8.24029, 61.32541], [8.25145, 61.33439], [8.25114, 61.33914], [8.22545, 61.34212], [8.21278, 61.35553], [8.19992, 61.35287], [8.1804, 61.35667], [8.15632, 61.3752], [8.1616, 61.38736], [8.15465, 61.39599], [8.15036, 61.42674], [8.19226, 61.4388], [8.21714, 61.4299], [8.27483, 61.43127], [8.30254, 61.44562], [8.38108, 61.41607], [8.40992, 61.41816], [8.46614, 61.39773], [8.51161, 61.4028], [8.57983, 61.38906], [8.72147, 61.39872], [8.75921, 61.43193], [8.7837, 61.44218], [8.78156, 61.45072], [9.01624, 61.40657], [9.07003, 61.38671], [9.11501, 61.41144], [9.14467, 61.44014], [9.14394, 61.46884], [9.10237, 61.47216], [9.06298, 61.4604], [9.02579, 61.45826], [8.98392, 61.46227], [8.95139, 61.47254], [8.92104, 61.46634], [8.90218, 61.45438], [8.89965, 61.48633], [8.94511, 61.51526], [8.97362, 61.51397], [9.00061, 61.52128], [9.02794, 61.52278], [9.07815, 61.50601], [9.09956, 61.50734], [9.17149, 61.54376], [9.22024, 61.55729], [9.21123, 61.56037], [9.29427, 61.5859], [9.40111, 61.64919], [9.49804, 61.68344], [9.53561, 61.67951], [9.54997, 61.69652], [9.54995, 61.70512], [9.53576, 61.71683], [9.54215, 61.72913], [9.54704, 61.7318], [9.61258, 61.71759], [9.71212, 61.78328], [9.71027, 61.78592], [9.74639, 61.82488], [9.76677, 61.82361], [9.79568, 61.83138], [9.92539, 61.83331], [9.96343, 61.84829], [10.01296, 61.87725], [10.0155, 61.88445], [9.91954, 61.90199], [9.84824, 61.90381], [9.8702, 61.94947], [9.85042, 61.98094], [9.83881, 62.0134], [9.87637, 62.04055], [9.9282, 62.04784], [9.91223, 62.06853], [9.86488, 62.09527], [9.99181, 62.12915], [9.97188, 62.13194], [9.98475, 62.13743], [9.97498, 62.14436], [10.21858, 62.38246], [10.2293, 62.38319], [10.23404, 62.39129], [10.24515, 62.39442], [10.26333, 62.38879], [10.28724, 62.39051], [10.32019, 62.37932], [10.38152, 62.37052], [10.41125, 62.38404], [10.41099, 62.39325], [10.42543, 62.39407], [10.49322, 62.42772], [10.51988, 62.46297], [10.47382, 62.5001], [10.48885, 62.52565], [10.53418, 62.54092], [10.58551, 62.53807], [10.63485, 62.55087], [10.65993, 62.55039], [10.68812, 62.58318], [10.75367, 62.61666], [10.74035, 62.64547], [10.79236, 62.67908], [10.82531, 62.6883], [10.92825, 62.6963], [11.04382, 62.66684], [11.12343, 62.66149], [11.132, 62.66772], [11.13484, 62.679], [11.16956, 62.6756], [11.24317, 62.71318], [11.27149, 62.70858], [11.29179, 62.71449], [11.29834, 62.72126], [11.29629, 62.7263], [11.3056, 62.74445], [11.33673, 62.74646], [11.35508, 62.74005], [11.3959, 62.74139], [11.39649, 62.7486], [11.4126, 62.75698], [11.43475, 62.75498], [11.44404, 62.7597], [11.46927, 62.75005], [11.4907, 62.761], [11.55767, 62.77134], [11.67245, 62.7706], [11.79622, 62.82868], [11.81389, 62.8274]]]}}, {"type": "Feature", "properties": {"bidding_zone": "NO2"}, "geometry": {"type": "MultiPolygon", "coordinates": [[[[5.73955, 60.35362], [5.76431, 60.34397], [5.76412, 60.3246], [5.77039, 60.32259], [5.78566, 60.3291], [5.79428, 60.32488], [5.83476, 60.329], [5.90849, 60.32543], [5.93213, 60.31736], [5.95918, 60.29415], [5.96066, 60.26625], [5.94567, 60.25585], [5.93179, 60.22925], [5.91258, 60.21151], [5.92143, 60.19945], [5.93223, 60.20283], [5.93809, 60.19774], [5.91893, 60.18973], [5.93078, 60.17365], [5.9044, 60.15064], [5.87656, 60.07002], [5.80088, 60.02622], [5.69883, 60.01001], [5.55703, 59.90776], [5.49453, 59.82559], [5.35342, 59.76011], [5.26387, 59.70977], [5.23447, 59.6918], [5.18604, 59.64229], [5.1458, 59.63882], [5.11074, 59.66782], [5.10488, 59.73169], [5.11924, 59.83369], [5.18711, 59.90708], [5.21953, 59.97876], [5.17441, 60.0457], [5.20566, 60.08794], [5.26543, 60.08648], [5.37646, 60.06724], [5.49453, 60.07031], [5.68857, 60.12319], [5.65762, 60.1541], [5.52807, 60.15721], [5.5635, 60.18864], [5.58715, 60.24389], [5.57469, 60.2559], [5.61854, 60.27537], [5.63971, 60.31627], [5.66558, 60.31535], [5.68483, 60.33044], [5.70409, 60.32234], [5.7224, 60.32588], [5.73158, 60.33374], [5.73955, 60.35362]]], [[[6.11673, 60.18499], [6.14477, 60.18939], [6.15616, 60.18398], [6.17002, 60.18761], [6.1742, 60.19407], [6.21688, 60.20208], [6.2116, 60.18774], [6.21794, 60.17799], [6.2293, 60.17805], [6.27924, 60.20806], [6.32031, 60.21084], [6.33996, 60.20711], [6.34512, 60.20159], [6.35656, 60.21031], [6.41462, 60.2169], [6.47383, 60.20887], [6.46422, 60.19887], [6.51052, 60.19524], [6.52002, 60.17903], [6.52665, 60.1781], [6.52686, 60.15293], [6.54133, 60.17566], [6.55926, 60.17053], [6.56156, 60.16282], [6.57348, 60.16342], [6.5681, 60.14195], [6.5599, 60.13577], [6.56896, 60.13335], [6.58438, 60.13855], [6.60617, 60.16585], [6.63665, 60.17015], [6.65228, 60.18461], [6.68007, 60.191], [6.69439, 60.19929], [6.68275, 60.22294], [6.68773, 60.23132], [6.72731, 60.23616], [6.80686, 60.21756], [6.86115, 60.22726], [6.86129, 60.22039], [6.91321, 60.21889], [6.90426, 60.20575], [6.90918, 60.20281], [6.91682, 60.17564], [6.94153, 60.15663], [6.96287, 60.15448], [6.97801, 60.14376], [7.00043, 60.15487], [7.02553, 60.13048], [7.0237, 60.12131], [7.05202, 60.10213], [7.04322, 60.09747], [7.06385, 60.09294], [7.10018, 60.04779], [7.08018, 60.04035], [7.11346, 60.02431], [7.23013, 60.0014], [7.33387, 60.00908], [7.37648, 60.00001], [7.43643, 60.01923], [7.44265, 60.05732], [7.48826, 60.09893], [7.646, 60.12685], [7.76467, 60.11593], [7.81284, 60.10265], [7.92095, 60.13714], [8.05767, 60.16359], [8.10318, 60.18353], [8.13235, 60.18563], [8.15381, 60.18461], [8.17038, 60.17375], [8.18695, 60.17369], [8.16689, 60.18635], [8.20879, 60.18827], [8.28427, 60.1751], [8.38428, 60.18117], [8.48611, 60.16879], [8.56521, 60.17724], [8.65987, 60.17201], [8.72286, 60.18311], [8.80933, 60.15275], [8.83277, 60.14942], [8.95787, 60.09806], [8.95708, 60.09236], [8.97812, 60.07011], [8.98796, 60.01745], [9.00242, 59.99682], [8.98749, 59.99057], [8.99279, 59.98077], [9.01921, 59.98403], [9.05438, 59.96942], [9.05858, 59.96198], [9.10427, 59.95893], [9.11212, 59.95046], [9.1393, 59.93929], [9.17951, 59.92906], [9.19259, 59.91681], [9.17429, 59.90002], [9.18857, 59.89691], [9.1788, 59.86562], [9.18856, 59.84188], [9.18609, 59.82699], [9.23571, 59.81187], [9.25341, 59.81382], [9.26379, 59.80664], [9.31296, 59.79832], [9.36775, 59.78134], [9.34409, 59.7573], [9.34603, 59.73508], [9.33905, 59.72895], [9.34356, 59.72577], [9.33896, 59.71951], [9.35479, 59.71825], [9.33329, 59.69278], [9.40528, 59.68454], [9.40557, 59.65883], [9.42301, 59.641], [9.43625, 59.61392], [9.41034, 59.60345], [9.40016, 59.57939], [9.45966, 59.57935], [9.47198, 59.55735], [9.51526, 59.53811], [9.46858, 59.49431], [9.47174, 59.48221], [9.55203, 59.48725], [9.5846, 59.46642], [9.57889, 59.4622], [9.58684, 59.45063], [9.62138, 59.43844], [9.62462, 59.4249], [9.66012, 59.40787], [9.77809, 59.412], [9.7714, 59.43737], [9.7585, 59.45828], [9.77513, 59.45703], [9.81911, 59.46918], [9.85295, 59.45833], [9.86593, 59.4593], [9.82235, 59.50439], [9.83447, 59.51133], [9.85457, 59.51158], [9.92175, 59.58007], [9.91533, 59.58248], [9.94184, 59.58692], [9.93293, 59.60387], [9.98107, 59.61795], [9.97464, 59.63258], [9.98657, 59.63897], [9.9829, 59.64357], [9.99981, 59.6565], [9.99817, 59.66382], [10.01912, 59.65803], [10.03746, 59.64053], [10.08891, 59.64257], [10.09857, 59.65607], [10.11151, 59.66073], [10.11551, 59.67067], [10.13622, 59.6717], [10.15723, 59.66582], [10.19284, 59.6719], [10.21896, 59.66383], [10.2245, 59.67129], [10.23861, 59.66641], [10.25101, 59.67401], [10.30294, 59.66824], [10.31184, 59.68255], [10.32279, 59.68946], [10.31986, 59.69128], [10.32341, 59.70194], [10.36346, 59.69773], [10.41037, 59.66707], [10.41013, 59.64552], [10.4245, 59.62527], [10.41198, 59.61797], [10.41082, 59.60917], [10.4235, 59.59816], [10.41158, 59.58512], [10.41776, 59.56718], [10.39369, 59.51469], [10.39924, 59.51158], [10.40713, 59.45566], [10.44639, 59.4436], [10.45459, 59.37749], [10.43135, 59.27964], [10.24316, 59.06206], [10.20518, 59.03867], [10.17939, 59.00928], [10.0831, 59.02881], [9.95957, 58.96821], [9.84258, 58.9585], [9.8002, 59.02705], [9.63516, 59.11777], [9.55723, 59.1127], [9.62715, 59.06792], [9.69609, 59.00972], [9.65693, 58.97119], [9.61846, 58.94604], [9.55107, 58.93301], [9.30996, 58.85684], [9.3958, 58.80566], [9.32295, 58.74756], [9.23867, 58.73901], [9.19375, 58.71187], [9.17812, 58.675], [8.92842, 58.56997], [8.52139, 58.30059], [8.31221, 58.22446], [8.16611, 58.14531], [8.0374, 58.14727], [7.87559, 58.07998], [7.46592, 58.02095], [7.19414, 58.04766], [7.00488, 58.02422], [6.90342, 58.07051], [6.89023, 58.10229], [6.89531, 58.12075], [6.9123, 58.14287], [6.87705, 58.15073], [6.80283, 58.15454], [6.77109, 58.13223], [6.7668, 58.08154], [6.73144, 58.06831], [6.59053, 58.09731], [6.55508, 58.12344], [6.60576, 58.17637], [6.69248, 58.22402], [6.67676, 58.23379], [6.65986, 58.26274], [6.61758, 58.26641], [6.4915, 58.25942], [6.38906, 58.26797], [6.05469, 58.37515], [5.97656, 58.43232], [5.70684, 58.52363], [5.58594, 58.62041], [5.51729, 58.72651], [5.52246, 58.82266], [5.55557, 58.97519], [5.61221, 59.01289], [5.8543, 58.95947], [6.09902, 58.87026], [6.1373, 58.87466], [6.21416, 58.94468], [6.36328, 59.00093], [6.32109, 59.01646], [6.09941, 58.95195], [6.01699, 58.9877], [5.88916, 59.0605], [5.88916, 59.09795], [5.94873, 59.13545], [5.96856, 59.18613], [5.93731, 59.23398], [5.95186, 59.29907], [6.05068, 59.36816], [6.19893, 59.43809], [6.30566, 59.50557], [6.41533, 59.54712], [6.40391, 59.56099], [6.27852, 59.53452], [6.15859, 59.48965], [6.01738, 59.41445], [5.84521, 59.35347], [5.71797, 59.32983], [5.65732, 59.31025], [5.56406, 59.29121], [5.46758, 59.20381], [5.36231, 59.16636], [5.17324, 59.16255], [5.13164, 59.22646], [5.18506, 59.45366], [5.24219, 59.56431], [5.30488, 59.64258], [5.40352, 59.65576], [5.47246, 59.71309], [5.52969, 59.71309], [5.57949, 59.68662], [5.77217, 59.66094], [5.86728, 59.73398], [5.99102, 59.74468], [6.2166, 59.81836], [6.21191, 59.83179], [6.05928, 59.81558], [5.9667, 59.81318], [5.83398, 59.79468], [5.76348, 59.80791], [5.73047, 59.86309], [5.78359, 59.91279], [5.99648, 60.03149], [6.06992, 60.0835], [6.11182, 60.13208], [6.10518, 60.16514], [6.11673, 60.18499]]]]}}, {"type": "Feature", "properties": {"bidding_zone": "NO3"}, "geometry": {"type": "MultiPolygon", "coordinates": [[[[11.96021, 65.11682], [11.92094, 65.09971], [11.98413, 65.06803], [12.04886, 65.06687], [12.0377, 65.04773], [12.04013, 65.03477], [12.03603, 65.03014], [12.04105, 65.02983], [12.0493, 65.01517], [12.06553, 65.01275], [12.08505, 64.99995], [12.11413, 65.00425], [12.13171, 64.99903], [12.11999, 65.01292], [12.13335, 65.02166], [12.14993, 65.01893], [12.16141, 65.00644], [12.19162, 64.99907], [12.17977, 64.9899], [12.18083, 64.9823], [12.18739, 64.9781], [12.238, 64.96803], [12.24774, 64.97138], [12.27682, 64.95979], [12.40526, 64.9926], [12.5145, 64.97644], [12.53487, 64.61811], [13.09569, 64.41157], [13.11558, 64.08275], [12.92672, 64.05795], [12.68357, 63.97422], [12.48023, 63.81876], [12.33058, 63.71507], [12.29946, 63.67198], [12.22725, 63.63088], [12.14977, 63.59395], [12.20767, 63.48804], [11.97458, 63.26923], [12.21804, 63.00055], [12.07469, 62.90255], [12.13461, 62.74841], [12.06864, 62.76773], [11.8963, 62.80239], [11.79869, 62.82886], [11.67245, 62.7706], [11.55767, 62.77134], [11.4907, 62.761], [11.46927, 62.75005], [11.44404, 62.7597], [11.43475, 62.75498], [11.4126, 62.75698], [11.39649, 62.7486], [11.3959, 62.74139], [11.35508, 62.74005], [11.33673, 62.74646], [11.3056, 62.74445], [11.29629, 62.7263], [11.29834, 62.72126], [11.29179, 62.71449], [11.27149, 62.70858], [11.24317, 62.71318], [11.16956, 62.6756], [11.13484, 62.679], [11.132, 62.66772], [11.12343, 62.66149], [11.04382, 62.66684], [10.92825, 62.6963], [10.8513, 62.69285], [10.79236, 62.67908], [10.74035, 62.64547], [10.75367, 62.61666], [10.68812, 62.58318], [10.65993, 62.55039], [10.63485, 62.55087], [10.58551, 62.53807], [10.53418, 62.54092], [10.48885, 62.52565], [10.47382, 62.5001], [10.51988, 62.46297], [10.49322, 62.42772], [10.42543, 62.39407], [10.41099, 62.39325], [10.41125, 62.38404], [10.38152, 62.37052], [10.32019, 62.37932], [10.28724, 62.39051], [10.26333, 62.38879], [10.24515, 62.39442], [10.23404, 62.39129], [10.2293, 62.38319], [10.21858, 62.38246], [9.97498, 62.14436], [9.98475, 62.13743], [9.97188, 62.13194], [9.99181, 62.12915], [9.86488, 62.09527], [9.91223, 62.06853], [9.9282, 62.04784], [9.87637, 62.04055], [9.83881, 62.0134], [9.85042, 61.98094], [9.8702, 61.94947], [9.84824, 61.90381], [9.91954, 61.90199], [10.0155, 61.88445], [10.01296, 61.87725], [9.96343, 61.84829], [9.92539, 61.83331], [9.79568, 61.83138], [9.76677, 61.82361], [9.74639, 61.82488], [9.71027, 61.78592], [9.71212, 61.78328], [9.61258, 61.71759], [9.54704, 61.7318], [9.54215, 61.72913], [9.53576, 61.71683], [9.54995, 61.70512], [9.54997, 61.69652], [9.53561, 61.67951], [9.49804, 61.68344], [9.40111, 61.64919], [9.29427, 61.5859], [9.21123, 61.56037], [9.22024, 61.55729], [9.17149, 61.54376], [9.09956, 61.50734], [9.07815, 61.50601], [9.02794, 61.52278], [9.00061, 61.52128], [8.97362, 61.51397], [8.94511, 61.51526], [8.89965, 61.48633], [8.90218, 61.45438], [8.92104, 61.46634], [8.95139, 61.47254], [8.98392, 61.46227], [9.02579, 61.45826], [9.06298, 61.4604], [9.10237, 61.47216], [9.14394, 61.46884], [9.14467, 61.44014], [9.11501, 61.41144], [9.07003, 61.38671], [9.01624, 61.40657], [8.78059, 61.45077], [8.7837, 61.44218], [8.75921, 61.43193], [8.72147, 61.39872], [8.69944, 61.39515], [8.57983, 61.38906], [8.51161, 61.4028], [8.46614, 61.39773], [8.40992, 61.41816], [8.38108, 61.41607], [8.30254, 61.44562], [8.32205, 61.45589], [8.30372, 61.479], [8.28757, 61.48955], [8.26233, 61.53398], [8.19557, 61.54779], [8.11789, 61.52285], [7.94731, 61.55668], [7.94283, 61.58244], [7.93299, 61.60237], [7.89565, 61.64365], [7.90442, 61.67914], [7.90822, 61.72168], [7.84184, 61.74313], [7.75252, 61.75481], [7.68457, 61.74273], [7.62909, 61.74136], [7.51382, 61.72736], [7.51475, 61.76033], [7.4125, 61.85751], [7.38185, 61.85293], [7.28176, 61.81187], [7.22443, 61.80001], [7.03657, 61.67716], [6.90452, 61.63631], [6.80576, 61.58366], [6.80874, 61.57025], [6.76483, 61.55541], [6.7331, 61.53517], [6.71238, 61.49915], [6.69577, 61.49274], [6.68082, 61.47636], [6.6421, 61.46046], [6.64327, 61.45536], [6.62978, 61.44626], [6.60094, 61.43727], [6.59279, 61.43039], [6.56598, 61.42983], [6.50665, 61.4023], [6.48625, 61.38314], [6.47496, 61.38048], [6.4795, 61.37465], [6.46435, 61.36354], [6.41305, 61.33991], [6.40814, 61.3209], [6.37037, 61.31239], [6.33571, 61.29737], [6.3388, 61.29347], [6.33579, 61.28403], [6.34646, 61.28395], [6.34242, 61.27658], [6.41091, 61.25574], [6.38832, 61.23872], [6.37945, 61.24247], [6.36499, 61.23713], [6.32498, 61.24191], [6.25198, 61.23096], [6.25734, 61.22507], [6.24591, 61.229], [6.20179, 61.21116], [6.13303, 61.16772], [6.13307, 61.16168], [6.08252, 61.16728], [5.64678, 61.14761], [5.45127, 61.10234], [5.32461, 61.10825], [5.10674, 61.18755], [5.02168, 61.25059], [4.98994, 61.37769], [5.00273, 61.43359], [5.17246, 61.45713], [5.2583, 61.45547], [5.33867, 61.4855], [5.26758, 61.50503], [5.16758, 61.54336], [5.09941, 61.62017], [4.99668, 61.64522], [4.92783, 61.71069], [4.91035, 61.80957], [4.93008, 61.87832], [4.98506, 61.90044], [5.11699, 61.8854], [5.46533, 61.89692], [5.79326, 61.8271], [6.01582, 61.7875], [6.4667, 61.80742], [6.73076, 61.86977], [6.68232, 61.88701], [6.3959, 61.85098], [6.13115, 61.85244], [5.66445, 61.9229], [5.47305, 61.94561], [5.26689, 61.9356], [5.15957, 61.95698], [5.09648, 62.02666], [5.14316, 62.15991], [5.24092, 62.18867], [5.29385, 62.15391], [5.35771, 62.15171], [5.42236, 62.20737], [5.48428, 62.23911], [5.5333, 62.31089], [5.71816, 62.37891], [5.79629, 62.38467], [5.9083, 62.41602], [5.97978, 62.40713], [6.02559, 62.37568], [6.0835, 62.34961], [6.20898, 62.35278], [6.58008, 62.40727], [6.62002, 62.42329], [6.69238, 62.46807], [6.45713, 62.4481], [6.26172, 62.41631], [6.13613, 62.40747], [6.11846, 62.44717], [6.16475, 62.48242], [6.2375, 62.51992], [6.27285, 62.58384], [6.35293, 62.61113], [6.43945, 62.60967], [6.61836, 62.62129], [6.74463, 62.63789], [6.96113, 62.62676], [7.28379, 62.60229], [7.4918, 62.54282], [7.57012, 62.54819], [7.65313, 62.56401], [7.69072, 62.5856], [7.52744, 62.6103], [7.51816, 62.64551], [7.53838, 62.67207], [7.80469, 62.721], [8.09551, 62.73184], [8.04551, 62.77124], [7.4084, 62.71177], [7.24209, 62.75234], [7.11084, 62.752], [7.0249, 62.72881], [6.77998, 62.70073], [6.73496, 62.7207], [6.78154, 62.78965], [6.92822, 62.90273], [6.94043, 62.93047], [7.0085, 62.95767], [7.38906, 63.02329], [7.57188, 63.09951], [7.6543, 63.10918], [7.73604, 63.10386], [7.86035, 63.11279], [8.10059, 63.09097], [8.21113, 62.99551], [8.31055, 62.96553], [8.62314, 62.84624], [8.60918, 62.88057], [8.33857, 63.04219], [8.23516, 63.08218], [8.15801, 63.16152], [8.18447, 63.23652], [8.27148, 63.28657], [8.58018, 63.31338], [8.63555, 63.34233], [8.64102, 63.39209], [8.59375, 63.42612], [8.48018, 63.42417], [8.38652, 63.44526], [8.36074, 63.49888], [8.39814, 63.53511], [8.57617, 63.60117], [8.67363, 63.62261], [8.84238, 63.6459], [9.13584, 63.59365], [9.15811, 63.56626], [9.07588, 63.50039], [9.08418, 63.46343], [9.15606, 63.45933], [9.32363, 63.57036], [9.5207, 63.58569], [9.60225, 63.60957], [9.69688, 63.62456], [9.83223, 63.52417], [9.8915, 63.49204], [9.93604, 63.47886], [9.9792, 63.39526], [10.021, 63.39082], [10.08057, 63.43272], [10.18857, 63.45479], [10.34004, 63.46934], [10.59092, 63.44722], [10.70449, 63.46357], [10.76016, 63.46128], [10.70674, 63.53633], [10.67363, 63.55801], [10.72529, 63.625], [10.7792, 63.65117], [10.95254, 63.69819], [11.11787, 63.71919], [11.22578, 63.76382], [11.3707, 63.80483], [11.34795, 63.83769], [11.30762, 63.87573], [11.21387, 63.87812], [11.17559, 63.89888], [11.29463, 63.94819], [11.45762, 64.00298], [11.4292, 64.02451], [11.30664, 64.04888], [11.21357, 64.03052], [11.0752, 63.98813], [10.91426, 63.92109], [10.9667, 63.90156], [11.04727, 63.84522], [10.93486, 63.77022], [10.33916, 63.57104], [10.05508, 63.5127], [9.92402, 63.52178], [9.89277, 63.57622], [9.83232, 63.6165], [9.76748, 63.69951], [9.65723, 63.69731], [9.59463, 63.67896], [9.56729, 63.70615], [9.61475, 63.79482], [9.70801, 63.86489], [9.86445, 63.91782], [9.93945, 63.98174], [10.00996, 64.08315], [10.23623, 64.17964], [10.56563, 64.41831], [10.83398, 64.49448], [10.93232, 64.57773], [11.09043, 64.61455], [11.22539, 64.67949], [11.33135, 64.68594], [11.52383, 64.74438], [11.63291, 64.81392], [11.56172, 64.81826], [11.39248, 64.773], [11.29678, 64.75478], [11.30352, 64.8294], [11.3499, 64.90591], [11.48935, 64.97583], [11.96021, 65.11682]]], [[[5.41842, 61.04688], [5.38434, 61.05113], [5.43438, 61.05319], [5.41842, 61.04688]]], [[[4.86162, 61.19385], [4.91543, 61.19937], [4.97324, 61.14824], [4.95869, 61.08457], [4.87012, 61.07192], [4.79902, 61.08272], [4.82441, 61.17822], [4.86162, 61.19385]]], [[[7.88828, 63.35234], [7.81533, 63.38506], [7.804, 63.41392], [7.93838, 63.4498], [8.07353, 63.4708], [8.13613, 63.43135], [8.14092, 63.36641], [8.10273, 63.3376], [8.00469, 63.33691], [7.88828, 63.35234]]], [[[8.35615, 63.66479], [8.28711, 63.68716], [8.45127, 63.73184], [8.70889, 63.77432], [8.7334, 63.80132], [8.76465, 63.80464], [8.80918, 63.77144], [8.81484, 63.72598], [8.78652, 63.70347], [8.4708, 63.66714], [8.35615, 63.66479]]], [[[11.0625, 64.8604], [10.83252, 64.84311], [10.73984, 64.87031], [10.81348, 64.92324], [11.021, 64.97871], [11.13262, 64.97617], [11.24619, 64.90791], [11.23145, 64.86587], [11.179, 64.83804], [11.0625, 64.8604]]]]}}, {"type": "Feature", "properties": {"bidding_zone": "NO4"}, "geometry": {"type": "MultiPolygon", "coordinates": [[[[30.82295, 69.7871], [30.84301, 69.77801], [30.83977, 69.77256], [30.85282, 69.76945], [30.85036, 69.76127], [30.85977, 69.76331], [30.86731, 69.75864], [30.86139, 69.75283], [30.8724, 69.75577], [30.86988, 69.75305], [30.87739, 69.75049], [30.86792, 69.75125], [30.87263, 69.74167], [30.8884, 69.73823], [30.89065, 69.73211], [30.88511, 69.73105], [30.89196, 69.72963], [30.88765, 69.72463], [30.89084, 69.72003], [30.87348, 69.71514], [30.89931, 69.70363], [30.89244, 69.7007], [30.90371, 69.70117], [30.92412, 69.65176], [30.92246, 69.60581], [30.89668, 69.56123], [30.86074, 69.53843], [30.79885, 69.52989], [30.66422, 69.54069], [30.57277, 69.542], [30.47347, 69.56397], [30.41772, 69.58991], [30.22403, 69.65312], [30.15167, 69.66938], [30.08529, 69.6581], [30.09129, 69.64284], [30.13783, 69.64352], [30.14927, 69.62819], [30.1528, 69.60896], [30.16809, 69.5913], [30.18021, 69.58573], [30.1793, 69.57914], [30.18824, 69.56888], [30.18061, 69.55877], [30.18549, 69.55022], [30.1741, 69.53521], [30.15034, 69.53121], [30.12116, 69.51513], [30.11836, 69.48741], [30.11193, 69.47917], [30.11773, 69.47073], [30.11491, 69.46793], [30.077, 69.45355], [30.03346, 69.42422], [29.96791, 69.40613], [29.93798, 69.40603], [29.93143, 69.41363], [29.91612, 69.4185], [29.85993, 69.42399], [29.79801, 69.4067], [29.78779, 69.39766], [29.72405, 69.38954], [29.69809, 69.37189], [29.69507, 69.36345], [29.59456, 69.32706], [29.53388, 69.31856], [29.5239, 69.32918], [29.50463, 69.32864], [29.48506, 69.32193], [29.41533, 69.31838], [29.39652, 69.32369], [29.29047, 69.29728], [29.27601, 69.27358], [29.27697, 69.25076], [29.30961, 69.23978], [29.31391, 69.231], [29.30134, 69.21949], [29.3042, 69.21136], [29.29286, 69.20593], [29.29504, 69.20025], [29.26487, 69.16365], [29.24888, 69.16174], [29.25771, 69.15495], [29.23991, 69.13898], [29.24103, 69.13471], [29.20996, 69.09702], [29.15971, 69.06706], [29.11391, 69.0491], [29.00589, 69.02931], [28.88623, 69.06618], [28.83262, 69.11899], [28.84629, 69.1769], [29.0249, 69.28799], [29.1918, 69.3667], [29.23887, 69.39395], [29.3365, 69.47832], [29.16567, 69.64653], [29.13391, 69.69534], [28.49259, 69.80377], [28.41172, 69.82275], [28.331, 69.85031], [28.34527, 69.88083], [28.16071, 69.92099], [27.98429, 70.01397], [27.97699, 70.05425], [27.95938, 70.0921], [27.79769, 70.07731], [27.7431, 70.06416], [27.69997, 70.07553], [27.6721, 70.07742], [27.61599, 70.075], [27.57912, 70.0679], [27.55259, 70.05768], [27.5407, 70.04565], [27.54122, 70.03458], [27.52599, 70.02346], [27.43137, 70.01966], [27.40409, 70.0129], [27.38629, 70.00077], [27.35821, 69.99153], [27.3092, 69.99008], [27.27472, 69.97591], [27.30139, 69.96375], [27.30548, 69.95805], [27.30209, 69.95522], [27.13084, 69.93221], [27.09777, 69.91723], [27.06216, 69.91776], [27.04951, 69.91264], [27.01544, 69.91722], [26.98595, 69.93508], [26.95864, 69.93964], [26.8818, 69.93276], [26.85952, 69.94058], [26.85515, 69.94582], [26.85894, 69.95734], [26.85129, 69.96013], [26.78476, 69.95855], [26.71807, 69.94499], [26.70131, 69.94894], [26.67869, 69.96477], [26.54963, 69.9474], [26.48669, 69.94433], [26.46373, 69.93893], [26.45438, 69.91828], [26.40754, 69.90148], [26.41822, 69.88909], [26.40066, 69.86639], [26.38594, 69.85535], [26.33003, 69.83579], [26.24359, 69.81668], [26.24094, 69.80879], [26.24875, 69.80138], [26.24666, 69.79495], [26.22889, 69.79298], [26.21491, 69.77989], [26.19244, 69.77706], [26.18096, 69.76872], [26.18549, 69.76707], [26.18342, 69.76025], [26.15118, 69.75605], [26.14291, 69.74258], [26.10761, 69.72974], [26.04866, 69.72019], [26.00714, 69.72286], [25.95054, 69.69655], [25.95214, 69.69303], [25.94265, 69.68456], [25.91692, 69.67855], [25.89149, 69.6655], [25.90091, 69.65795], [25.92936, 69.65558], [25.9553, 69.64653], [25.96343, 69.63319], [25.96068, 69.62882], [25.96428, 69.62437], [25.95896, 69.62082], [25.97672, 69.61067], [25.96673, 69.5988], [25.95189, 69.59408], [25.94556, 69.58603], [25.94833, 69.58272], [25.93749, 69.57253], [25.87422, 69.55358], [25.84146, 69.55101], [25.84129, 69.54208], [25.87627, 69.52858], [25.87688, 69.52194], [25.85996, 69.51353], [25.85648, 69.5081], [25.85995, 69.50425], [25.84636, 69.49254], [25.86411, 69.48304], [25.86443, 69.47532], [25.83373, 69.46735], [25.82599, 69.44873], [25.80648, 69.43474], [25.80934, 69.42639], [25.79304, 69.42091], [25.82196, 69.41611], [25.82403, 69.41309], [25.80909, 69.40907], [25.81288, 69.40523], [25.83185, 69.40682], [25.84665, 69.39384], [25.8347, 69.39102], [25.82808, 69.3814], [25.81259, 69.37591], [25.81869, 69.3727], [25.81789, 69.36021], [25.78486, 69.3559], [25.77701, 69.34392], [25.75938, 69.34038], [25.76304, 69.33388], [25.75895, 69.3273], [25.74183, 69.31907], [25.73777, 69.31058], [25.74791, 69.30452], [25.73544, 69.29617], [25.74466, 69.29284], [25.74754, 69.28679], [25.73835, 69.28216], [25.74315, 69.27693], [25.72919, 69.27214], [25.73225, 69.26484], [25.72096, 69.25747], [25.70204, 69.25366], [25.70813, 69.24439], [25.70072, 69.2312], [25.71379, 69.22604], [25.70564, 69.21955], [25.71333, 69.21159], [25.69451, 69.20453], [25.69302, 69.19674], [25.70771, 69.18746], [25.72621, 69.16477], [25.72974, 69.15128], [25.74296, 69.14411], [25.74309, 69.13725], [25.72006, 69.10911], [25.73141, 69.10377], [25.72518, 69.09353], [25.73151, 69.08243], [25.72429, 69.0796], [25.75239, 69.05804], [25.74969, 69.05509], [25.75396, 69.05295], [25.74527, 69.03978], [25.75748, 69.02977], [25.75106, 69.00193], [25.71241, 68.98063], [25.71361, 68.96687], [25.70911, 68.96274], [25.64668, 68.91914], [25.57529, 68.88716], [25.53409, 68.88738], [25.49385, 68.89947], [25.49244, 68.90391], [25.47524, 68.90458], [25.42059, 68.89122], [25.39856, 68.89102], [25.40106, 68.88657], [25.29602, 68.86097], [25.24329, 68.84142], [25.22757, 68.82391], [25.20758, 68.81874], [25.1969, 68.80973], [25.15713, 68.79989], [25.14206, 68.7871], [25.14015, 68.77591], [25.1327, 68.7676], [25.13462, 68.76198], [25.12605, 68.75763], [25.12101, 68.7456], [25.12669, 68.73625], [25.1218, 68.72435], [25.13096, 68.7149], [25.12231, 68.71304], [25.11145, 68.7024], [25.11431, 68.69284], [25.10709, 68.68063], [25.11111, 68.67499], [25.08691, 68.6396], [25.04229, 68.62539], [25.0159, 68.62211], [25.01501, 68.6167], [25.00542, 68.61369], [24.98847, 68.61243], [24.97784, 68.61781], [24.94737, 68.61541], [24.91692, 68.60525], [24.91281, 68.59598], [24.81466, 68.60533], [24.78342, 68.63623], [24.60839, 68.6819], [24.31658, 68.71581], [24.15409, 68.76089], [24.15855, 68.78971], [24.07559, 68.77997], [23.98333, 68.82714], [23.87146, 68.83652], [23.77539, 68.81885], [23.73106, 68.75075], [23.67882, 68.70969], [23.6365, 68.70342], [23.44064, 68.69216], [23.24134, 68.64603], [23.14434, 68.64258], [23.04595, 68.68934], [22.89825, 68.6883], [22.72829, 68.70195], [22.53539, 68.74451], [22.40952, 68.72274], [22.38291, 68.77661], [22.34547, 68.81257], [22.34078, 68.82723], [22.18931, 68.92477], [22.17576, 68.95632], [21.98361, 69.07289], [21.72334, 69.21449], [21.62709, 69.27659], [21.27882, 69.31188], [21.09617, 69.26091], [21.00331, 69.22234], [20.98758, 69.19193], [21.04673, 69.13952], [21.05563, 69.12209], [21.10868, 69.10393], [21.06211, 69.04236], [20.96461, 69.05876], [20.71732, 69.11979], [20.55233, 69.06008], [20.06005, 69.04576], [20.30839, 68.91783], [20.33501, 68.80559], [20.20283, 68.66592], [20.05225, 68.59107], [19.9375, 68.55794], [19.9782, 68.54546], [19.96885, 68.54204], [20.21088, 68.48447], [19.97796, 68.38816], [19.92654, 68.35894], [19.8943, 68.36083], [18.9838, 68.51696], [18.71102, 68.50942], [18.54287, 68.53622], [18.40569, 68.58188], [18.12592, 68.53651], [18.10109, 68.40604], [18.15135, 68.19879], [17.89976, 67.96937], [17.66475, 68.03838], [17.28152, 68.11881], [17.18051, 68.05046], [16.92985, 67.97732], [16.73812, 67.91421], [16.55629, 67.64719], [16.49488, 67.59446], [16.42287, 67.54464], [16.36061, 67.53171], [16.158, 67.51916], [16.08983, 67.43528], [16.38549, 67.2193], [16.40311, 67.1961], [16.38793, 67.04759], [16.19402, 66.98259], [16.03876, 66.91245], [15.99364, 66.87323], [15.61979, 66.59368], [15.45106, 66.52397], [15.37723, 66.48431], [15.4304, 66.39222], [15.47531, 66.30176], [15.3749, 66.25205], [15.15332, 66.19106], [15.04004, 66.16753], [14.91797, 66.15371], [14.51629, 66.13258], [14.57312, 65.95786], [14.5844, 65.90134], [14.62548, 65.81181], [14.54147, 65.70075], [14.49877, 65.5213], [14.50137, 65.40858], [14.47969, 65.30146], [14.45643, 65.28531], [14.3788, 65.24762], [14.34294, 65.16185], [14.21203, 65.0379], [14.0773, 64.93894], [13.70547, 64.63996], [13.65029, 64.58154], [13.89118, 64.50713], [14.07764, 64.46401], [14.11992, 64.38774], [14.14805, 64.2603], [14.14169, 64.17955], [14.00103, 64.03965], [13.96055, 64.01401], [13.87594, 64.02178], [13.6613, 64.05219], [13.21111, 64.09537], [13.11558, 64.08275], [13.09569, 64.41157], [12.53487, 64.61811], [12.5145, 64.97644], [12.40817, 64.99273], [12.38334, 64.98984], [12.27682, 64.95979], [12.24774, 64.97138], [12.238, 64.96803], [12.20275, 64.97286], [12.18083, 64.9823], [12.17977, 64.9899], [12.19162, 64.99907], [12.16141, 65.00644], [12.14993, 65.01893], [12.13335, 65.02166], [12.11999, 65.01292], [12.13171, 64.99903], [12.11413, 65.00425], [12.08505, 64.99995], [12.06553, 65.01275], [12.0494, 65.01512], [12.04105, 65.02983], [12.03603, 65.03014], [12.04013, 65.03477], [12.0377, 65.04773], [12.04886, 65.06687], [11.98413, 65.06803], [11.92094, 65.09971], [11.96021, 65.11682], [11.95652, 65.1174], [12.15967, 65.17896], [12.22656, 65.14536], [12.30654, 65.08599], [12.5084, 65.09941], [12.73838, 65.2144], [12.91553, 65.33926], [12.81982, 65.31748], [12.71533, 65.26636], [12.51172, 65.19531], [12.41758, 65.18408], [12.36387, 65.19331], [12.33398, 65.24072], [12.26338, 65.2561], [12.19961, 65.24546], [12.13389, 65.27915], [12.12217, 65.36235], [12.20625, 65.48623], [12.27285, 65.56816], [12.34482, 65.63018], [12.62773, 65.80615], [12.68887, 65.9022], [12.8168, 65.95288], [12.98301, 65.9416], [13.03311, 65.95625], [12.97607, 66.01919], [12.79492, 66.06909], [12.78379, 66.10044], [13.38711, 66.18276], [13.67441, 66.17998], [13.75967, 66.22105], [13.91582, 66.24736], [14.03418, 66.29756], [13.97315, 66.31973], [13.68135, 66.27358], [13.49893, 66.2519], [13.41641, 66.25259], [13.35205, 66.23672], [13.11885, 66.23066], [13.06816, 66.43081], [13.10469, 66.5394], [13.1916, 66.53716], [13.21143, 66.64082], [13.31182, 66.70185], [13.45039, 66.71553], [13.52022, 66.74165], [13.62109, 66.79482], [13.78799, 66.78247], [13.95947, 66.79434], [13.91699, 66.81938], [13.7041, 66.85166], [13.65156, 66.90708], [13.72666, 66.93804], [13.8084, 66.96079], [13.88018, 66.96489], [14.02236, 67.0731], [14.10879, 67.11924], [14.20557, 67.11123], [14.34033, 67.15894], [14.47266, 67.14268], [14.60068, 67.17388], [14.77559, 67.19448], [15.41572, 67.20244], [15.43477, 67.24668], [15.3001, 67.25693], [14.82441, 67.26831], [14.58154, 67.26743], [14.4793, 67.25596], [14.4417, 67.27139], [14.44834, 67.29785], [14.53662, 67.33975], [14.57852, 67.38604], [14.75498, 67.49902], [14.96191, 67.57427], [15.12051, 67.55503], [15.28916, 67.48315], [15.40938, 67.47417], [15.46533, 67.45093], [15.55293, 67.35176], [15.59443, 67.34853], [15.57568, 67.44385], [15.6915, 67.52139], [15.66133, 67.54282], [15.4873, 67.5148], [15.354, 67.54394], [15.24873, 67.60215], [15.21865, 67.65537], [15.28408, 67.70796], [15.3458, 67.73442], [15.30391, 67.76528], [15.04082, 67.68257], [14.85469, 67.66333], [14.78135, 67.6749], [14.82109, 67.74985], [14.79893, 67.80933], [15.04844, 67.95576], [15.13428, 67.97271], [15.27441, 67.96094], [15.40088, 67.91963], [15.50664, 67.92622], [15.62139, 67.94829], [15.60576, 67.98789], [15.35693, 68.00361], [15.29287, 68.03647], [15.31602, 68.06875], [15.48682, 68.10283], [15.65664, 68.16436], [15.85127, 68.18218], [16.00791, 68.22871], [16.03809, 68.21816], [16.06455, 68.1999], [16.1208, 68.02734], [16.26074, 67.88657], [16.3123, 67.88144], [16.25859, 68.00122], [16.30869, 68.03565], [16.37217, 68.06182], [16.39199, 68.0916], [16.31924, 68.10176], [16.25977, 68.14453], [16.1748, 68.28125], [16.20381, 68.31675], [16.38789, 68.38955], [16.61885, 68.4063], [16.86494, 68.35527], [16.95137, 68.35469], [17.09404, 68.36841], [17.33613, 68.41035], [17.47852, 68.42632], [17.55283, 68.42627], [17.57119, 68.44746], [17.50234, 68.46108], [17.48018, 68.47432], [17.42617, 68.48193], [17.20234, 68.45928], [16.58486, 68.46645], [16.52529, 68.49067], [16.51435, 68.53257], [16.57988, 68.59268], [16.65186, 68.62578], [16.88467, 68.6854], [17.13115, 68.69346], [17.39082, 68.79936], [17.49004, 68.87876], [17.54629, 69.00112], [17.70459, 69.10005], [18.10147, 69.1563], [18.11748, 69.1812], [18.07539, 69.23262], [18.07871, 69.32524], [18.1875, 69.4331], [18.25977, 69.47061], [18.29316, 69.4751], [18.37871, 69.43984], [18.48262, 69.36484], [18.64551, 69.32188], [18.85898, 69.31445], [18.91592, 69.3356], [18.75, 69.37842], [18.62441, 69.43438], [18.61445, 69.49058], [18.67402, 69.52036], [18.7666, 69.51704], [18.88281, 69.52334], [18.99111, 69.56113], [19.00684, 69.58769], [19.01133, 69.62373], [19.03838, 69.6604], [19.19727, 69.74785], [19.68701, 69.80474], [19.72246, 69.78164], [19.696, 69.61294], [19.63975, 69.50381], [19.6415, 69.42402], [19.73682, 69.50381], [19.86465, 69.72212], [19.96055, 69.82461], [20.06894, 69.88345], [20.14639, 69.89673], [20.22305, 69.9272], [20.32422, 69.94531], [20.35518, 69.92192], [20.38721, 69.86763], [20.33272, 69.67695], [20.33818, 69.61665], [20.27715, 69.53584], [20.04375, 69.35566], [20.05449, 69.33267], [20.10723, 69.34121], [20.19766, 69.37095], [20.48672, 69.54209], [20.73945, 69.52051], [20.74258, 69.53452], [20.66152, 69.58472], [20.5625, 69.63281], [20.53271, 69.69233], [20.546, 69.85107], [20.62207, 69.91392], [20.84033, 69.90732], [20.97109, 69.91602], [21.03213, 69.88745], [21.16309, 69.8895], [21.25371, 70.00322], [21.43291, 70.01318], [21.59023, 69.93804], [21.77959, 69.88745], [21.93174, 69.8147], [21.97471, 69.83457], [21.89258, 70.00425], [21.80273, 70.06606], [21.60781, 70.09819], [21.40039, 70.17446], [21.34629, 70.20825], [21.35576, 70.2334], [21.53877, 70.25767], [21.78027, 70.22988], [21.99551, 70.29336], [22.05439, 70.27598], [22.21943, 70.30918], [22.32197, 70.2645], [22.38477, 70.27773], [22.42119, 70.3376], [22.68457, 70.37476], [22.85166, 70.34048], [22.94121, 70.30498], [22.98281, 70.23677], [23.04648, 70.10186], [23.17695, 70.02905], [23.25791, 69.99331], [23.35391, 69.9834], [23.4002, 70.01977], [23.31025, 70.06357], [23.28603, 70.10483], [23.3291, 70.20723], [23.37939, 70.24746], [23.66123, 70.39976], [23.89717, 70.47876], [24.03848, 70.48535], [24.28555, 70.6624], [24.35557, 70.69458], [24.42002, 70.702], [24.40352, 70.74531], [24.26816, 70.77271], [24.26348, 70.82632], [24.4418, 70.89155], [24.65801, 71.00102], [24.76475, 71.00845], [24.83164, 70.97803], [25.04219, 70.92861], [25.17119, 70.87202], [25.26465, 70.84351], [25.32539, 70.84941], [25.37559, 70.89194], [25.43594, 70.91187], [25.56982, 70.90068], [25.64971, 70.87334], [25.71191, 70.86973], [25.76816, 70.85317], [25.78145, 70.8168], [25.66562, 70.77715], [25.46826, 70.67197], [25.27353, 70.55239], [25.20928, 70.4894], [25.14639, 70.32402], [24.99424, 70.21821], [24.98271, 70.14399], [25.04385, 70.10903], [25.21182, 70.13648], [25.41885, 70.2355], [25.47051, 70.34058], [25.98809, 70.62539], [26.23086, 70.78262], [26.50693, 70.91279], [26.66133, 70.93975], [26.73398, 70.85356], [26.67549, 70.74097], [26.5582, 70.66914], [26.64463, 70.63623], [26.62813, 70.55088], [26.60117, 70.50347], [26.58398, 70.45381], [26.58506, 70.41001], [26.66611, 70.42168], [26.98935, 70.51138], [27.07129, 70.60845], [27.14727, 70.6812], [27.18369, 70.74404], [27.30937, 70.80356], [27.54648, 70.804], [27.55566, 70.82739], [27.26904, 70.91001], [27.23525, 70.94722], [27.33164, 70.99673], [27.59707, 71.09131], [27.7335, 71.08086], [27.81504, 71.05938], [28.1417, 71.04302], [28.39229, 70.97529], [28.38272, 70.86943], [28.32685, 70.82519], [28.27188, 70.79795], [27.95098, 70.71758], [27.89805, 70.67793], [27.99883, 70.66426], [28.21562, 70.70435], [28.27178, 70.66797], [28.20273, 70.5769], [28.19102, 70.44019], [28.16602, 70.3604], [28.16602, 70.28765], [28.19297, 70.24858], [28.28008, 70.40342], [28.30986, 70.44307], [28.4373, 70.50137], [28.48477, 70.6188], [28.60938, 70.75967], [28.7498, 70.8415], [28.83154, 70.86396], [29.10234, 70.86074], [29.21855, 70.82993], [29.32109, 70.76148], [29.39766, 70.73413], [29.63906, 70.70503], [29.72197, 70.66855], [29.7375, 70.64683], [29.79648, 70.64253], [29.95938, 70.69438], [30.06514, 70.70298], [30.23769, 70.62217], [30.20303, 70.5623], [30.21318, 70.54331], [30.42207, 70.54717], [30.5959, 70.52368], [30.92637, 70.40112], [30.96064, 70.34385], [30.94414, 70.27441], [30.46895, 70.19785], [30.26299, 70.12471], [29.92588, 70.09648], [28.78115, 70.14541], [28.8043, 70.09253], [29.60137, 69.97676], [29.64688, 69.9437], [29.62139, 69.87407], [29.621, 69.81821], [29.63594, 69.78013], [29.69463, 69.74458], [29.79209, 69.72788], [29.99033, 69.73667], [30.08828, 69.71758], [30.15518, 69.74595], [30.18008, 69.84116], [30.2376, 69.86221], [30.34883, 69.83457], [30.39727, 69.73281], [30.42832, 69.72227], [30.48438, 69.79487], [30.59453, 69.78965], [30.71445, 69.7957], [30.82295, 69.7871]]], [[[25.01567, 68.61691], [25.01576, 68.61703], [25.01596, 68.617], [25.01567, 68.61691]]], [[[11.76514, 65.63096], [11.80039, 65.68389], [11.87539, 65.70591], [11.97236, 65.70156], [12.00322, 65.67944], [11.96797, 65.62651], [11.90185, 65.5957], [11.77832, 65.60454], [11.76514, 65.63096]]], [[[12.43018, 65.93994], [12.47607, 65.9771], [12.54883, 66.0019], [12.74707, 66.01138], [12.77881, 65.9917], [12.71865, 65.96387], [12.50957, 65.90195], [12.42949, 65.89907], [12.43018, 65.93994]]], [[[12.32734, 66.03662], [12.34277, 66.08076], [12.41768, 66.12266], [12.44639, 66.15132], [12.46133, 66.18501], [12.52744, 66.21055], [12.6208, 66.17793], [12.62266, 66.12246], [12.57637, 66.07192], [12.41992, 66.04326], [12.32734, 66.03662]]], [[[12.87793, 67.91777], [12.95772, 68.01548], [13.06807, 68.07134], [13.12285, 68.04941], [13.09775, 68.00269], [13.09824, 67.95645], [13.07461, 67.93457], [12.97178, 67.87412], [12.82402, 67.82124], [12.87793, 67.91777]]], [[[13.49521, 68.05166], [13.42422, 68.08276], [13.40439, 68.06069], [13.3915, 68.02124], [13.35205, 68.00967], [13.2294, 67.99536], [13.19951, 68.08726], [13.25596, 68.1206], [13.3002, 68.16045], [13.36797, 68.16655], [13.42871, 68.16323], [13.53799, 68.24902], [13.68769, 68.27339], [13.78408, 68.27612], [13.87285, 68.26533], [13.93232, 68.24824], [14.0877, 68.25322], [14.11885, 68.24683], [14.09678, 68.2186], [14.0293, 68.18755], [13.8877, 68.16851], [13.82402, 68.12109], [13.77842, 68.10498], [13.65615, 68.10479], [13.58398, 68.09385], [13.49521, 68.05166]]], [[[16.42519, 68.84155], [16.47969, 68.80293], [16.54736, 68.71655], [16.51924, 68.63301], [16.33799, 68.56787], [16.19394, 68.53848], [16.04844, 68.46367], [15.97529, 68.40249], [15.9125, 68.38926], [15.87275, 68.39424], [15.8374, 68.40903], [15.76367, 68.40908], [15.68252, 68.35601], [15.4375, 68.31284], [15.34141, 68.32529], [15.33701, 68.37822], [15.27969, 68.37383], [15.18789, 68.3104], [15.09805, 68.28921], [15.03769, 68.28271], [14.92685, 68.30659], [14.62891, 68.19849], [14.34951, 68.17827], [14.25752, 68.19077], [14.25723, 68.25693], [14.43779, 68.34155], [14.58584, 68.40034], [15.09531, 68.44141], [15.4126, 68.61582], [15.48926, 68.80532], [15.56426, 68.87373], [15.529, 68.9124], [15.44365, 68.91919], [15.43848, 68.97856], [15.48301, 69.04346], [15.64951, 69.13257], [15.74199, 69.17051], [15.89268, 69.27788], [15.96533, 69.30205], [16.04805, 69.30205], [16.12949, 69.27393], [16.11484, 69.21641], [15.99268, 69.11265], [15.81172, 69.02422], [15.83379, 68.96074], [15.90586, 68.9085], [15.92353, 68.81919], [15.92793, 68.7332], [15.79072, 68.61704], [15.76035, 68.56123], [15.77236, 68.5542], [15.90859, 68.65049], [16.05957, 68.68052], [16.06894, 68.71401], [16.12744, 68.74644], [16.1208, 68.79936], [16.15059, 68.84238], [16.22754, 68.85376], [16.27559, 68.86831], [16.32891, 68.87632], [16.42519, 68.84155]]], [[[14.5208, 68.63306], [14.40469, 68.66323], [14.37344, 68.71143], [14.49668, 68.77187], [14.55371, 68.81885], [14.69043, 68.8147], [14.72461, 68.8001], [14.80185, 68.79097], [14.84883, 68.84756], [14.83799, 68.88667], [14.87236, 68.91387], [15.0375, 68.89429], [15.03779, 69.00054], [15.10186, 69.00801], [15.12813, 69.00396], [15.17559, 68.98154], [15.20713, 68.94312], [15.33721, 68.84243], [15.39658, 68.78359], [15.34844, 68.67241], [15.22207, 68.61631], [15.02705, 68.60635], [14.89023, 68.61099], [14.804, 68.63799], [14.79326, 68.66826], [14.74346, 68.6772], [14.61211, 68.63833], [14.5208, 68.63306]]], [[[17.9207, 69.27432], [17.95068, 69.19814], [17.77353, 69.17202], [17.56816, 69.1604], [17.48789, 69.19683], [17.32363, 69.13003], [17.16094, 69.02593], [17.08252, 69.01367], [17.07705, 69.04663], [16.96016, 69.06938], [16.81045, 69.0707], [16.81543, 69.09512], [16.84258, 69.11235], [16.97178, 69.13789], [16.99756, 69.19062], [16.97412, 69.28472], [16.99687, 69.33037], [17.00176, 69.36191], [17.08301, 69.39883], [17.36084, 69.38149], [17.39453, 69.4167], [17.37344, 69.43887], [17.22988, 69.47769], [17.25195, 69.50381], [17.35557, 69.52715], [17.45361, 69.53018], [17.4831, 69.56968], [17.48818, 69.58687], [17.50303, 69.59624], [17.62324, 69.53906], [17.67734, 69.55654], [17.78369, 69.56304], [17.86279, 69.54297], [17.92744, 69.50664], [18.0041, 69.50498], [18.05225, 69.45752], [18.07676, 69.39575], [18.02109, 69.34961], [17.94209, 69.32871], [17.9207, 69.27432]]], [[[29.78594, 69.82905], [29.83584, 69.90557], [29.91397, 69.90244], [29.99297, 69.87324], [30.05518, 69.83838], [29.95615, 69.79678], [29.76621, 69.76753], [29.74424, 69.7916], [29.78594, 69.82905]]], [[[19.00781, 69.75957], [18.90918, 69.70669], [18.80693, 69.63984], [18.80068, 69.60537], [18.78477, 69.579], [18.41025, 69.55283], [18.27412, 69.5355], [18.12988, 69.55786], [18.06152, 69.6021], [18.0835, 69.62612], [18.22744, 69.63574], [18.23203, 69.67676], [18.26846, 69.70181], [18.31504, 69.71548], [18.34932, 69.76787], [18.40625, 69.78154], [18.5124, 69.76865], [18.58398, 69.80659], [18.62432, 69.81304], [18.67402, 69.78164], [18.69795, 69.82485], [18.67402, 69.86431], [18.68652, 69.89092], [18.82383, 69.96011], [18.8832, 70.01055], [18.96865, 70.04302], [19.05098, 70.03784], [19.0749, 70.08569], [19.05098, 70.13467], [19.06006, 70.1666], [19.13272, 70.24414], [19.2127, 70.24746], [19.24941, 70.17856], [19.25508, 70.06641], [19.34375, 70.01196], [19.42227, 70.01719], [19.4459, 70.03774], [19.49951, 70.0479], [19.60781, 70.01914], [19.59229, 69.97017], [19.44238, 69.9084], [19.33477, 69.82026], [19.19707, 69.79981], [19.13086, 69.81045], [19.00781, 69.75957]]], [[[20.81943, 70.20547], [20.7792, 70.08975], [20.72529, 70.0665], [20.64258, 70.05703], [20.59805, 70.07144], [20.53467, 70.08091], [20.46426, 70.07656], [20.40508, 70.11914], [20.41172, 70.15488], [20.49277, 70.20332], [20.65488, 70.23086], [20.78603, 70.21953], [20.81943, 70.20547]]], [[[19.71084, 70.16533], [19.61348, 70.21909], [19.59902, 70.26616], [19.68379, 70.27358], [19.76748, 70.2167], [19.81836, 70.20498], [19.86865, 70.21226], [19.91045, 70.2019], [19.99414, 70.14927], [20.08428, 70.12856], [20.08848, 70.10205], [20.00596, 70.07622], [19.89727, 70.06846], [19.78086, 70.07744], [19.74668, 70.1105], [19.71084, 70.16533]]], [[[23.00596, 70.35278], [22.91787, 70.38467], [22.91777, 70.41675], [22.94102, 70.44458], [23.02246, 70.48691], [23.1584, 70.51606], [23.24805, 70.50513], [23.54668, 70.61709], [23.57891, 70.59365], [23.61533, 70.54932], [23.63398, 70.50254], [23.64102, 70.46397], [23.54775, 70.40815], [23.33281, 70.33496], [23.34512, 70.31528], [23.2707, 70.29648], [23.15918, 70.28262], [23.10029, 70.29609], [23.1084, 70.35884], [23.09062, 70.37764], [23.00596, 70.35278]]], [[[24.01758, 70.56738], [23.82715, 70.52749], [23.7166, 70.56186], [23.67012, 70.59707], [23.66328, 70.67524], [23.68916, 70.7228], [23.77842, 70.74736], [23.83652, 70.72939], [23.85205, 70.71435], [23.95644, 70.69961], [24.07832, 70.65059], [24.01758, 70.56738]]], [[[22.43223, 70.50918], [22.35869, 70.5148], [22.16875, 70.56211], [22.05576, 70.61333], [21.99453, 70.65713], [22.17002, 70.6563], [22.23262, 70.66689], [22.35029, 70.65767], [22.421, 70.70259], [22.5707, 70.69717], [22.8581, 70.72842], [22.96357, 70.71099], [23.20469, 70.81548], [23.28018, 70.81274], [23.3956, 70.84258], [23.44053, 70.81577], [23.4209, 70.78442], [23.38711, 70.75391], [23.30518, 70.72168], [23.06816, 70.59409], [22.92891, 70.57354], [22.88477, 70.55352], [22.8291, 70.54155], [22.65605, 70.55903], [22.60537, 70.53315], [22.55752, 70.51587], [22.43223, 70.50918]]], [[[25.31494, 71.03413], [25.31523, 71.05298], [25.42344, 71.09741], [25.58633, 71.14209], [25.85352, 71.10386], [25.94502, 71.10464], [26.07764, 71.03315], [26.14688, 71.0395], [26.13379, 70.9958], [25.99971, 70.9751], [25.79131, 70.9625], [25.76016, 70.95381], [25.58203, 70.96079], [25.48203, 71.01958], [25.31494, 71.03413]]]]}}, {"type": "Feature", "properties": {"bidding_zone": "NO5"}, "geometry": {"type": "MultiPolygon", "coordinates": [[[[7.4125, 61.85751], [7.51475, 61.76033], [7.51382, 61.72736], [7.62909, 61.74136], [7.68457, 61.74273], [7.75252, 61.75481], [7.84184, 61.74313], [7.90822, 61.72168], [7.90442, 61.67914], [7.89565, 61.64365], [7.93299, 61.60237], [7.94283, 61.58244], [7.94731, 61.55668], [8.11789, 61.52285], [8.19557, 61.54779], [8.26233, 61.53398], [8.28757, 61.48955], [8.30372, 61.479], [8.32205, 61.45589], [8.27483, 61.43127], [8.21714, 61.4299], [8.19226, 61.4388], [8.15036, 61.42674], [8.15465, 61.39599], [8.1616, 61.38736], [8.15573, 61.37748], [8.15954, 61.36968], [8.1804, 61.35667], [8.19992, 61.35287], [8.21278, 61.35553], [8.22545, 61.34212], [8.25114, 61.33914], [8.25145, 61.33439], [8.24029, 61.32541], [8.24382, 61.32138], [8.23493, 61.32035], [8.23139, 61.3144], [8.21768, 61.31823], [8.2223, 61.30782], [8.2111, 61.30465], [8.17673, 61.30505], [8.15547, 61.28741], [8.13306, 61.27753], [8.14176, 61.27457], [8.1357, 61.26903], [8.06737, 61.24831], [8.05117, 61.23278], [8.00672, 61.23496], [8.00776, 61.22988], [8.01732, 61.22573], [8.05322, 61.22025], [8.05093, 61.21175], [8.06057, 61.19332], [8.04401, 61.17899], [8.04876, 61.17426], [8.0756, 61.17972], [8.08296, 61.16216], [8.13618, 61.1157], [8.13388, 61.10967], [8.22121, 61.08948], [8.2517, 61.07394], [8.3092, 61.09172], [8.36633, 61.04826], [8.44654, 61.01992], [8.48071, 61.02168], [8.54325, 61.00974], [8.56897, 60.99465], [8.60794, 60.98228], [8.62643, 60.97134], [8.63279, 60.96164], [8.62109, 60.9519], [8.65723, 60.93916], [8.65405, 60.93595], [8.81449, 60.90059], [8.89059, 60.89662], [8.89614, 60.89382], [8.90064, 60.87912], [8.9115, 60.87622], [8.91899, 60.86338], [9.01611, 60.84], [9.08882, 60.81647], [9.14691, 60.80683], [9.19288, 60.79087], [9.21626, 60.77057], [9.2913, 60.76186], [9.30464, 60.7451], [9.33211, 60.7299], [9.32885, 60.70834], [9.31803, 60.69899], [9.32132, 60.67949], [9.35265, 60.66712], [9.36617, 60.64794], [9.36158, 60.63609], [9.37882, 60.62131], [9.42135, 60.61301], [9.43514, 60.59956], [9.41059, 60.58275], [9.40977, 60.56865], [9.41713, 60.54777], [9.44691, 60.54431], [9.47869, 60.53015], [9.49572, 60.52758], [9.60707, 60.53886], [9.61618, 60.52064], [9.61288, 60.51413], [9.61998, 60.50777], [9.61179, 60.50034], [9.71854, 60.47078], [9.8009, 60.45423], [9.83064, 60.45637], [9.83251, 60.44364], [9.84672, 60.43639], [9.80605, 60.41757], [9.82629, 60.38929], [9.74187, 60.35649], [9.76899, 60.34677], [9.80094, 60.3577], [9.82517, 60.37215], [9.83489, 60.36891], [9.81545, 60.36377], [9.79574, 60.32573], [9.73298, 60.31517], [9.45894, 60.29666], [9.41446, 60.30997], [9.36046, 60.33453], [9.27751, 60.345], [9.24593, 60.35818], [9.14895, 60.36395], [9.138, 60.35381], [9.13414, 60.33418], [9.13816, 60.30582], [9.15825, 60.2971], [9.16928, 60.28301], [9.1683, 60.23895], [9.17401, 60.21157], [9.19969, 60.16738], [9.21785, 60.15245], [9.12527, 60.1169], [9.08691, 60.07296], [9.05269, 60.07099], [8.97066, 60.07851], [8.95708, 60.09236], [8.95787, 60.09806], [8.83277, 60.14942], [8.80933, 60.15275], [8.72286, 60.18311], [8.65987, 60.17201], [8.56521, 60.17724], [8.48611, 60.16879], [8.38428, 60.18117], [8.28427, 60.1751], [8.20879, 60.18827], [8.16689, 60.18635], [8.18695, 60.17369], [8.17038, 60.17375], [8.15381, 60.18461], [8.13235, 60.18563], [8.10318, 60.18353], [8.05767, 60.16359], [7.92095, 60.13714], [7.81284, 60.10265], [7.76467, 60.11593], [7.646, 60.12685], [7.48826, 60.09893], [7.44265, 60.05732], [7.43643, 60.01923], [7.37648, 60.00001], [7.33387, 60.00908], [7.23013, 60.0014], [7.10895, 60.02644], [7.08018, 60.04035], [7.10018, 60.04779], [7.06385, 60.09294], [7.04322, 60.09747], [7.05202, 60.10213], [7.0237, 60.12131], [7.02553, 60.13048], [7.00043, 60.15487], [6.97801, 60.14376], [6.96287, 60.15448], [6.94153, 60.15663], [6.91682, 60.17564], [6.90918, 60.20281], [6.90426, 60.20575], [6.91321, 60.21889], [6.86129, 60.22039], [6.86115, 60.22726], [6.80686, 60.21756], [6.72731, 60.23616], [6.68773, 60.23132], [6.68275, 60.22294], [6.69439, 60.19929], [6.68007, 60.191], [6.65228, 60.18461], [6.63665, 60.17015], [6.60617, 60.16585], [6.58438, 60.13855], [6.56896, 60.13335], [6.5599, 60.13577], [6.5681, 60.14195], [6.57348, 60.16342], [6.56156, 60.16282], [6.55926, 60.17053], [6.54103, 60.17558], [6.66094, 60.36724], [6.71992, 60.41816], [6.78711, 60.4541], [6.94971, 60.47822], [6.9957, 60.51196], [6.80635, 60.50078], [6.34697, 60.41909], [6.15332, 60.34624], [6.10176, 60.29014], [5.96738, 60.20557], [5.93078, 60.17365], [5.91893, 60.18973], [5.93809, 60.19774], [5.93223, 60.20283], [5.92143, 60.19945], [5.91258, 60.21151], [5.93179, 60.22925], [5.94567, 60.25585], [5.96066, 60.26625], [5.95918, 60.29415], [5.93213, 60.31736], [5.90849, 60.32543], [5.83476, 60.329], [5.79428, 60.32488], [5.78566, 60.3291], [5.77039, 60.32259], [5.76412, 60.3246], [5.76431, 60.34397], [5.73955, 60.35362], [5.73158, 60.33374], [5.72342, 60.32624], [5.70409, 60.32234], [5.68483, 60.33044], [5.66558, 60.31535], [5.63971, 60.31627], [5.61854, 60.27537], [5.57469, 60.2559], [5.58715, 60.24389], [5.5635, 60.18864], [5.52807, 60.15721], [5.41738, 60.1541], [5.28584, 60.20571], [5.18359, 60.3084], [5.13711, 60.44561], [5.16816, 60.48481], [5.54648, 60.62456], [5.64834, 60.68799], [5.58936, 60.69429], [5.44736, 60.61733], [5.24404, 60.56958], [5.11582, 60.63599], [5.04912, 60.70752], [5.01074, 60.85854], [5.02461, 60.93613], [5.00859, 61.03818], [5.09541, 61.07134], [5.19248, 61.05371], [5.28818, 61.04717], [5.38434, 61.05113], [5.41842, 61.04688], [5.43438, 61.05319], [5.50527, 61.0561], [5.98398, 61.11733], [6.29258, 61.08096], [6.41797, 61.08428], [6.60986, 61.13701], [6.77783, 61.14243], [6.90342, 61.10215], [6.97207, 61.05596], [6.98057, 60.99414], [7.03867, 60.95293], [7.07793, 60.96631], [7.04668, 61.01528], [7.04014, 61.09116], [7.54502, 61.17715], [7.60449, 61.21055], [7.40391, 61.22217], [7.34658, 61.30059], [7.45254, 61.41924], [7.44258, 61.43462], [7.33115, 61.37202], [7.27627, 61.28394], [7.29805, 61.21362], [7.27598, 61.18096], [7.17354, 61.16597], [6.94258, 61.16055], [6.79434, 61.19038], [6.65703, 61.20659], [6.61025, 61.2291], [6.62588, 61.2793], [6.5999, 61.28965], [6.54307, 61.24453], [6.49258, 61.15459], [6.3835, 61.13389], [6.13307, 61.16168], [6.13303, 61.16772], [6.20179, 61.21116], [6.24591, 61.229], [6.25734, 61.22507], [6.25198, 61.23096], [6.32498, 61.24191], [6.36499, 61.23713], [6.37945, 61.24247], [6.38832, 61.23872], [6.41091, 61.25574], [6.34242, 61.27658], [6.34646, 61.28395], [6.33579, 61.28403], [6.3388, 61.29347], [6.33571, 61.29737], [6.37037, 61.31239], [6.40814, 61.3209], [6.41305, 61.33991], [6.46435, 61.36354], [6.4795, 61.37465], [6.47496, 61.38048], [6.48625, 61.38314], [6.50665, 61.4023], [6.56598, 61.42983], [6.59279, 61.43039], [6.60094, 61.43727], [6.62978, 61.44626], [6.64327, 61.45536], [6.6421, 61.46046], [6.68082, 61.47636], [6.69577, 61.49274], [6.71238, 61.49915], [6.7331, 61.53517], [6.76483, 61.55541], [6.80874, 61.57025], [6.80576, 61.58366], [6.90452, 61.63631], [7.03657, 61.67716], [7.22443, 61.80001], [7.28356, 61.81244], [7.38185, 61.85293], [7.4125, 61.85751]]], [[[6.52647, 60.17819], [6.52002, 60.17903], [6.51052, 60.19524], [6.46422, 60.19887], [6.47383, 60.20887], [6.40894, 60.21709], [6.35656, 60.21031], [6.34512, 60.20159], [6.33996, 60.20711], [6.32031, 60.21084], [6.27924, 60.20806], [6.2293, 60.17805], [6.21794, 60.17799], [6.2116, 60.18774], [6.21688, 60.20208], [6.1742, 60.19407], [6.17002, 60.18761], [6.15616, 60.18398], [6.14477, 60.18939], [6.1156, 60.1853], [6.14053, 60.2335], [6.34873, 60.35298], [6.51807, 60.40757], [6.57363, 60.3606], [6.52637, 60.21362], [6.52647, 60.17819]]], [[[5.08906, 60.18877], [4.99697, 60.19775], [4.95557, 60.24331], [4.94355, 60.27241], [4.95078, 60.34116], [4.93008, 60.41206], [4.95723, 60.44727], [4.99062, 60.45205], [5.0502, 60.38896], [5.08584, 60.30757], [5.08906, 60.18877]]]]}}, {"type": "Feature", "properties": {"bidding_zone": "PL"}, "geometry": {"type": "Polygon", "coordinates": [[[18.83743, 49.52695], [18.82017, 49.59026], [18.7993, 49.62638], [18.78844, 49.6686], [18.77346, 49.67583], [18.74225, 49.66968], [18.72286, 49.67078], [18.59852, 49.75517], [18.59207, 49.76377], [18.56885, 49.81792], [18.57645, 49.83917], [18.59383, 49.8522], [18.56962, 49.86064], [18.55921, 49.90719], [18.54443, 49.91298], [18.5174, 49.9018], [18.42291, 49.91765], [18.36883, 49.93204], [18.32852, 49.92884], [18.33493, 49.92543], [18.30527, 49.91406], [18.26416, 49.93149], [18.25587, 49.94605], [18.24398, 49.95173], [18.22342, 49.95449], [18.16202, 49.98124], [18.09922, 49.99277], [18.088, 50.00689], [18.09164, 50.01721], [18.03325, 50.0418], [18.00245, 50.04677], [18.00689, 50.02413], [18.01791, 50.02384], [17.98379, 49.99907], [17.94157, 49.99276], [17.9292, 49.98565], [17.8748, 49.97227], [17.83125, 49.9833], [17.7917, 50.00659], [17.74303, 50.06056], [17.72257, 50.07514], [17.71947, 50.08087], [17.73197, 50.09488], [17.67761, 50.10774], [17.66502, 50.10542], [17.62705, 50.11641], [17.59629, 50.1395], [17.58936, 50.15747], [17.62217, 50.16735], [17.67533, 50.17472], [17.73817, 50.20236], [17.74758, 50.2175], [17.7351, 50.23229], [17.72636, 50.27098], [17.73445, 50.28949], [17.70799, 50.31104], [17.69104, 50.31507], [17.68453, 50.31238], [17.67637, 50.2974], [17.65469, 50.28423], [17.55469, 50.26408], [17.517, 50.26835], [17.46935, 50.26556], [17.4555, 50.25478], [17.41523, 50.25478], [17.38801, 50.27264], [17.3782, 50.27216], [17.33381, 50.29299], [17.31908, 50.30825], [17.33747, 50.313], [17.3168, 50.31864], [17.2806, 50.31796], [17.19122, 50.35989], [17.18761, 50.37848], [17.15318, 50.37774], [17.10482, 50.38872], [17.08467, 50.39796], [16.94459, 50.42004], [16.91579, 50.43108], [16.89295, 50.43294], [16.86577, 50.4224], [16.86587, 50.40845], [16.88501, 50.3904], [16.92654, 50.31926], [16.95246, 50.3042], [16.99336, 50.25972], [16.98965, 50.23691], [16.96034, 50.23197], [16.95762, 50.22504], [16.9333, 50.21603], [16.919, 50.21709], [16.89531, 50.20195], [16.84701, 50.1882], [16.81771, 50.18676], [16.79528, 50.17441], [16.72529, 50.11606], [16.6791, 50.09746], [16.63916, 50.10215], [16.59668, 50.12192], [16.55025, 50.17575], [16.53504, 50.20774], [16.50577, 50.22732], [16.43779, 50.29796], [16.39717, 50.31225], [16.3509, 50.34492], [16.35076, 50.36065], [16.34374, 50.36995], [16.29131, 50.37188], [16.23752, 50.39161], [16.21035, 50.42373], [16.24072, 50.45469], [16.28252, 50.48301], [16.32303, 50.49256], [16.35262, 50.49278], [16.39117, 50.52183], [16.39092, 50.53909], [16.41122, 50.56372], [16.4259, 50.56756], [16.41681, 50.58663], [16.33164, 50.64404], [16.30095, 50.6551], [16.23201, 50.66089], [16.21909, 50.65913], [16.21061, 50.64709], [16.13972, 50.63866], [16.12866, 50.64404], [16.08649, 50.64678], [16.05179, 50.62541], [16.00723, 50.61162], [15.99287, 50.62187], [15.99864, 50.63557], [15.98448, 50.6629], [15.95802, 50.68688], [15.94149, 50.68838], [15.89378, 50.67697], [15.81612, 50.70978], [15.79762, 50.72977], [15.79224, 50.74269], [15.76744, 50.74419], [15.73289, 50.73888], [15.65677, 50.74752], [15.64187, 50.75577], [15.44178, 50.80021], [15.39463, 50.79629], [15.3544, 50.81177], [15.34101, 50.83173], [15.31703, 50.84215], [15.27705, 50.88301], [15.26385, 50.93705], [15.2698, 50.95265], [15.25378, 50.96903], [15.22711, 50.97741], [15.16751, 50.98212], [15.15611, 51.00784], [15.14443, 51.01156], [15.13151, 51.00583], [15.12294, 50.99336], [15.02299, 51.00965], [15.00397, 51.02069], [15.00141, 51.01311], [14.99375, 51.01436], [14.98455, 51.00232], [14.96098, 50.99265], [14.96522, 50.98133], [14.98701, 50.96809], [14.98994, 50.92725], [14.98206, 50.91467], [14.98291, 50.88657], [14.90089, 50.86285], [14.8104, 50.85901], [14.81426, 50.87163], [14.83488, 50.89902], [14.86021, 50.91684], [14.95529, 51.06404], [14.97028, 51.11428], [14.97999, 51.1228], [14.98278, 51.15165], [15.00279, 51.21145], [15.02206, 51.23677], [15.01431, 51.24266], [15.01948, 51.27168], [14.99211, 51.30074], [14.95349, 51.37644], [14.94692, 51.42291], [14.9554, 51.43541], [14.94506, 51.44919], [14.91096, 51.46898], [14.84453, 51.48385], [14.72471, 51.52388], [14.71094, 51.54492], [14.72143, 51.57602], [14.74394, 51.60664], [14.74228, 51.63297], [14.73246, 51.65835], [14.71955, 51.67563], [14.68135, 51.69819], [14.63622, 51.75525], [14.63418, 51.76901], [14.62044, 51.78044], [14.60166, 51.83237], [14.68709, 51.9119], [14.69557, 51.93146], [14.69772, 51.96888], [14.71982, 52.01944], [14.74356, 52.06296], [14.7614, 52.07667], [14.70459, 52.11021], [14.69303, 52.14793], [14.70704, 52.17945], [14.70046, 52.18578], [14.70436, 52.20916], [14.7121, 52.21544], [14.71241, 52.23591], [14.69691, 52.25348], [14.64707, 52.26411], [14.61562, 52.27764], [14.58773, 52.30207], [14.59015, 52.30942], [14.55545, 52.3637], [14.57458, 52.44062], [14.59159, 52.4498], [14.61578, 52.47328], [14.63232, 52.49675], [14.62766, 52.50742], [14.61288, 52.51567], [14.61943, 52.52852], [14.61448, 52.53403], [14.64482, 52.57692], [14.61371, 52.59253], [14.54994, 52.63619], [14.51493, 52.64465], [14.42788, 52.69093], [14.3977, 52.72712], [14.3822, 52.73815], [14.24867, 52.79458], [14.21601, 52.81799], [14.20267, 52.82157], [14.14805, 52.86335], [14.16082, 52.87675], [14.16495, 52.89566], [14.15056, 52.94342], [14.19293, 52.98167], [14.25373, 53.00087], [14.34334, 53.04862], [14.38954, 53.13167], [14.38722, 53.14673], [14.41094, 53.19902], [14.41235, 53.21809], [14.44163, 53.25184], [14.4141, 53.27004], [14.41455, 53.2835], [14.37032, 53.3923], [14.35988, 53.44408], [14.3389, 53.46521], [14.29873, 53.55644], [14.29704, 53.59776], [14.27872, 53.63169], [14.26727, 53.7002], [14.29168, 53.70527], [14.30486, 53.71255], [14.3057, 53.71781], [14.38994, 53.69654], [14.41456, 53.68236], [14.48879, 53.67147], [14.53224, 53.65674], [14.59059, 53.59837], [14.59588, 53.6013], [14.60157, 53.62665], [14.62379, 53.63923], [14.62379, 53.65282], [14.57698, 53.65933], [14.55215, 53.70732], [14.56305, 53.7467], [14.57594, 53.76952], [14.58741, 53.7635], [14.62379, 53.76952], [14.61671, 53.79475], [14.63063, 53.85151], [14.62379, 53.85151], [14.62135, 53.83954], [14.61354, 53.83161], [14.58961, 53.81733], [14.59588, 53.81049], [14.58709, 53.81265], [14.5691, 53.82416], [14.58961, 53.83784], [14.57586, 53.8548], [14.55209, 53.86278], [14.44117, 53.86961], [14.42555, 53.87983], [14.43816, 53.89932], [14.4319, 53.90615], [14.42205, 53.89614], [14.3851, 53.89728], [14.36305, 53.87938], [14.40919, 53.87157], [14.41765, 53.86514], [14.4157, 53.85301], [14.41042, 53.84854], [14.35088, 53.85874], [14.22963, 53.86935], [14.21202, 53.87592], [14.19824, 53.91904], [14.21005, 53.93846], [14.26808, 53.92182], [14.36704, 53.91698], [14.40675, 53.92182], [14.49811, 53.95687], [14.73684, 54.02279], [14.82065, 54.04059], [15.0101, 54.06981], [15.28834, 54.13886], [15.66578, 54.19843], [15.81504, 54.23811], [15.89101, 54.25228], [16.02084, 54.26179], [16.12611, 54.2803], [16.06935, 54.26301], [16.09108, 54.25397], [16.17921, 54.26301], [16.17921, 54.26919], [16.17237, 54.26919], [16.17237, 54.2766], [16.22006, 54.2766], [16.21957, 54.28148], [16.21323, 54.28351], [16.21518, 54.29963], [16.19841, 54.3001], [16.23935, 54.33306], [16.26603, 54.34745], [16.23178, 54.32258], [16.27491, 54.33047], [16.28883, 54.34024], [16.3239, 54.34992], [16.33676, 54.35859], [16.32488, 54.37311], [16.30541, 54.37347], [16.37559, 54.43686], [16.43599, 54.47522], [16.43442, 54.47236], [16.44451, 54.46988], [16.46062, 54.47346], [16.4734, 54.48212], [16.47975, 54.49555], [16.47417, 54.49946], [16.56053, 54.55391], [16.77849, 54.57514], [16.93995, 54.60602], [17.01644, 54.65472], [17.27051, 54.73083], [17.53854, 54.77103], [17.71567, 54.79043], [17.85135, 54.81736], [18.11021, 54.83608], [18.31782, 54.83813], [18.3348, 54.83449], [18.37582, 54.81513], [18.41017, 54.80829], [18.75882, 54.68474], [18.79961, 54.63335], [18.77309, 54.64033], [18.70777, 54.70124], [18.65455, 54.71015], [18.64503, 54.71955], [18.49822, 54.76537], [18.45631, 54.78767], [18.44776, 54.78998], [18.42921, 54.78168], [18.4131, 54.74653], [18.4131, 54.73192], [18.44776, 54.71825], [18.47435, 54.68615], [18.47039, 54.66673], [18.48194, 54.65961], [18.47592, 54.64008], [18.48732, 54.63178], [18.50761, 54.63504], [18.56901, 54.54071], [18.56756, 54.48786], [18.57407, 54.45038], [18.58806, 54.43366], [18.63429, 54.41694], [18.69435, 54.40453], [18.7173, 54.38203], [18.88592, 54.35017], [18.92319, 54.34854], [18.94069, 54.35418], [19.00213, 54.34492], [19.37721, 54.37763], [19.45997, 54.40103], [19.53102, 54.41494], [19.59254, 54.45238], [19.60955, 54.45673], [19.63077, 54.44665], [19.68028, 54.43668], [22.69839, 54.34294], [22.76722, 54.35627], [22.78603, 54.36521], [22.82373, 54.3958], [22.88561, 54.39115], [22.97676, 54.36636], [22.98974, 54.35338], [23.01592, 54.34785], [23.03388, 54.32339], [23.03211, 54.30955], [23.0501, 54.29483], [23.08961, 54.299], [23.16899, 54.28173], [23.19727, 54.26785], [23.28232, 54.24033], [23.37012, 54.20049], [23.39147, 54.1801], [23.40731, 54.17508], [23.45361, 54.14346], [23.48135, 54.079], [23.48296, 54.00804], [23.45927, 53.99231], [23.45865, 53.98162], [23.46289, 53.97252], [23.47797, 53.96188], [23.48574, 53.9366], [23.48687, 53.90999], [23.51139, 53.86013], [23.52986, 53.78416], [23.54518, 53.75943], [23.59094, 53.61125], [23.67579, 53.4557], [23.69852, 53.42745], [23.76599, 53.31109], [23.78297, 53.27094], [23.80243, 53.24102], [23.85918, 53.11211], [23.86519, 53.09392], [23.85935, 53.06798], [23.86793, 53.05103], [23.88329, 53.03911], [23.88711, 53.02754], [23.90448, 52.93185], [23.90203, 52.91253], [23.9097, 52.90083], [23.91631, 52.81875], [23.91543, 52.77026], [23.90127, 52.70361], [23.84473, 52.66421], [23.61894, 52.59455], [23.56903, 52.58589], [23.48046, 52.55442], [23.3923, 52.50964], [23.21205, 52.3475], [23.16564, 52.28939], [23.17625, 52.28506], [23.19705, 52.2569], [23.18973, 52.24053], [23.21226, 52.23167], [23.29189, 52.22158], [23.39241, 52.1891], [23.38847, 52.18415], [23.39137, 52.1825], [23.4043, 52.18557], [23.4584, 52.16953], [23.4975, 52.14289], [23.5125, 52.12444], [23.55141, 52.12102], [23.59795, 52.10308], [23.6333, 52.06958], [23.65244, 52.04038], [23.65117, 51.97759], [23.62867, 51.94634], [23.62176, 51.91041], [23.60742, 51.87978], [23.60572, 51.85159], [23.59456, 51.8433], [23.62568, 51.80933], [23.58994, 51.7715], [23.56035, 51.75454], [23.55632, 51.74736], [23.54482, 51.71025], [23.54197, 51.65995], [23.53244, 51.65897], [23.53244, 51.6515], [23.54116, 51.6456], [23.5434, 51.59274], [23.57399, 51.5553], [23.56035, 51.5553], [23.57275, 51.53967], [23.59517, 51.53346], [23.61482, 51.49722], [23.62469, 51.49295], [23.64867, 51.46212], [23.64872, 51.45397], [23.6615, 51.44218], [23.67969, 51.39492], [23.66401, 51.36477], [23.63404, 51.3393], [23.62867, 51.32596], [23.63518, 51.3047], [23.68012, 51.29533], [23.69603, 51.28035], [23.74266, 51.21625], [23.76519, 51.19902], [23.79873, 51.18568], [23.85847, 51.13082], [23.85449, 51.12153], [23.88656, 51.08486], [23.90959, 51.04359], [23.91599, 51.02087], [23.91175, 51.00681], [23.93498, 50.9981], [23.97934, 50.93751], [24.0958, 50.87275], [24.10576, 50.84497], [24.08834, 50.83493], [24.04693, 50.82909], [24.02048, 50.83855], [23.99288, 50.83623], [23.96994, 50.82517], [23.95764, 50.80801], [23.9595, 50.78889], [23.97428, 50.77618], [23.99659, 50.7696], [24.01785, 50.75007], [24.01283, 50.74331], [24.02688, 50.72802], [24.04769, 50.71974], [24.09473, 50.61704], [24.08528, 50.60441], [24.09223, 50.5718], [24.08994, 50.53047], [24.05043, 50.50606], [24.01066, 50.49278], [24.00939, 50.46179], [23.97266, 50.41006], [23.81182, 50.38989], [23.74752, 50.38938], [23.713, 50.3824], [23.6822, 50.36824], [23.66462, 50.33956], [23.64902, 50.32705], [23.50615, 50.22983], [23.43643, 50.19347], [23.20792, 50.03395], [23.16654, 49.99826], [23.10146, 49.95711], [22.79436, 49.68269], [22.76619, 49.67423], [22.74511, 49.63998], [22.66583, 49.56736], [22.64092, 49.52876], [22.66864, 49.46616], [22.67679, 49.42448], [22.69803, 49.40177], [22.71992, 49.35381], [22.73242, 49.29517], [22.72197, 49.24097], [22.70293, 49.19503], [22.68175, 49.16124], [22.68784, 49.15592], [22.70572, 49.16883], [22.71852, 49.16294], [22.71637, 49.16057], [22.75817, 49.1375], [22.77807, 49.12031], [22.84707, 49.08125], [22.85028, 49.06931], [22.83975, 49.03892], [22.80977, 49.02075], [22.77864, 49.02626], [22.75533, 49.04471], [22.69314, 49.04244], [22.56072, 49.08553], [22.53867, 49.0727], [22.50501, 49.08341], [22.46032, 49.08468], [22.36388, 49.11032], [22.33944, 49.12646], [22.31815, 49.13199], [22.2855, 49.13117], [22.2069, 49.15206], [22.20891, 49.16398], [22.19795, 49.17199], [22.15568, 49.17152], [22.11155, 49.18863], [22.07171, 49.1936], [22.02012, 49.20952], [21.99321, 49.27818], [21.96448, 49.30857], [21.92841, 49.33079], [21.87456, 49.34836], [21.81958, 49.37725], [21.79942, 49.37482], [21.785, 49.36618], [21.71894, 49.38046], [21.69173, 49.40215], [21.66361, 49.40203], [21.6199, 49.42334], [21.60119, 49.42649], [21.52069, 49.41887], [21.32724, 49.42889], [21.26054, 49.44944], [21.24245, 49.44127], [21.23019, 49.42941], [21.13884, 49.41742], [21.10944, 49.42458], [21.05353, 49.41445], [21.03327, 49.39967], [21.04999, 49.38878], [20.99403, 49.33683], [20.94727, 49.31709], [20.86846, 49.3147], [20.79951, 49.32866], [20.72859, 49.37], [20.68952, 49.4005], [20.60528, 49.40003], [20.58435, 49.38761], [20.53457, 49.3812], [20.47459, 49.39017], [20.43754, 49.40252], [20.42194, 49.40019], [20.42203, 49.39205], [20.40469, 49.38408], [20.35998, 49.38427], [20.31765, 49.39161], [20.30742, 49.3866], [20.29904, 49.36405], [20.23652, 49.33765], [20.19198, 49.32862], [20.15129, 49.30632], [20.13586, 49.30888], [20.09696, 49.25169], [20.08604, 49.24304], [20.08354, 49.22768], [20.05762, 49.1813], [19.99074, 49.20024], [19.96574, 49.21565], [19.93794, 49.22511], [19.9059, 49.22278], [19.86895, 49.204], [19.80225, 49.19233], [19.75664, 49.20439], [19.76821, 49.2366], [19.78962, 49.25947], [19.80626, 49.26526], [19.80864, 49.2709], [19.78763, 49.28788], [19.78952, 49.30919], [19.78363, 49.35756], [19.76926, 49.39311], [19.76006, 49.39766], [19.72955, 49.38965], [19.66416, 49.39605], [19.63027, 49.40664], [19.6286, 49.42959], [19.6348, 49.44132], [19.6013, 49.44154], [19.59307, 49.44712], [19.528, 49.51357], [19.5052, 49.56338], [19.48196, 49.57342], [19.45734, 49.59806], [19.4376, 49.60013], [19.38623, 49.56362], [19.30234, 49.52485], [19.265, 49.52147], [19.2341, 49.50721], [19.22046, 49.493], [19.20475, 49.46119], [19.14941, 49.4], [19.08801, 49.39872], [19.0676, 49.40613], [19.03207, 49.39756], [18.96836, 49.39624], [18.9534, 49.46168], [18.95236, 49.47595], [18.96115, 49.49279], [18.93221, 49.50432], [18.8333, 49.51066], [18.83743, 49.52695]]]}}, {"type": "Feature", "properties": {"bidding_zone": "PT"}, "geometry": {"type": "Polygon", "coordinates": [[[-7.1662, 38.80342], [-7.27043, 38.73751], [-7.28071, 38.72043], [-7.29095, 38.67909], [-7.28948, 38.63629], [-7.30506, 38.57063], [-7.31771, 38.55625], [-7.3358, 38.50587], [-7.34562, 38.49414], [-7.33835, 38.48586], [-7.34241, 38.46112], [-7.35921, 38.44636], [-7.31715, 38.42458], [-7.30039, 38.40762], [-7.14345, 38.2243], [-7.12687, 38.1909], [-7.10352, 38.17359], [-7.06305, 38.17754], [-7.037, 38.18809], [-6.9748, 38.19443], [-6.95757, 38.18789], [-6.9811, 38.12197], [-7.02285, 38.04473], [-7.07674, 38.02914], [-7.12326, 38.04], [-7.13985, 38.01591], [-7.18545, 38.00635], [-7.20189, 37.99097], [-7.2233, 37.99383], [-7.26583, 37.98295], [-7.2727, 37.97701], [-7.26862, 37.94924], [-7.28053, 37.91739], [-7.37891, 37.78638], [-7.42634, 37.75062], [-7.44401, 37.73015], [-7.48924, 37.6197], [-7.51434, 37.6014], [-7.51176, 37.59528], [-7.51584, 37.58094], [-7.52969, 37.56717], [-7.52912, 37.5567], [-7.52367, 37.55567], [-7.51543, 37.52934], [-7.49091, 37.50658], [-7.42881, 37.27172], [-7.43424, 37.25933], [-7.42939, 37.23675], [-7.40615, 37.17944], [-7.43044, 37.17635], [-7.46866, 37.18032], [-7.51179, 37.17178], [-7.62735, 37.11396], [-7.63516, 37.10541], [-7.70349, 37.06809], [-7.83413, 37.00571], [-7.93244, 37.00853], [-7.94953, 37.01411], [-7.95254, 37.01009], [-8.10656, 37.06928], [-8.17915, 37.0881], [-8.23956, 37.08385], [-8.33806, 37.09037], [-8.36538, 37.098], [-8.37891, 37.09307], [-8.48433, 37.10005], [-8.50711, 37.10433], [-8.53746, 37.11782], [-8.58015, 37.12397], [-8.64159, 37.11774], [-8.66922, 37.0977], [-8.71385, 37.08295], [-8.74767, 37.08295], [-8.77028, 37.07492], [-8.84844, 37.07568], [-8.93535, 37.01602], [-8.99539, 37.03165], [-8.9722, 37.08017], [-8.94179, 37.11871], [-8.91356, 37.16991], [-8.91823, 37.18506], [-8.90708, 37.21138], [-8.88136, 37.23248], [-8.86709, 37.27672], [-8.87344, 37.29083], [-8.8473, 37.35256], [-8.83866, 37.36032], [-8.83336, 37.38459], [-8.81599, 37.41791], [-8.79786, 37.4896], [-8.7955, 37.53536], [-8.80131, 37.55906], [-8.81826, 37.58171], [-8.81855, 37.59243], [-8.79849, 37.69789], [-8.75764, 37.70673], [-8.75219, 37.73078], [-8.75219, 37.73456], [-8.76183, 37.72777], [-8.79371, 37.72303], [-8.79185, 37.73281], [-8.80713, 37.80182], [-8.79718, 37.84487], [-8.80481, 37.90187], [-8.82067, 37.92727], [-8.86558, 37.93807], [-8.87895, 37.95869], [-8.81568, 38.06212], [-8.79699, 38.13325], [-8.7744, 38.18695], [-8.79507, 38.35923], [-8.82094, 38.39882], [-8.87489, 38.44603], [-8.80004, 38.43816], [-8.79857, 38.42609], [-8.75699, 38.42731], [-8.65689, 38.40595], [-8.6068, 38.41869], [-8.67273, 38.42822], [-8.73398, 38.48242], [-8.75195, 38.49232], [-8.74576, 38.51008], [-8.73717, 38.51488], [-8.73717, 38.52237], [-8.75145, 38.52643], [-8.76122, 38.53807], [-8.76423, 38.55207], [-8.75764, 38.5633], [-8.77335, 38.56533], [-8.79296, 38.5336], [-8.81286, 38.52855], [-8.81286, 38.52237], [-8.79064, 38.51992], [-8.78319, 38.50952], [-8.79888, 38.51816], [-8.86162, 38.50996], [-8.91479, 38.51211], [-8.95489, 38.50514], [-8.9643, 38.49657], [-9.096, 38.45522], [-9.18672, 38.43818], [-9.21328, 38.4481], [-9.21254, 38.45486], [-9.19003, 38.47253], [-9.18387, 38.50413], [-9.18379, 38.55154], [-9.20807, 38.59742], [-9.23846, 38.63541], [-9.24885, 38.6574], [-9.20463, 38.67632], [-9.14504, 38.68107], [-9.12413, 38.67097], [-9.11392, 38.65888], [-9.10774, 38.65888], [-9.11392, 38.67939], [-9.0524, 38.69367], [-9.0524, 38.6999], [-9.02117, 38.72653], [-8.94262, 38.77558], [-8.96426, 38.81485], [-8.97029, 38.83544], [-8.96312, 38.85065], [-8.98632, 38.84943], [-9.00049, 38.90303], [-8.93809, 38.9981], [-8.85754, 39.04213], [-8.82653, 39.04926], [-8.79035, 39.07062], [-8.76513, 39.09772], [-8.80204, 39.0765], [-8.86748, 39.06597], [-8.89192, 39.05192], [-8.92272, 39.04926], [-8.93586, 39.04072], [-9.00353, 38.95775], [-9.0728, 38.85884], [-9.10025, 38.83023], [-9.10547, 38.805], [-9.13579, 38.74277], [-9.2523, 38.71279], [-9.35674, 38.6979], [-9.4102, 38.70752], [-9.47412, 38.73086], [-9.47974, 38.79878], [-9.47655, 38.83346], [-9.4555, 38.85047], [-9.42272, 38.9314], [-9.42723, 38.99789], [-9.41728, 39.08614], [-9.3837, 39.13403], [-9.35086, 39.19731], [-9.34059, 39.26683], [-9.35407, 39.31623], [-9.37195, 39.34097], [-9.33327, 39.37804], [-9.2608, 39.41844], [-9.24031, 39.42], [-9.22789, 39.40843], [-9.2176, 39.4062], [-9.20592, 39.41547], [-9.21353, 39.42862], [-9.22989, 39.44074], [-9.18287, 39.49258], [-9.13569, 39.51618], [-9.09043, 39.57927], [-9.09034, 39.61564], [-9.07795, 39.64248], [-9.07169, 39.68044], [-9.0034, 39.82172], [-8.83784, 40.11567], [-8.84172, 40.12607], [-8.82506, 40.12006], [-8.78498, 40.11872], [-8.78498, 40.12617], [-8.8011, 40.13793], [-8.81615, 40.14655], [-8.85371, 40.15368], [-8.88662, 40.17944], [-8.86995, 40.26843], [-8.79857, 40.47443], [-8.78486, 40.53682], [-8.76579, 40.58254], [-8.75695, 40.62281], [-8.74431, 40.63683], [-8.74462, 40.61905], [-8.72468, 40.64452], [-8.71028, 40.65347], [-8.69001, 40.64692], [-8.6988, 40.66795], [-8.69616, 40.67365], [-8.68639, 40.67792], [-8.67199, 40.66682], [-8.65364, 40.67719], [-8.64159, 40.69416], [-8.65746, 40.7014], [-8.66633, 40.7132], [-8.66364, 40.72407], [-8.60387, 40.73579], [-8.57266, 40.75556], [-8.64538, 40.73973], [-8.66845, 40.74746], [-8.67569, 40.75556], [-8.68283, 40.7801], [-8.64558, 40.82368], [-8.65526, 40.84492], [-8.6632, 40.81493], [-8.67052, 40.81118], [-8.67569, 40.82445], [-8.68039, 40.81767], [-8.67398, 40.9165], [-8.6551, 40.9938], [-8.66613, 41.13276], [-8.64835, 41.14663], [-8.64835, 41.15278], [-8.67622, 41.15778], [-8.73838, 41.28467], [-8.74446, 41.32811], [-8.7516, 41.33876], [-8.77962, 41.45344], [-8.77485, 41.46834], [-8.78647, 41.49107], [-8.79542, 41.54255], [-8.80609, 41.56766], [-8.81084, 41.65195], [-8.75955, 41.69493], [-8.72594, 41.70311], [-8.69616, 41.72199], [-8.78937, 41.70092], [-8.84639, 41.70518], [-8.88031, 41.7541], [-8.87204, 41.81057], [-8.87743, 41.83294], [-8.83347, 41.88033], [-8.79662, 41.90331], [-8.76277, 41.93195], [-8.75461, 41.9572], [-8.71806, 41.98337], [-8.67081, 41.99981], [-8.65807, 42.02029], [-8.58965, 42.05273], [-8.55443, 42.06007], [-8.53515, 42.06996], [-8.43667, 42.09086], [-8.34675, 42.10169], [-8.28056, 42.13168], [-8.25539, 42.13665], [-8.21309, 42.13369], [-8.20533, 42.11464], [-8.20402, 42.06955], [-8.1913, 42.06208], [-8.1709, 42.06708], [-8.13931, 42.03994], [-8.12998, 42.01816], [-8.22071, 41.92271], [-8.23022, 41.90468], [-8.23172, 41.88605], [-8.2204, 41.86819], [-8.1999, 41.8622], [-8.18125, 41.83696], [-8.17688, 41.82735], [-8.17957, 41.8107], [-8.09348, 41.80673], [-8.04857, 41.81639], [-8.01455, 41.84331], [-7.95826, 41.86671], [-7.94476, 41.86695], [-7.93844, 41.87568], [-7.92085, 41.88364], [-7.9, 41.87249], [-7.89659, 41.85794], [-7.86481, 41.85789], [-7.85074, 41.87458], [-7.69307, 41.88848], [-7.66116, 41.87491], [-7.64468, 41.87398], [-7.6144, 41.85886], [-7.62281, 41.84174], [-7.62219, 41.83233], [-7.60607, 41.82554], [-7.5671, 41.8266], [-7.53156, 41.84015], [-7.45409, 41.83475], [-7.44272, 41.80595], [-7.40708, 41.83376], [-7.35982, 41.84365], [-7.32247, 41.84541], [-7.25146, 41.8637], [-7.21865, 41.87905], [-7.19793, 41.9015], [-7.19536, 41.95522], [-7.17793, 41.97168], [-7.14712, 41.98115], [-7.05127, 41.94201], [-7.0255, 41.95047], [-6.95323, 41.94812], [-6.91712, 41.93909], [-6.85495, 41.94294], [-6.83123, 41.95395], [-6.82916, 41.96375], [-6.77552, 41.95792], [-6.7579, 41.93757], [-6.72798, 41.93085], [-6.65677, 41.93307], [-6.61826, 41.94238], [-6.57534, 41.91309], [-6.57162, 41.90496], [-6.5758, 41.8829], [-6.55752, 41.87412], [-6.55272, 41.79174], [-6.56437, 41.7575], [-6.5774, 41.73973], [-6.56308, 41.71304], [-6.55528, 41.6749], [-6.54153, 41.65891], [-6.51342, 41.65092], [-6.47714, 41.66448], [-6.3917, 41.66538], [-6.30806, 41.64219], [-6.24312, 41.60181], [-6.22168, 41.56045], [-6.21988, 41.55487], [-6.25364, 41.51752], [-6.27953, 41.497], [-6.28589, 41.48687], [-6.28295, 41.46564], [-6.29497, 41.4511], [-6.35648, 41.40804], [-6.37917, 41.39732], [-6.37592, 41.39443], [-6.40313, 41.37539], [-6.56592, 41.30371], [-6.61268, 41.27013], [-6.64664, 41.26761], [-6.69377, 41.21738], [-6.70695, 41.19433], [-6.75522, 41.15883], [-6.75899, 41.15175], [-6.75693, 41.13122], [-6.77578, 41.10771], [-6.89258, 41.05513], [-6.90683, 41.0561], [-6.92787, 41.04793], [-6.93179, 41.02912], [-6.94249, 41.016], [-6.94042, 41.00339], [-6.91043, 40.97579], [-6.85771, 40.87832], [-6.83757, 40.78524], [-6.83914, 40.75751], [-6.82761, 40.7192], [-6.81836, 40.65405], [-6.82987, 40.6182], [-6.85046, 40.58223], [-6.84839, 40.56476], [-6.83285, 40.54901], [-6.83569, 40.48315], [-6.85712, 40.44213], [-6.85128, 40.40952], [-6.82168, 40.37598], [-6.81016, 40.34311], [-6.87083, 40.29418], [-6.94236, 40.25494], [-6.95469, 40.25336], [-7.01577, 40.2255], [-7.04311, 40.18137], [-7.03484, 40.16675], [-7.02765, 40.13264], [-7.01577, 40.11905], [-6.992, 40.11504], [-6.91641, 40.05684], [-6.89609, 40.02183], [-6.91118, 39.93711], [-6.92523, 39.91793], [-6.92407, 39.90926], [-6.9612, 39.82904], [-6.99303, 39.81607], [-7.00027, 39.80253], [-6.99313, 39.77398], [-7.03672, 39.71397], [-7.04741, 39.70557], [-7.11768, 39.68169], [-7.22493, 39.68136], [-7.23576, 39.68652], [-7.25286, 39.68233], [-7.4541, 39.68066], [-7.47133, 39.67663], [-7.55729, 39.6798], [-7.51584, 39.59376], [-7.46809, 39.55025], [-7.40593, 39.50867], [-7.39941, 39.49366], [-7.33545, 39.46514], [-7.32198, 39.40751], [-7.33193, 39.38473], [-7.32665, 39.34132], [-7.31926, 39.32954], [-7.27909, 39.29755], [-7.25643, 39.26306], [-7.26433, 39.25233], [-7.26578, 39.23135], [-7.25808, 39.2113], [-7.24413, 39.19564], [-7.20281, 39.18146], [-7.17241, 39.1352], [-7.16259, 39.13307], [-7.16889, 39.12185], [-7.16749, 39.11348], [-7.15721, 39.10544], [-7.12729, 39.09749], [-7.09127, 39.11245], [-7.07448, 39.11393], [-7.04297, 39.10708], [-6.99795, 39.05644], [-7.00625, 38.98525], [-7.03479, 38.92915], [-7.06605, 38.9046], [-7.05873, 38.89424], [-7.12549, 38.82695], [-7.15101, 38.81929], [-7.1662, 38.80342]]]}}, {"type": "Feature", "properties": {"bidding_zone": "RO"}, "geometry": {"type": "Polygon", "coordinates": [[[22.8776, 47.94674], [22.91584, 47.95919], [22.92035, 47.96648], [22.98774, 47.98656], [23.02033, 47.98472], [23.06312, 48.00746], [23.09082, 48.04912], [23.13945, 48.0874], [23.20264, 48.08452], [23.27156, 48.05283], [23.36005, 47.99314], [23.39447, 47.99345], [23.46082, 47.97134], [23.48159, 47.97216], [23.50348, 47.99252], [23.62871, 47.99585], [23.66236, 47.99292], [23.82536, 47.96401], [23.84839, 47.94966], [23.85522, 47.93423], [23.87661, 47.93444], [23.92557, 47.94799], [24.00185, 47.93579], [24.05977, 47.94477], [24.10956, 47.92843], [24.13117, 47.91454], [24.2093, 47.89759], [24.23101, 47.89703], [24.31507, 47.92017], [24.34717, 47.92087], [24.38096, 47.93804], [24.46946, 47.94583], [24.50591, 47.94342], [24.57891, 47.93106], [24.65643, 47.87314], [24.66147, 47.85388], [24.67914, 47.84013], [24.74766, 47.81668], [24.83789, 47.76084], [24.87779, 47.71874], [24.8966, 47.71006], [25.01742, 47.72458], [25.07995, 47.74293], [25.12191, 47.77032], [25.16963, 47.8231], [25.46426, 47.91079], [25.75252, 47.93459], [25.81835, 47.95258], [25.87096, 47.95702], [25.90124, 47.96596], [25.96573, 47.9649], [26.02929, 47.9778], [26.12572, 47.97842], [26.17306, 47.99314], [26.19818, 48.02719], [26.2229, 48.05133], [26.25533, 48.07234], [26.27073, 48.0936], [26.2975, 48.15634], [26.29641, 48.17459], [26.30566, 48.20376], [26.42781, 48.22718], [26.5874, 48.24936], [26.62094, 48.25994], [26.70817, 48.26326], [26.74035, 48.26071], [26.74403, 48.25558], [26.76372, 48.25274], [26.7873, 48.25581], [26.88578, 48.21711], [26.90397, 48.20145], [26.908, 48.18453], [26.92451, 48.19459], [26.98076, 48.15503], [26.98408, 48.15033], [26.9666, 48.14959], [26.9666, 48.14337], [26.99726, 48.13166], [27.05921, 48.05805], [27.08381, 48.04341], [27.10016, 48.02326], [27.08897, 48.01981], [27.09336, 48.00844], [27.09579, 48.0056], [27.11087, 48.01006], [27.17091, 47.93115], [27.1607, 47.92173], [27.18734, 47.90665], [27.21239, 47.86929], [27.21237, 47.84793], [27.23108, 47.84098], [27.23684, 47.82116], [27.2192, 47.81378], [27.2453, 47.79203], [27.27942, 47.716], [27.27201, 47.71497], [27.2811, 47.69301], [27.30405, 47.66655], [27.36916, 47.60831], [27.43412, 47.56477], [27.44213, 47.53663], [27.45949, 47.53322], [27.47313, 47.49178], [27.51398, 47.47783], [27.57668, 47.39194], [27.57235, 47.3752], [27.59894, 47.36133], [27.63695, 47.30667], [27.68232, 47.29525], [27.75252, 47.24025], [27.77451, 47.21632], [27.80744, 47.16298], [27.80588, 47.15823], [27.79466, 47.15583], [27.80655, 47.14462], [27.83519, 47.13397], [27.84848, 47.12007], [27.84376, 47.11439], [27.93843, 47.06106], [27.93874, 47.04664], [27.96313, 47.04338], [27.99171, 47.03159], [28.07178, 46.97842], [28.10074, 46.90942], [28.09687, 46.90262], [28.10526, 46.89867], [28.11309, 46.87143], [28.12418, 46.8536], [28.12152, 46.8343], [28.17813, 46.74802], [28.1781, 46.73984], [28.21123, 46.69406], [28.23945, 46.64082], [28.23258, 46.58648], [28.22544, 46.56956], [28.22799, 46.55025], [28.2211, 46.54119], [28.21903, 46.50373], [28.24434, 46.45127], [28.21927, 46.39315], [28.21293, 46.38869], [28.20235, 46.35391], [28.19035, 46.35107], [28.19141, 46.32626], [28.17576, 46.28566], [28.13521, 46.26932], [28.13108, 46.2624], [28.13211, 46.23992], [28.10896, 46.23413], [28.11098, 46.2256], [28.14024, 46.19345], [28.11914, 46.13867], [28.11611, 46.11273], [28.1008, 46.08199], [28.09015, 46.07336], [28.09687, 46.05967], [28.08271, 46.01471], [28.09971, 45.97263], [28.11357, 45.88306], [28.1133, 45.82537], [28.1359, 45.78554], [28.15625, 45.71309], [28.15977, 45.64712], [28.13086, 45.62827], [28.10772, 45.6244], [28.09118, 45.61598], [28.06214, 45.5936], [28.09823, 45.58011], [28.11191, 45.56914], [28.16568, 45.50975], [28.16591, 45.49459], [28.17294, 45.48436], [28.30363, 45.36091], [28.33024, 45.32292], [28.40517, 45.29507], [28.49416, 45.27889], [28.57705, 45.24809], [28.71006, 45.22696], [28.77869, 45.23109], [28.80267, 45.24416], [28.79034, 45.24816], [28.79141, 45.2519], [28.76982, 45.26689], [28.76701, 45.28379], [28.79016, 45.29207], [28.78884, 45.31007], [28.82432, 45.31108], [28.89434, 45.28994], [28.90378, 45.29211], [28.92989, 45.2791], [28.95284, 45.28509], [28.95942, 45.30491], [29.02744, 45.32056], [29.22353, 45.40293], [29.40371, 45.41968], [29.56768, 45.3708], [29.65195, 45.31392], [29.66912, 45.29672], [29.67228, 45.27295], [29.65925, 45.24416], [29.66499, 45.23786], [29.66421, 45.22318], [29.65903, 45.21589], [29.62387, 45.2165], [29.62387, 45.21027], [29.64975, 45.1778], [29.667, 45.16421], [29.6815, 45.16314], [29.6644, 45.11693], [29.66121, 45.08246], [29.63535, 44.97964], [29.60547, 44.91548], [29.55752, 44.84341], [29.28356, 44.79723], [29.19207, 44.79287], [29.1561, 44.78441], [29.12924, 44.77122], [29.04824, 44.75757], [29.05615, 44.76751], [29.09816, 44.77538], [29.12062, 44.78657], [29.13868, 44.80402], [29.1447, 44.82665], [29.12599, 44.85248], [29.09636, 44.87507], [29.10377, 44.84028], [29.0879, 44.84272], [29.07491, 44.83615], [29.06914, 44.87114], [29.04775, 44.92568], [29.07077, 44.94958], [29.09881, 44.95698], [29.11061, 44.97004], [29.10174, 44.98029], [29.04518, 45.00483], [28.97283, 45.01097], [28.96022, 44.9877], [28.91684, 44.97968], [28.8694, 44.94335], [28.86354, 44.92231], [28.87664, 44.90485], [28.86354, 44.89155], [28.86647, 44.88264], [28.88152, 44.8697], [28.911, 44.85756], [28.92617, 44.81001], [28.87554, 44.75548], [28.80844, 44.72687], [28.78883, 44.70624], [28.78712, 44.6933], [28.79371, 44.68789], [28.80836, 44.69636], [28.80421, 44.68423], [28.78541, 44.67967], [28.78102, 44.66527], [28.78403, 44.64924], [28.79249, 44.64472], [28.84697, 44.65217], [28.84648, 44.63687], [28.83814, 44.62815], [28.77418, 44.60078], [28.79469, 44.63426], [28.76694, 44.63373], [28.75782, 44.62678], [28.75367, 44.61376], [28.76677, 44.61376], [28.76059, 44.60371], [28.76441, 44.59589], [28.78785, 44.58649], [28.74806, 44.57779], [28.73268, 44.56786], [28.73268, 44.55231], [28.74692, 44.56599], [28.77418, 44.55231], [28.75343, 44.5135], [28.74562, 44.48615], [28.75025, 44.4667], [28.75847, 44.46528], [28.76637, 44.4726], [28.77833, 44.50739], [28.7881, 44.51537], [28.80836, 44.52505], [28.85564, 44.56769], [28.88818, 44.57476], [28.85176, 44.5061], [28.8262, 44.484], [28.79672, 44.46792], [28.69922, 44.37422], [28.68361, 44.35143], [28.6644, 44.34837], [28.65122, 44.34003], [28.6351, 44.31639], [28.63103, 44.26435], [28.64797, 44.2351], [28.6506, 44.17295], [28.63624, 44.16429], [28.63087, 44.15449], [28.6558, 44.04992], [28.65859, 43.98384], [28.63172, 43.91003], [28.60939, 43.8745], [28.58448, 43.80085], [28.5892, 43.79133], [28.5788, 43.74216], [28.42344, 43.74048], [28.3752, 43.74477], [28.22197, 43.77285], [28.05, 43.82241], [27.95674, 43.91117], [27.93584, 43.9644], [27.91207, 43.99334], [27.85647, 43.98863], [27.8195, 43.97355], [27.73857, 43.9563], [27.71074, 43.9646], [27.67612, 43.99354], [27.65628, 44.02388], [27.63343, 44.02977], [27.57696, 44.01684], [27.42539, 44.02051], [27.27121, 44.08408], [27.26431, 44.08976], [27.26901, 44.1124], [27.25113, 44.12237], [27.22674, 44.12072], [27.20555, 44.12925], [27.13795, 44.13903], [27.08691, 44.16738], [27.05533, 44.16458], [27.02748, 44.17705], [27.00153, 44.16511], [26.88413, 44.15653], [26.86319, 44.14756], [26.48926, 44.08398], [26.41817, 44.06404], [26.31052, 44.05261], [26.23145, 44.02749], [26.15073, 44.01241], [26.11621, 43.99887], [26.07932, 43.96905], [26.06164, 43.94977], [26.05431, 43.93432], [25.9334, 43.87056], [25.84555, 43.79102], [25.80498, 43.76109], [25.70127, 43.71805], [25.67138, 43.71736], [25.64632, 43.70314], [25.49707, 43.6708], [25.30537, 43.67962], [25.25234, 43.70465], [25.21131, 43.71188], [25.0816, 43.71893], [24.96367, 43.7496], [24.79205, 43.74082], [24.62544, 43.76551], [24.50014, 43.7995], [24.46634, 43.80242], [24.22676, 43.76348], [23.99448, 43.783], [23.79992, 43.81846], [23.74287, 43.8427], [23.72075, 43.84583], [23.6519, 43.83471], [23.56428, 43.84879], [23.4847, 43.8806], [23.32515, 43.88659], [22.91904, 43.83447], [22.86768, 43.86455], [22.85645, 43.89902], [22.86826, 43.9479], [22.91133, 43.98721], [23.02302, 44.03163], [23.04007, 44.06232], [23.03098, 44.09307], [22.97789, 44.10802], [22.94541, 44.12729], [22.7752, 44.19521], [22.68789, 44.24829], [22.6895, 44.29172], [22.68154, 44.30531], [22.58184, 44.33833], [22.53066, 44.37798], [22.50504, 44.41874], [22.50543, 44.43501], [22.49595, 44.44526], [22.50234, 44.4896], [22.52008, 44.50702], [22.54842, 44.5117], [22.55669, 44.52147], [22.56116, 44.54272], [22.62012, 44.56235], [22.64878, 44.55992], [22.67854, 44.54555], [22.70014, 44.54183], [22.71937, 44.54436], [22.74169, 44.55186], [22.75926, 44.56467], [22.76515, 44.58281], [22.70014, 44.63061], [22.67339, 44.63292], [22.64209, 44.65098], [22.51432, 44.69987], [22.48372, 44.72399], [22.46894, 44.73019], [22.42605, 44.73365], [22.38068, 44.70053], [22.36115, 44.69205], [22.3197, 44.68534], [22.30492, 44.67738], [22.29903, 44.66167], [22.24983, 44.59836], [22.20098, 44.56069], [22.09307, 44.54194], [22.02131, 44.62209], [22.00427, 44.65154], [21.99435, 44.65857], [21.96241, 44.66229], [21.85544, 44.69846], [21.8017, 44.68389], [21.76524, 44.67851], [21.74023, 44.68066], [21.63613, 44.71045], [21.60584, 44.74532], [21.59561, 44.76595], [21.57804, 44.77768], [21.54305, 44.78075], [21.52314, 44.79009], [21.36006, 44.82666], [21.35813, 44.85825], [21.36855, 44.86486], [21.39054, 44.87042], [21.48151, 44.87261], [21.52213, 44.88078], [21.53629, 44.8893], [21.53908, 44.90847], [21.53102, 44.92465], [21.51634, 44.9339], [21.4565, 44.95235], [21.40876, 44.9583], [21.38515, 44.96982], [21.38394, 44.98666], [21.35953, 44.98868], [21.35405, 45.00402], [21.36465, 45.01699], [21.40927, 45.02397], [21.42188, 45.03141], [21.42952, 45.0573], [21.44379, 45.07291], [21.44439, 45.08545], [21.46787, 45.10986], [21.48151, 45.11156], [21.49412, 45.11931], [21.49784, 45.13187], [21.49329, 45.1451], [21.46543, 45.17188], [21.43145, 45.19253], [21.22647, 45.24131], [21.17656, 45.27333], [21.15564, 45.29517], [21.13941, 45.3037], [21.11762, 45.29289], [21.0999, 45.29355], [21.02383, 45.32153], [20.9418, 45.36533], [20.8708, 45.42754], [20.83775, 45.44491], [20.81602, 45.46286], [20.79093, 45.47047], [20.77422, 45.48442], [20.77247, 45.50001], [20.79762, 45.5165], [20.80021, 45.5305], [20.7756, 45.56796], [20.76582, 45.59746], [20.7793, 45.66201], [20.77912, 45.72367], [20.78553, 45.74341], [20.78574, 45.75256], [20.77747, 45.76232], [20.76517, 45.76677], [20.75411, 45.76356], [20.74021, 45.74492], [20.72783, 45.7374], [20.70928, 45.73525], [20.65562, 45.77731], [20.6459, 45.78873], [20.6367, 45.82702], [20.60528, 45.84614], [20.57211, 45.88769], [20.55671, 45.89844], [20.51975, 45.90512], [20.35859, 45.97549], [20.30566, 46.05357], [20.24283, 46.10809], [20.28096, 46.13301], [20.36355, 46.14535], [20.44416, 46.1469], [20.455, 46.15901], [20.50811, 46.16694], [20.55565, 46.15188], [20.60012, 46.12964], [20.66399, 46.13775], [20.68352, 46.14468], [20.69882, 46.15646], [20.70457, 46.17114], [20.72537, 46.18816], [20.73665, 46.18669], [20.74471, 46.19227], [20.73754, 46.21765], [20.76025, 46.24624], [20.83701, 46.25972], [21.01208, 46.24463], [21.03348, 46.23134], [21.05146, 46.23609], [21.08511, 46.26446], [21.11396, 46.27863], [21.13486, 46.27852], [21.14448, 46.28374], [21.16453, 46.31826], [21.16686, 46.34339], [21.1918, 46.39155], [21.23352, 46.40345], [21.25754, 46.40417], [21.2807, 46.41639], [21.27439, 46.43836], [21.26088, 46.45615], [21.25225, 46.48638], [21.26835, 46.51916], [21.29134, 46.54672], [21.29453, 46.57246], [21.32022, 46.60781], [21.39604, 46.62635], [21.42184, 46.65494], [21.45373, 46.67586], [21.48358, 46.68485], [21.50177, 46.70351], [21.50518, 46.72325], [21.48558, 46.73246], [21.47705, 46.75337], [21.49488, 46.79019], [21.54113, 46.83586], [21.57308, 46.84177], [21.58342, 46.84794], [21.59179, 46.86071], [21.588, 46.88313], [21.62198, 46.92553], [21.64853, 46.94298], [21.66755, 46.99238], [21.67137, 46.99336], [21.66176, 47.00607], [21.65246, 47.01027], [21.66143, 47.0439], [21.70786, 47.07538], [21.76377, 47.10521], [21.77474, 47.12917], [21.78545, 47.13813], [21.79265, 47.15241], [21.81989, 47.17273], [21.82599, 47.18505], [21.82358, 47.21379], [21.86928, 47.30449], [21.89922, 47.33257], [21.94463, 47.3587], [21.98153, 47.3661], [22.00158, 47.39383], [21.99708, 47.43964], [21.99971, 47.50503], [22.03799, 47.53662], [22.11363, 47.57336], [22.14855, 47.57934], [22.16209, 47.58624], [22.17284, 47.61539], [22.24463, 47.69639], [22.29062, 47.72783], [22.3375, 47.7343], [22.38264, 47.73202], [22.40735, 47.74308], [22.41748, 47.76265], [22.49141, 47.77256], [22.52847, 47.76104], [22.56299, 47.75722], [22.60123, 47.76094], [22.63772, 47.77156], [22.70386, 47.81719], [22.75182, 47.82768], [22.7603, 47.83892], [22.75325, 47.85302], [22.80301, 47.88814], [22.83605, 47.90245], [22.8776, 47.94674]]]}}, {"type": "Feature", "properties": {"bidding_zone": "SE1"}, "geometry": {"type": "Polygon", "coordinates": [[[16.31056, 67.00992], [16.39965, 67.03596], [16.41557, 67.0527], [16.44378, 67.18262], [16.43789, 67.20032], [16.12868, 67.42492], [16.19494, 67.50536], [16.36699, 67.52167], [16.42859, 67.53402], [16.48295, 67.55784], [16.58724, 67.6259], [16.60873, 67.64729], [16.68826, 67.76664], [16.78359, 67.89502], [17.01045, 67.97424], [17.22006, 68.04009], [17.27598, 68.08056], [17.32461, 68.10381], [17.9167, 67.96489], [18.16667, 68.15848], [18.18858, 68.19873], [18.1557, 68.32113], [18.14707, 68.46777], [18.1626, 68.52842], [18.31628, 68.55664], [18.37861, 68.5624], [18.55674, 68.53401], [18.64458, 68.50125], [18.70028, 68.49561], [18.87524, 68.50081], [19.05264, 68.49272], [19.25281, 68.46615], [19.93101, 68.3502], [19.97121, 68.35128], [20.01028, 68.36389], [20.24593, 68.47737], [19.96885, 68.54204], [20.15177, 68.60682], [20.23662, 68.65907], [20.33884, 68.76547], [20.35217, 68.78567], [20.35651, 68.80459], [20.34876, 68.89311], [20.34111, 68.91006], [20.1167, 69.0209], [20.62316, 69.03636], [20.67546, 69.01817], [20.72549, 69.01528], [20.89512, 68.97983], [20.90703, 68.96748], [20.91089, 68.9316], [20.88764, 68.92706], [20.88454, 68.9067], [20.90573, 68.89461], [21.0178, 68.87766], [21.1834, 68.82881], [21.29372, 68.76821], [21.3054, 68.7558], [21.34643, 68.75396], [21.42236, 68.72461], [21.46363, 68.68687], [21.49567, 68.6755], [21.54127, 68.67068], [21.61482, 68.65129], [21.72366, 68.60869], [21.7371, 68.58791], [21.85019, 68.57412], [22.0361, 68.50652], [22.03838, 68.48828], [22.07217, 68.47701], [22.21318, 68.47647], [22.36211, 68.46406], [22.37432, 68.46194], [22.37799, 68.45412], [22.42778, 68.45265], [22.71182, 68.40329], [22.74862, 68.38549], [22.78282, 68.39089], [22.8541, 68.36733], [22.90375, 68.33661], [22.97539, 68.31646], [23.10147, 68.25239], [23.1582, 68.17136], [23.14942, 68.13941], [23.15169, 68.13026], [23.16564, 68.12204], [23.18725, 68.12225], [23.23227, 68.13432], [23.31855, 68.13032], [23.35886, 68.08663], [23.383, 68.05125], [23.46812, 68.021], [23.57368, 67.97332], [23.59903, 67.96962], [23.63887, 67.9544], [23.63291, 67.9332], [23.54699, 67.89517], [23.49885, 67.88216], [23.48128, 67.86464], [23.47674, 67.84134], [23.4847, 67.79622], [23.48459, 67.73716], [23.49843, 67.71049], [23.51074, 67.66926], [23.54131, 67.61431], [23.53701, 67.59038], [23.5144, 67.57075], [23.47343, 67.555], [23.4847, 67.54296], [23.44346, 67.50472], [23.43126, 67.48552], [23.44366, 67.46103], [23.47715, 67.44382], [23.53788, 67.44911], [23.64238, 67.4414], [23.73359, 67.4229], [23.75412, 67.37606], [23.75145, 67.34623], [23.76916, 67.34172], [23.7749, 67.32861], [23.76094, 67.3105], [23.68966, 67.28133], [23.62226, 67.26902], [23.60272, 67.26026], [23.59146, 67.22502], [23.59673, 67.21797], [23.61492, 67.21399], [23.59756, 67.19027], [23.57399, 67.17303], [23.58133, 67.15314], [23.65576, 67.10502], [23.67044, 67.07991], [23.67672, 67.05849], [23.72034, 67.01687], [23.7438, 67.00103], [23.77657, 66.99166], [23.84885, 66.94676], [23.87361, 66.92465], [23.90027, 66.91004], [23.9418, 66.87783], [23.97607, 66.83823], [23.98857, 66.81055], [23.96419, 66.79347], [23.93924, 66.79112], [23.92477, 66.77298], [23.89242, 66.75091], [23.90013, 66.71611], [23.89414, 66.70688], [23.88716, 66.64053], [23.88188, 66.6318], [23.88465, 66.62501], [23.86553, 66.57661], [23.81846, 66.54234], [23.80767, 66.53925], [23.80693, 66.53395], [23.78551, 66.51835], [23.73109, 66.50313], [23.73109, 66.49194], [23.67683, 66.47401], [23.65244, 66.45884], [23.64231, 66.43626], [23.64665, 66.42406], [23.66587, 66.40556], [23.67703, 66.36362], [23.67641, 66.35001], [23.66277, 66.31652], [23.68944, 66.25699], [23.72416, 66.20663], [23.75, 66.18966], [23.78556, 66.17669], [23.82619, 66.17058], [23.90732, 66.14824], [23.9656, 66.0816], [23.99463, 66.06035], [24.05615, 65.97749], [24.05479, 65.94791], [24.09112, 65.91686], [24.15099, 65.81304], [24.14031, 65.80451], [24.10515, 65.80183], [24.03273, 65.80972], [24.05228, 65.7963], [24.00636, 65.7923], [23.98015, 65.79487], [23.95591, 65.78791], [23.89053, 65.78223], [23.8743, 65.786], [23.87184, 65.79487], [23.85657, 65.79012], [23.76884, 65.81052], [23.76197, 65.82225], [23.73943, 65.82929], [23.6902, 65.83015], [23.60835, 65.80912], [23.52801, 65.81], [23.48414, 65.81586], [23.49057, 65.82978], [23.48357, 65.83438], [23.45737, 65.83015], [23.44996, 65.81586], [23.42432, 65.80438], [23.37222, 65.80009], [23.37428, 65.8227], [23.35279, 65.82136], [23.31219, 65.79605], [23.28972, 65.79584], [23.23024, 65.8227], [23.19597, 65.82697], [23.18377, 65.81965], [23.18238, 65.80223], [23.19077, 65.78986], [23.20951, 65.77982], [23.15459, 65.7499], [23.10234, 65.73535], [23.06902, 65.74466], [23.04591, 65.76122], [23.00088, 65.7637], [22.93021, 65.78344], [22.91489, 65.79605], [22.89608, 65.79785], [22.81403, 65.83797], [22.78517, 65.86433], [22.67302, 65.90571], [22.65301, 65.90839], [22.63429, 65.90522], [22.67254, 65.88178], [22.68214, 65.87108], [22.68836, 65.84125], [22.62031, 65.80654], [22.53857, 65.79434], [22.52448, 65.80553], [22.53199, 65.80972], [22.5184, 65.82266], [22.47242, 65.84686], [22.47731, 65.85688], [22.40553, 65.86392], [22.37013, 65.86172], [22.36719, 65.84317], [22.32594, 65.83698], [22.35262, 65.81946], [22.34025, 65.79848], [22.3191, 65.80223], [22.33332, 65.78896], [22.28428, 65.74389], [22.24464, 65.76024], [22.20924, 65.76122], [22.24985, 65.73574], [22.27752, 65.73013], [22.27284, 65.69842], [22.25758, 65.69302], [22.26808, 65.68122], [22.25758, 65.66503], [22.26929, 65.65462], [22.26703, 65.62686], [22.18922, 65.62409], [22.26157, 65.61195], [22.254, 65.59756], [22.05128, 65.61734], [22.0062, 65.64179], [21.96388, 65.64671], [21.92986, 65.6634], [21.85279, 65.67829], [21.80958, 65.7106], [21.76417, 65.72773], [21.78777, 65.68671], [21.84791, 65.66096], [21.97023, 65.63154], [22.05274, 65.59764], [22.09448, 65.58868], [22.09629, 65.58379], [22.13281, 65.57012], [22.14756, 65.55288], [22.08285, 65.53027], [21.91885, 65.53059], [21.87469, 65.53685], [21.85353, 65.53535], [21.95, 65.47036], [21.91348, 65.43711], [21.87959, 65.42402], [21.73687, 65.4092], [21.7059, 65.4145], [21.68832, 65.41234], [21.69579, 65.40494], [21.68066, 65.40337], [21.62475, 65.40567], [21.61004, 65.41865], [21.54444, 65.41181], [21.54444, 65.40559], [21.5577, 65.40298], [21.5463, 65.39552], [21.48911, 65.39338], [21.46998, 65.37763], [21.48976, 65.37084], [21.4489, 65.35716], [21.49155, 65.34829], [21.54298, 65.31859], [21.56568, 65.31586], [21.58232, 65.32048], [21.596, 65.31655], [21.61269, 65.29912], [21.60918, 65.26138], [21.56689, 65.25454], [21.5168, 65.28222], [21.47429, 65.31403], [21.40895, 65.3332], [21.34555, 65.37279], [21.31227, 65.37084], [21.33277, 65.364], [21.31951, 65.35139], [21.27784, 65.35004], [21.26441, 65.33666], [21.39137, 65.32184], [21.41474, 65.31192], [21.43779, 65.28296], [21.50635, 65.24536], [21.546, 65.20698], [21.58066, 65.16079], [21.57635, 65.13837], [21.54444, 65.13744], [21.55714, 65.13117], [21.5625, 65.11711], [21.49012, 65.06219], [21.47926, 65.06232], [21.46705, 65.05549], [21.47195, 65.04839], [21.42125, 65.01071], [21.32561, 64.95862], [21.24342, 64.95311], [21.24147, 64.94538], [21.25221, 64.93256], [21.24684, 64.92178], [21.22788, 64.90656], [21.2024, 64.8985], [21.20771, 64.88467], [21.1727, 64.85342], [21.15435, 64.8278], [21.11305, 64.82274], [21.09734, 64.82754], [21.08522, 64.85757], [21.0691, 64.86074], [21.05356, 64.85668], [21.042, 64.84687], [21.03736, 64.83271], [21.04233, 64.81989], [21.08522, 64.80915], [21.07895, 64.79487], [21.09718, 64.78531], [21.15398, 64.7812], [21.18418, 64.78502], [21.20498, 64.77432], [21.24179, 64.74975], [21.22918, 64.74771], [21.24627, 64.73086], [21.28779, 64.7092], [21.29715, 64.69212], [21.28875, 64.68684], [21.29135, 64.67935], [21.30494, 64.67194], [21.30494, 64.66572], [21.27866, 64.67088], [21.23129, 64.694], [21.18483, 64.70673], [21.14389, 64.73298], [21.11988, 64.72968], [21.10914, 64.71638], [21.11118, 64.69937], [21.12273, 64.68305], [21.14039, 64.67194], [21.23194, 64.66108], [21.25025, 64.64399], [21.2317, 64.64265], [21.23219, 64.633], [21.24513, 64.62202], [21.30494, 64.6105], [21.31886, 64.59268], [21.34392, 64.5727], [21.3628, 64.57221], [21.36258, 64.58699], [21.39385, 64.54434], [21.41609, 64.52997], [21.38657, 64.52171], [21.36459, 64.54169], [21.34986, 64.53815], [21.34734, 64.53197], [21.36695, 64.52798], [21.38608, 64.51032], [21.39918, 64.50519], [21.42254, 64.51463], [21.4384, 64.51555], [21.48735, 64.48394], [21.47771, 64.47167], [21.47967, 64.46084], [21.49195, 64.45433], [21.51451, 64.45357], [21.49434, 64.41611], [21.46504, 64.37959], [21.35659, 64.33792], [21.31853, 64.36408], [21.32423, 64.34663], [21.31853, 64.32933], [21.32526, 64.32588], [21.26526, 64.30282], [21.24391, 64.30707], [21.16015, 64.25034], [21.10339, 64.22136], [21.07895, 64.22687], [21.03898, 64.18848], [15.48321, 66.33617], [15.43779, 66.44498], [15.42627, 66.49121], [15.66946, 66.59942], [15.89425, 66.77476], [16.23769, 66.97642], [16.31056, 67.00992]]]}}, {"type": "Feature", "properties": {"bidding_zone": "SE2"}, "geometry": {"type": "Polygon", "coordinates": [[[20.96079, 64.11286], [20.7627, 63.86782], [20.72509, 63.84945], [20.68474, 63.84846], [20.67482, 63.84272], [20.66993, 63.82909], [20.67433, 63.82549], [20.63808, 63.81699], [20.61264, 63.82221], [20.5706, 63.80116], [20.54031, 63.79405], [20.52931, 63.80878], [20.50343, 63.82201], [20.45831, 63.77481], [20.43445, 63.76184], [20.41358, 63.76756], [20.4192, 63.75934], [20.41621, 63.75058], [20.37139, 63.7229], [20.36208, 63.71952], [20.35239, 63.73871], [20.33888, 63.75015], [20.32545, 63.75397], [20.31666, 63.74006], [20.31754, 63.70337], [20.2706, 63.68635], [20.28256, 63.70669], [20.28663, 63.72077], [20.28443, 63.73286], [20.2649, 63.71971], [20.2461, 63.69823], [20.23613, 63.67385], [20.20469, 63.66245], [20.11232, 63.64598], [20.09205, 63.66454], [20.05348, 63.6634], [20.02003, 63.64745], [20.01108, 63.6341], [20.01233, 63.62814], [19.95702, 63.61828], [19.93775, 63.61986], [19.88697, 63.60309], [19.8735, 63.58853], [19.75318, 63.52432], [19.75034, 63.51423], [19.7557, 63.50559], [19.72207, 63.46333], [19.65576, 63.45801], [19.63879, 63.46556], [19.63705, 63.47834], [19.61297, 63.48583], [19.61915, 63.50007], [19.57862, 63.52119], [19.52638, 63.5305], [19.49252, 63.5528], [19.47023, 63.56147], [19.4463, 63.56086], [19.42042, 63.54853], [19.46876, 63.53425], [19.4546, 63.50894], [19.46705, 63.50088], [19.49914, 63.49536], [19.49474, 63.47653], [19.46144, 63.46894], [19.49236, 63.44632], [19.49463, 63.42437], [19.41522, 63.45443], [19.37257, 63.47956], [19.3462, 63.48591], [19.34874, 63.4734], [19.32201, 63.45373], [19.29322, 63.46654], [19.28077, 63.45942], [19.27613, 63.44269], [19.27651, 63.41055], [19.23633, 63.34736], [19.19363, 63.32418], [19.15659, 63.31904], [19.13307, 63.30829], [19.14729, 63.29903], [19.06661, 63.25524], [19.05738, 63.26048], [19.03438, 63.23774], [18.95686, 63.24477], [18.886, 63.27253], [18.87289, 63.26919], [18.87916, 63.25308], [18.87535, 63.25216], [18.76905, 63.26215], [18.7352, 63.25308], [18.75563, 63.24274], [18.85019, 63.22412], [18.85898, 63.20659], [18.81943, 63.19727], [18.75471, 63.1971], [18.75294, 63.20767], [18.8239, 63.21206], [18.8239, 63.21955], [18.72901, 63.232], [18.70045, 63.22578], [18.71412, 63.21922], [18.72838, 63.19092], [18.66719, 63.17656], [18.56446, 63.17792], [18.56446, 63.17113], [18.60034, 63.16729], [18.57529, 63.12327], [18.55698, 63.11652], [18.53842, 63.08466], [18.52296, 63.07551], [18.53961, 63.07551], [18.532, 63.06531], [18.43897, 63.04411], [18.41928, 63.05313], [18.38787, 63.05419], [18.37208, 63.04755], [18.40086, 63.03692], [18.35645, 63.03316], [18.34311, 63.03954], [18.33882, 63.02595], [18.32423, 63.01411], [18.29982, 63.00666], [18.24171, 62.99982], [18.26645, 62.9903], [18.50205, 62.98887], [18.48596, 62.95185], [18.41814, 62.96931], [18.40333, 62.96483], [18.39259, 62.94522], [18.4546, 62.92475], [18.48282, 62.92976], [18.46701, 62.90237], [18.40008, 62.91108], [18.41505, 62.89716], [18.44337, 62.89156], [18.30716, 62.86193], [18.26832, 62.88349], [18.24855, 62.88373], [18.25538, 62.86945], [18.20704, 62.86945], [18.20704, 62.86323], [18.21803, 62.85932], [18.22023, 62.85228], [18.20704, 62.83535], [18.2318, 62.83098], [18.21494, 62.81221], [18.19027, 62.79966], [18.20086, 62.80801], [18.18629, 62.81167], [18.16732, 62.78939], [18.07451, 62.79128], [18.07739, 62.80866], [18.12143, 62.80581], [18.14617, 62.82225], [18.08432, 62.83735], [18.07106, 62.84894], [18.07732, 62.85578], [18.0547, 62.85285], [18.00681, 62.83473], [17.95107, 62.83389], [17.91277, 62.88373], [17.92644, 62.90054], [17.9214, 62.91572], [17.87867, 62.91108], [17.8545, 62.95515], [17.83546, 62.97028], [17.80974, 62.97932], [17.83082, 62.99982], [17.8086, 62.99836], [17.76197, 62.97932], [17.71079, 62.99824], [17.69361, 62.9936], [17.81756, 62.94233], [17.84767, 62.92129], [17.88527, 62.87604], [17.87959, 62.87319], [17.895, 62.83214], [17.88551, 62.82225], [17.88551, 62.81485], [17.91767, 62.80427], [17.97441, 62.72104], [17.94072, 62.67988], [17.92403, 62.67084], [17.87184, 62.67084], [17.93047, 62.64062], [18.00654, 62.62627], [18.0373, 62.60054], [17.95926, 62.58145], [17.95338, 62.61176], [17.93702, 62.61563], [17.92579, 62.60472], [17.91151, 62.55455], [17.89735, 62.54503], [17.87867, 62.54108], [17.88395, 62.53601], [17.83447, 62.50273], [17.73463, 62.50576], [17.69304, 62.49775], [17.67123, 62.48945], [17.65895, 62.47842], [17.66078, 62.46096], [17.64639, 62.45088], [17.57061, 62.45103], [17.50593, 62.48332], [17.48146, 62.50576], [17.42677, 62.54108], [17.4061, 62.53559], [17.39552, 62.5113], [17.34148, 62.49811], [17.33082, 62.48774], [17.33058, 62.47224], [17.37488, 62.43754], [17.37843, 62.41079], [17.35939, 62.40396], [17.33741, 62.40396], [17.36052, 62.38959], [17.36647, 62.37889], [17.36004, 62.35566], [17.36801, 62.34309], [17.39275, 62.32827], [17.43525, 62.33054], [17.46163, 62.3129], [17.47682, 62.2923], [17.48829, 62.28661], [17.48829, 62.28046], [17.46022, 62.27302], [17.54656, 62.24909], [17.56665, 62.25389], [17.63369, 62.23301], [17.56289, 62.21231], [17.54444, 62.20161], [17.54176, 62.20637], [17.56951, 62.232], [17.55299, 62.23725], [17.53492, 62.23501], [17.50864, 62.21841], [17.50416, 62.20368], [17.50864, 62.16376], [17.47446, 62.1166], [17.47316, 62.08466], [17.46762, 62.07636], [17.44728, 62.06818], [17.4646, 62.06338], [17.4576, 62.04756], [17.42612, 62.02656], [17.44367, 62.0179], [17.43137, 61.99777], [17.3921, 61.99242], [17.38649, 61.98208], [17.386, 61.96198], [17.35475, 61.95531], [17.34457, 61.93667], [17.34816, 61.91157], [17.36459, 61.8863], [17.3615, 61.87971], [17.34352, 61.87128], [17.34262, 61.85566], [17.35182, 61.85253], [17.35377, 61.84732], [17.33741, 61.82368], [17.34083, 61.81806], [17.35369, 61.81403], [17.38792, 61.8187], [17.39183, 61.80485], [17.37159, 61.8006], [17.37159, 61.79316], [17.38836, 61.78832], [17.38592, 61.74604], [17.39112, 61.72773], [17.39918, 61.72236], [17.4297, 61.72618], [17.46543, 61.68447], [17.38662, 61.68882], [17.36232, 61.70913], [17.33058, 61.71809], [17.34023, 61.69139], [17.30197, 61.69945], [17.30323, 61.70506], [17.26661, 61.72163], [17.22429, 61.72724], [17.13803, 61.72553], [17.1504, 61.7143], [17.1657, 61.71039], [17.20016, 61.71119], [17.21435, 61.66087], [17.16619, 61.65668], [17.16619, 61.64985], [17.19337, 61.64232], [17.16481, 61.63642], [17.11891, 61.64582], [17.09718, 61.63614], [17.18427, 61.62656], [17.1727, 61.61557], [17.08351, 61.61567], [17.08351, 61.60883], [17.13494, 61.60594], [17.14568, 61.5952], [17.10288, 61.58503], [17.05633, 61.58218], [17.08237, 61.57128], [17.13286, 61.5663], [17.13533, 61.55518], [17.09034, 61.55606], [17.08009, 61.55048], [17.14063, 61.53139], [17.14328, 61.51948], [17.12452, 61.51948], [17.12452, 61.51325], [17.14577, 61.50827], [17.15897, 61.47217], [17.15187, 61.46483], [17.16103, 61.44889], [17.15389, 61.42808], [17.13657, 61.43708], [17.12761, 61.41828], [17.10841, 61.40937], [17.10401, 61.39936], [17.13803, 61.36929], [17.18025, 61.35273], [17.19701, 61.31745], [17.15187, 61.32831], [17.16627, 61.30842], [17.18799, 61.30101], [17.18084, 61.29427], [17.1351, 61.31611], [17.09718, 61.32087], [17.09718, 61.31403], [17.12135, 61.30817], [17.16897, 61.28308], [17.16387, 61.27827], [17.17978, 61.24927], [17.18134, 61.22253], [17.17091, 61.22004], [17.15187, 61.20417], [17.18308, 61.19241], [17.18165, 61.16596], [17.1587, 61.14956], [17.17897, 61.13597], [17.18279, 61.12324], [17.1714, 61.11506], [17.14568, 61.11473], [17.19209, 61.10899], [17.19534, 61.08973], [17.18116, 61.08369], [17.17384, 61.0729], [17.16619, 61.04654], [17.18653, 61.03286], [17.1587, 61.01984], [17.20653, 61.0235], [17.20926, 61.00732], [17.18824, 61.00458], [17.16774, 60.99217], [17.15748, 60.95238], [17.1797, 60.93724], [17.20509, 60.93391], [17.20509, 60.9147], [17.21681, 60.89936], [17.22927, 60.90342], [17.26537, 60.83705], [17.25554, 60.82738], [17.25929, 60.81566], [17.27508, 60.81721], [17.27891, 60.81216], [17.26123, 60.76318], [17.25497, 60.72507], [12.31571, 62.26262], [12.31427, 62.28612], [12.28636, 62.33542], [12.22067, 62.41988], [12.11455, 62.5919], [12.12184, 62.65967], [12.15407, 62.71051], [12.15624, 62.73369], [12.11925, 62.82918], [12.10859, 62.91948], [12.1396, 62.94662], [12.2227, 63.00148], [12.0573, 63.20793], [11.9999, 63.2917], [12.20492, 63.45463], [12.2198, 63.47427], [12.21949, 63.49659], [12.1752, 63.59595], [12.29318, 63.65699], [12.42394, 63.76231], [12.6625, 63.94048], [12.69004, 63.95742], [12.79277, 64.0], [12.9876, 64.05049], [13.20352, 64.0751], [13.29961, 64.0748], [13.66623, 64.04104], [13.93944, 64.00953], [13.96424, 64.00953], [13.98233, 64.0195], [14.1478, 64.169], [14.16051, 64.18725], [14.16144, 64.20544], [14.11555, 64.44124], [14.09695, 64.46532], [14.06088, 64.47663], [14.00155, 64.48249], [13.87354, 64.51357], [13.65041, 64.58163], [14.1724, 64.99138], [14.31068, 65.08414], [14.33848, 65.1229], [14.35282, 65.17133], [14.42627, 65.26435], [14.48214, 65.28868], [14.51429, 65.31808], [14.51832, 65.36454], [14.51059, 65.45412], [14.54951, 65.64639], [14.59449, 65.74014], [14.63707, 65.78121], [14.64885, 65.80239], [14.64441, 65.84291], [14.54451, 66.12566], [15.05338, 66.15328], [15.48188, 66.27487], [15.4918, 66.288], [15.48321, 66.33617], [21.03898, 64.18848], [20.96656, 64.1494], [20.9485, 64.13007], [20.96079, 64.11286]]]}}, {"type": "Feature", "properties": {"bidding_zone": "SE3"}, "geometry": {"type": "MultiPolygon", "coordinates": [[[[18.94874, 57.78266], [18.94752, 57.77049], [18.93214, 57.75226], [18.9332, 57.73948], [18.86219, 57.72386], [18.82081, 57.73701], [18.80714, 57.73444], [18.81031, 57.70966], [18.79664, 57.67552], [18.7693, 57.63483], [18.76246, 57.61717], [18.80381, 57.60845], [18.78981, 57.54829], [18.7614, 57.50764], [18.77613, 57.49746], [18.76881, 57.48184], [18.7732, 57.47224], [18.80348, 57.46943], [18.78981, 57.44896], [18.85459, 57.43697], [18.90791, 57.39834], [18.86918, 57.39119], [18.85816, 57.39435], [18.82852, 57.37994], [18.80152, 57.37621], [18.77019, 57.36449], [18.71795, 57.32892], [18.68043, 57.31049], [18.66676, 57.29678], [18.67368, 57.27766], [18.71095, 57.27432], [18.71187, 57.26523], [18.6999, 57.24273], [18.6342, 57.22408], [18.59148, 57.2187], [18.56446, 57.20942], [18.56446, 57.2043], [18.53848, 57.19692], [18.49931, 57.17521], [18.40642, 57.14301], [18.38575, 57.12743], [18.43477, 57.12743], [18.41743, 57.11292], [18.35987, 57.09614], [18.34474, 57.08275], [18.3379, 57.03124], [18.35608, 57.01513], [18.35129, 57.00397], [18.34474, 57.00397], [18.34767, 56.99554], [18.34169, 56.98162], [18.32119, 56.96849], [18.24893, 56.93154], [18.14639, 56.92051], [18.16444, 56.94741], [18.20387, 56.98627], [18.20654, 57.01016], [18.22684, 57.02897], [18.26564, 57.04149], [18.29021, 57.09272], [18.27762, 57.08831], [18.2219, 57.12515], [18.22804, 57.13369], [18.206, 57.13945], [18.16664, 57.20711], [18.15984, 57.2298], [18.13411, 57.24222], [18.10508, 57.27188], [18.12572, 57.30146], [18.15309, 57.31342], [18.16586, 57.33161], [18.17115, 57.35212], [18.16603, 57.36709], [18.17921, 57.37954], [18.14617, 57.40803], [18.14536, 57.42617], [18.12898, 57.45017], [18.13645, 57.55556], [18.1685, 57.58202], [18.32504, 57.67259], [18.42689, 57.76894], [18.5374, 57.83057], [18.56936, 57.83631], [18.5949, 57.83137], [18.60865, 57.83633], [18.61537, 57.84458], [18.72188, 57.86372], [18.78305, 57.84127], [18.80348, 57.82575], [18.81764, 57.8564], [18.84409, 57.8736], [18.8519, 57.89126], [18.84369, 57.90086], [18.90059, 57.91548], [18.9111, 57.91257], [18.89796, 57.89765], [18.91725, 57.88813], [18.94158, 57.88882], [18.94452, 57.9033], [18.95644, 57.9], [19.07646, 57.83594], [19.01498, 57.82201], [18.99375, 57.81211], [18.98658, 57.80744], [18.97094, 57.77904], [18.95777, 57.78461], [18.94874, 57.78266]]], [[[11.67937, 58.00625], [11.66457, 57.98022], [11.54902, 58.00122], [11.56756, 58.00389], [11.54156, 58.00999], [11.51, 58.04707], [11.52475, 58.05073], [11.56756, 58.04548], [11.65968, 58.04548], [11.71656, 58.06452], [11.73878, 58.05854], [11.73845, 58.04149], [11.74562, 58.0312], [11.73194, 57.99771], [11.71022, 57.99291], [11.7068, 57.9995], [11.71144, 58.01138], [11.69508, 58.01508], [11.67937, 58.00625]]], [[[11.5853, 58.12311], [11.55649, 58.11787], [11.53395, 58.10688], [11.51629, 58.086], [11.50603, 58.08641], [11.46388, 58.10688], [11.46388, 58.10125], [11.44932, 58.11836], [11.44522, 58.16948], [11.52784, 58.2128], [11.56267, 58.21955], [11.60157, 58.23725], [11.64796, 58.23404], [11.6631, 58.23725], [11.66, 58.25812], [11.67742, 58.27139], [11.66993, 58.2851], [11.68637, 58.29121], [11.73878, 58.2851], [11.74985, 58.26288], [11.7894, 58.24641], [11.80698, 58.23041], [11.81528, 58.18928], [11.81381, 58.14448], [11.8047, 58.12572], [11.75668, 58.11831], [11.70818, 58.09821], [11.65463, 58.10798], [11.62892, 58.10008], [11.61232, 58.1186], [11.5853, 58.12311]]], [[[17.65773, 58.92267], [17.65707, 58.91779], [17.64812, 58.91893], [17.63917, 58.93098], [17.64064, 58.94766], [17.63396, 58.95624], [17.62582, 58.95677], [17.62428, 58.96393], [17.6268, 58.98139], [17.64812, 59.01752], [17.64389, 59.06135], [17.65219, 59.07152], [17.6631, 59.07197], [17.66896, 59.05891], [17.6867, 59.05036], [17.6941, 59.03897], [17.70631, 59.00837], [17.70729, 58.99335], [17.70021, 58.97675], [17.70411, 58.95527], [17.69444, 58.92886], [17.66672, 58.91542], [17.65773, 58.92267]]], [[[18.3499, 59.02261], [18.37875, 59.07053], [18.39346, 59.08506], [18.46494, 59.10786], [18.48536, 59.10462], [18.41621, 59.0291], [18.37187, 59.01958], [18.3499, 59.02261]]], [[[18.4104, 59.27997], [18.34474, 59.29926], [18.46168, 59.29824], [18.49987, 59.29231], [18.41426, 59.29033], [18.4104, 59.27997]]], [[[17.25799, 60.6944], [17.27801, 60.67988], [17.29579, 60.67611], [17.35212, 60.64509], [17.32374, 60.63565], [17.32374, 60.62873], [17.33953, 60.62299], [17.38022, 60.62442], [17.41383, 60.63793], [17.46013, 60.64183], [17.55547, 60.64272], [17.59307, 60.62769], [17.62424, 60.59259], [17.60377, 60.58413], [17.62477, 60.53632], [17.63819, 60.51545], [17.67058, 60.5041], [17.74147, 60.49844], [17.72706, 60.53474], [17.73205, 60.53879], [17.87158, 60.58008], [17.95576, 60.5898], [17.99212, 60.53852], [17.97869, 60.52334], [17.96746, 60.51895], [17.96746, 60.51211], [17.99342, 60.51093], [18.04644, 60.48738], [18.10762, 60.44549], [18.11199, 60.43696], [18.14332, 60.41356], [18.23326, 60.37061], [18.20704, 60.35505], [18.20704, 60.3476], [18.23487, 60.32709], [18.2942, 60.35439], [18.4, 60.33711], [18.47446, 60.29762], [18.47446, 60.29295], [18.438, 60.29206], [18.42677, 60.2862], [18.5358, 60.26509], [18.55752, 60.25356], [18.55232, 60.22984], [18.40056, 60.25959], [18.31691, 60.32095], [18.3309, 60.28571], [18.44776, 60.21109], [18.43067, 60.21035], [18.39259, 60.23216], [18.39967, 60.20783], [18.41993, 60.19351], [18.46827, 60.17634], [18.50611, 60.15575], [18.53703, 60.16011], [18.53545, 60.15288], [18.54814, 60.14638], [18.55014, 60.1291], [18.57814, 60.07392], [18.58432, 60.07392], [18.58985, 60.08885], [18.5874, 60.12629], [18.60117, 60.11924], [18.73956, 60.08964], [18.73829, 60.06411], [18.74513, 60.04971], [18.78883, 60.01756], [18.79664, 60.00495], [18.7815, 60.03083], [18.76254, 60.05598], [18.75495, 60.08635], [18.78701, 60.07949], [18.84622, 60.0312], [18.90309, 59.94721], [18.92213, 59.93431], [18.9386, 59.93149], [18.9581, 59.89247], [18.91676, 59.92129], [18.886, 59.92988], [18.93067, 59.88548], [18.93531, 59.86848], [18.92408, 59.85228], [18.86158, 59.80305], [18.82081, 59.79267], [18.75457, 59.79116], [18.73862, 59.78278], [18.7339, 59.76878], [18.75196, 59.76887], [18.78981, 59.77904], [18.97792, 59.78347], [18.97051, 59.75723], [18.92396, 59.74214], [18.91334, 59.75178], [18.90151, 59.73487], [18.84545, 59.71152], [18.78126, 59.70156], [18.75782, 59.69107], [18.75563, 59.67666], [18.71412, 59.67324], [18.70851, 59.65746], [18.69361, 59.64936], [18.70756, 59.64936], [18.68122, 59.63049], [18.66, 59.63569], [18.67216, 59.62401], [18.57812, 59.56577], [18.52368, 59.54241], [18.48406, 59.53441], [18.40244, 59.49038], [18.33323, 59.47376], [18.26905, 59.47744], [18.26905, 59.47061], [18.30323, 59.45698], [18.28932, 59.45059], [18.24855, 59.4501], [18.27647, 59.43765], [18.2169, 59.42051], [18.20698, 59.42234], [18.19402, 59.45698], [18.18141, 59.4582], [18.14552, 59.44383], [18.11883, 59.45698], [18.08448, 59.43895], [18.08448, 59.4278], [18.0984, 59.40851], [18.05397, 59.39545], [18.00896, 59.40851], [18.04787, 59.38916], [17.96426, 59.35938], [17.97978, 59.32905], [18.13262, 59.31621], [18.20802, 59.33095], [18.21437, 59.31977], [18.22055, 59.31977], [18.24714, 59.35323], [18.2677, 59.36547], [18.33121, 59.37474], [18.39067, 59.36918], [18.44776, 59.35391], [18.42677, 59.34024], [18.47006, 59.3371], [18.48194, 59.34772], [18.44936, 59.39237], [18.49562, 59.39545], [18.4793, 59.40127], [18.50889, 59.40796], [18.56473, 59.38922], [18.58747, 59.36246], [18.54396, 59.36815], [18.5919, 59.35725], [18.61758, 59.32705], [18.5193, 59.29829], [18.46119, 59.31245], [18.36443, 59.30659], [18.3379, 59.31293], [18.34474, 59.33405], [18.30738, 59.33023], [18.27589, 59.31293], [18.30014, 59.30134], [18.31691, 59.28559], [18.31691, 59.27875], [18.28305, 59.279], [18.27296, 59.27424], [18.27931, 59.2617], [18.36118, 59.24079], [18.39118, 59.2284], [18.38595, 59.21436], [18.3357, 59.23591], [18.31373, 59.23408], [18.31349, 59.22211], [18.32944, 59.21467], [18.36524, 59.20991], [18.3775, 59.19168], [18.37305, 59.17974], [18.32699, 59.1369], [18.29021, 59.12055], [18.3052, 59.12176], [18.28535, 59.10938], [18.25462, 59.10165], [18.24171, 59.1081], [18.25538, 59.11433], [18.25538, 59.12055], [18.22364, 59.11953], [18.18523, 59.09931], [18.13868, 59.09382], [18.11081, 59.06549], [18.09025, 59.05849], [18.04322, 59.05972], [18.05027, 59.03918], [18.01368, 59.04491], [18.0027, 59.03856], [18.0179, 59.02355], [17.97461, 59.00264], [17.829, 58.95459], [17.76543, 58.96504], [17.75015, 58.95725], [17.75196, 58.96507], [17.74147, 58.9914], [17.75571, 59.00633], [17.76075, 59.03701], [17.75611, 59.08519], [17.76905, 59.10895], [17.76881, 59.12055], [17.75815, 59.12592], [17.73276, 59.11445], [17.7212, 59.05899], [17.71046, 59.0528], [17.66578, 59.08076], [17.66871, 59.09545], [17.68881, 59.11799], [17.69361, 59.13142], [17.68092, 59.15339], [17.65895, 59.16889], [17.67311, 59.13475], [17.64747, 59.10806], [17.61109, 59.09382], [17.62045, 59.07258], [17.61451, 59.03213], [17.6316, 59.01813], [17.60711, 58.96597], [17.5975, 58.97089], [17.57691, 58.95669], [17.59295, 58.94684], [17.61109, 58.94302], [17.61109, 58.93618], [17.60125, 58.9278], [17.62672, 58.91779], [17.61801, 58.90219], [17.59045, 58.89471], [17.53598, 58.90204], [17.55318, 58.88459], [17.51094, 58.87312], [17.44728, 58.89521], [17.44728, 58.88837], [17.46502, 58.8815], [17.46909, 58.87043], [17.46634, 58.86101], [17.45674, 58.8584], [17.37716, 58.80158], [17.33741, 58.80646], [17.35933, 58.78885], [17.34766, 58.78052], [17.17661, 58.73184], [17.13185, 58.73753], [17.10084, 58.76138], [17.08692, 58.76484], [17.02817, 58.75117], [17.07342, 58.74478], [17.08351, 58.73753], [17.08367, 58.72871], [17.0774, 58.72036], [17.06251, 58.71019], [17.0857, 58.70305], [17.027, 58.67637], [16.97495, 58.68537], [16.95387, 58.66926], [17.005, 58.66637], [16.97812, 58.65415], [16.63935, 58.65117], [16.23373, 58.66926], [16.23373, 58.66181], [16.24643, 58.65864], [16.25875, 58.64848], [16.21426, 58.63667], [16.25008, 58.63379], [16.19776, 58.6374], [16.17921, 58.63451], [16.17921, 58.62832], [16.20395, 58.63398], [16.21412, 58.63129], [16.22006, 58.62084], [16.24024, 58.62812], [16.28541, 58.61591], [16.31807, 58.62832], [16.37178, 58.60878], [16.37648, 58.59516], [16.38771, 58.59162], [16.40919, 58.59663], [16.41365, 58.60474], [16.47803, 58.61289], [16.68301, 58.59966], [16.78057, 58.58633], [16.78598, 58.57274], [16.80421, 58.56208], [16.82821, 58.55805], [16.81666, 58.55195], [16.81666, 58.54637], [16.844, 58.54637], [16.844, 58.53889], [16.83416, 58.52953], [16.88494, 58.51846], [16.92383, 58.49258], [16.89582, 58.4833], [16.8659, 58.48306], [16.844, 58.47748], [16.84981, 58.46806], [16.82432, 58.45962], [16.68843, 58.43968], [16.59791, 58.44864], [16.53972, 58.46817], [16.44142, 58.48599], [16.41261, 58.47748], [16.44825, 58.4748], [16.66163, 58.41465], [16.69457, 58.34769], [16.63168, 58.35395], [16.69996, 58.31916], [16.6985, 58.3017], [16.71861, 58.29954], [16.73022, 58.28024], [16.7068, 58.27827], [16.7068, 58.27139], [16.73917, 58.26537], [16.76992, 58.21426], [16.70145, 58.16183], [16.66188, 58.18553], [16.61744, 58.20311], [16.63209, 58.18574], [16.67189, 58.16527], [16.68629, 58.14789], [16.65952, 58.14789], [16.69914, 58.116], [16.6979, 58.05729], [16.68629, 58.05854], [16.69782, 58.0538], [16.69703, 58.01675], [16.68678, 58.00873], [16.69665, 57.99888], [16.67905, 58.00511], [16.65797, 58.03535], [16.6447, 58.03864], [16.6312, 58.0279], [16.63722, 58.01447], [16.65952, 57.99022], [16.68629, 57.99022], [16.69611, 57.97324], [16.69492, 57.91753], [16.61315, 57.91366], [16.60377, 57.92878], [16.62566, 57.92837], [16.6447, 57.92133], [16.51531, 57.99885], [16.50587, 57.99824], [16.49448, 57.98404], [16.50457, 57.97016], [16.53207, 57.95026], [16.5901, 57.93561], [16.56959, 57.92133], [16.577, 57.90192], [16.56275, 57.88784], [16.52459, 57.90632], [16.4808, 57.91511], [16.49448, 57.90209], [16.48707, 57.89468], [16.4603, 57.90209], [16.4603, 57.89468], [16.5636, 57.83217], [16.56022, 57.82399], [16.54184, 57.83902], [16.41944, 57.89468], [16.42758, 57.8769], [16.43898, 57.86538], [16.4734, 57.84687], [16.53004, 57.82526], [16.56003, 57.80451], [16.58623, 57.76094], [16.58512, 57.70687], [16.577, 57.70966], [16.58498, 57.69978], [16.58379, 57.64175], [16.5932, 57.60787], [16.56275, 57.59296], [16.55494, 57.60619], [16.55592, 57.62714], [16.53883, 57.62067], [16.52052, 57.62714], [16.54225, 57.60733], [16.52052, 57.59296], [16.52052, 57.58613], [16.54225, 57.57929], [16.54225, 57.5725], [16.51498, 57.5725], [16.51498, 57.56631], [16.60925, 57.5612], [16.65225, 57.50068], [16.63086, 57.43018], [16.58901, 57.38558], [16.5726, 57.38744], [16.54762, 57.38251], [16.53484, 57.36026], [16.55704, 57.35152], [16.52276, 57.31499], [12.35187, 56.99097], [12.34099, 57.01406], [12.32285, 57.02366], [12.1986, 57.17137], [12.19744, 57.18488], [12.18704, 57.18512], [12.17385, 57.2008], [12.19125, 57.21259], [12.1604, 57.21679], [12.15185, 57.22695], [12.14614, 57.23971], [12.1565, 57.24291], [12.14244, 57.24794], [12.1293, 57.27726], [12.14259, 57.27997], [12.14723, 57.28547], [12.14405, 57.31013], [12.09824, 57.34656], [12.08531, 57.37539], [12.10873, 57.39435], [12.07681, 57.39435], [12.07455, 57.3994], [12.09205, 57.41136], [12.08985, 57.42304], [12.05926, 57.45881], [12.04363, 57.46182], [12.00978, 57.43707], [11.96152, 57.42607], [11.9339, 57.48553], [11.94483, 57.48994], [11.92824, 57.49772], [11.92359, 57.50772], [11.93116, 57.51105], [11.91931, 57.51693], [11.91268, 57.53418], [11.91765, 57.53954], [11.91147, 57.59528], [11.91684, 57.62092], [11.89715, 57.62714], [11.89186, 57.61298], [11.88609, 57.60977], [11.87871, 57.67944], [11.86154, 57.68401], [11.90952, 57.68684], [11.92368, 57.70283], [11.90211, 57.69623], [11.84588, 57.6933], [11.73496, 57.71768], [11.73261, 57.73642], [11.81039, 57.7814], [11.80787, 57.78807], [11.7894, 57.79027], [11.7518, 57.78482], [11.72388, 57.80659], [11.71321, 57.89264], [11.75929, 57.90209], [11.75929, 57.90827], [11.74562, 57.90827], [11.74562, 57.91511], [11.75945, 57.91901], [11.76612, 57.92878], [11.73658, 57.93867], [11.74366, 57.95572], [11.78728, 57.99771], [11.80014, 58.02228], [11.80291, 58.03657], [11.78297, 58.06916], [11.78631, 58.0786], [11.80095, 58.08641], [11.79347, 58.10008], [11.81813, 58.10318], [11.82846, 58.12124], [11.84132, 58.19379], [11.87574, 58.19916], [11.88966, 58.21678], [11.86061, 58.21841], [11.85182, 58.22663], [11.84457, 58.25336], [11.81381, 58.27827], [11.80893, 58.30219], [11.82594, 58.31656], [11.88282, 58.33283], [11.87037, 58.34536], [11.84946, 58.34268], [11.80698, 58.32661], [11.72674, 58.32709], [11.72576, 58.31297], [11.71144, 58.30756], [11.67897, 58.30744], [11.61891, 58.27827], [11.58107, 58.25092], [11.55201, 58.25031], [11.52589, 58.25776], [11.53956, 58.23725], [11.50587, 58.24307], [11.49659, 58.25837], [11.50367, 58.28022], [11.54176, 58.33356], [11.56739, 58.35505], [11.62208, 58.38813], [11.60776, 58.39496], [11.63697, 58.41356], [11.66993, 58.42219], [11.6526, 58.4374], [11.62892, 58.43134], [11.58863, 58.40111], [11.55323, 58.4632], [11.54705, 58.4632], [11.55348, 58.43399], [11.55177, 58.39936], [11.54168, 58.36494], [11.52247, 58.33625], [11.49497, 58.31249], [11.43623, 58.28154], [11.43462, 58.30157], [11.44337, 58.30557], [11.44337, 58.31297], [11.43377, 58.31226], [11.42989, 58.34064], [11.44858, 58.34174], [11.42286, 58.36384], [11.42408, 58.38813], [11.40699, 58.38736], [11.38549, 58.35828], [11.36071, 58.36812], [11.40724, 58.41836], [11.42408, 58.44269], [11.37241, 58.39989], [11.3484, 58.38813], [11.34033, 58.37621], [11.32998, 58.38032], [11.24824, 58.36914], [11.25196, 58.42272], [11.25904, 58.42219], [11.25521, 58.4324], [11.26297, 58.4529], [11.29371, 58.47004], [11.27111, 58.47764], [11.25395, 58.55106], [11.26498, 58.56289], [11.28053, 58.5703], [11.28631, 58.5799], [11.2658, 58.5799], [11.26979, 58.59223], [11.25221, 58.60716], [11.25904, 58.63451], [11.24985, 58.64891], [11.22695, 58.66659], [11.21516, 58.78147], [11.2317, 58.79963], [11.2317, 58.8437], [11.20905, 58.853], [11.20791, 58.86641], [11.1976, 58.88138], [11.19011, 58.90827], [11.1976, 58.92251], [11.16749, 58.92767], [11.14956, 58.98143], [11.18385, 58.9914], [11.14758, 58.98982], [11.1669, 59.04556], [11.1958, 59.07827], [11.29531, 59.08687], [11.37566, 59.04336], [11.40726, 59.00729], [11.45278, 58.93713], [11.45199, 58.89604], [11.48259, 58.8869], [11.54708, 58.88473], [11.61157, 58.89315], [11.66438, 58.92007], [11.69374, 58.97351], [11.70309, 59.00649], [11.74531, 59.09216], [11.74851, 59.14006], [11.77559, 59.20254], [11.81166, 59.24967], [11.8068, 59.29359], [11.78396, 59.36062], [11.68486, 59.55576], [11.68076, 59.59228], [11.74592, 59.6368], [11.8284, 59.65972], [11.85249, 59.67336], [11.89166, 59.70576], [11.89724, 59.71398], [11.90354, 59.77], [11.90209, 59.78514], [11.89161, 59.79901], [11.93213, 59.86367], [11.98828, 59.89131], [12.14373, 59.89841], [12.2906, 59.95872], [12.44676, 60.05112], [12.48325, 60.08124], [12.51095, 60.11799], [12.52469, 60.1617], [12.52159, 60.19762], [12.51127, 60.22323], [12.51582, 60.30523], [12.55367, 60.35675], [12.59363, 60.39502], [12.60531, 60.41916], [12.61265, 60.45538], [12.60861, 60.48649], [12.59435, 60.51494], [12.48252, 60.65733], [12.44245, 60.69408], [12.31743, 60.88783], [12.29414, 61.00269], [12.35371, 61.02319], [12.46758, 61.0415], [12.62666, 61.04543], [12.68251, 61.04033], [12.7038, 61.0462], [12.71352, 61.06116], [12.72783, 61.10825], [12.77514, 61.17231], [12.81966, 61.20495], [12.83982, 61.22699], [12.8547, 61.25531], [12.88818, 61.34962], [12.88694, 61.3615], [12.87713, 61.37098], [12.61378, 61.54705], [12.5834, 61.5611], [12.48682, 61.573], [12.29209, 61.65347], [12.17557, 61.71153], [12.16172, 61.72484], [12.31747, 62.23403], [12.31571, 62.26262], [17.25497, 60.72507], [17.25221, 60.72004], [17.21469, 60.70624], [17.19117, 60.70173], [17.1867, 60.69237], [17.23805, 60.6977], [17.25799, 60.6944]]], [[[18.17926, 59.42747], [18.19532, 59.42715], [18.20644, 59.42244], [18.17926, 59.42747]]], [[[19.24789, 57.95246], [19.20533, 57.93513], [19.15635, 57.92261], [19.1399, 57.90827], [19.15075, 57.90318], [19.13838, 57.86025], [19.08652, 57.86499], [19.03926, 57.91103], [19.13217, 57.97937], [19.22535, 57.97899], [19.22674, 57.9737], [19.24008, 57.97061], [19.28475, 57.97649], [19.33144, 57.96289], [19.26921, 57.94857], [19.24789, 57.95246]]], [[[18.58253, 59.45551], [18.57846, 59.46393], [18.57953, 59.44941], [18.57031, 59.43726], [18.54512, 59.47783], [18.55472, 59.48543], [18.55738, 59.482], [18.55958, 59.49144], [18.57765, 59.49506], [18.56037, 59.4979], [18.57207, 59.52515], [18.62114, 59.54776], [18.69842, 59.5343], [18.69799, 59.5254], [18.68141, 59.52131], [18.62025, 59.48944], [18.60328, 59.49307], [18.60418, 59.48802], [18.59441, 59.48688], [18.60103, 59.47468], [18.58253, 59.45551]]], [[[18.92628, 59.78685], [18.89129, 59.78559], [18.88575, 59.79393], [18.95167, 59.86115], [18.95916, 59.86371], [18.97466, 59.85933], [18.99043, 59.82778], [18.97918, 59.78794], [18.95639, 59.78705], [18.93556, 59.79267], [18.92628, 59.78685]]]]}}, {"type": "Feature", "properties": {"bidding_zone": "SE4"}, "geometry": {"type": "MultiPolygon", "coordinates": [[[[16.46599, 57.22801], [16.45818, 57.20401], [16.46502, 57.17731], [16.4808, 57.15477], [16.51177, 57.12582], [16.52793, 57.06816], [16.51075, 57.05598], [16.50034, 57.03974], [16.43979, 57.05174], [16.45533, 57.0384], [16.4734, 57.03124], [16.4734, 57.02383], [16.45314, 57.0235], [16.43979, 57.01411], [16.43491, 56.99787], [16.43979, 56.97663], [16.46811, 56.94929], [16.46326, 56.93833], [16.43637, 56.91112], [16.43921, 56.8833], [16.40781, 56.80869], [16.38441, 56.76931], [16.36109, 56.76374], [16.35662, 56.75845], [16.36731, 56.74053], [16.34873, 56.70928], [16.29705, 56.66266], [16.25522, 56.65038], [16.22364, 56.6142], [16.22009, 56.59322], [16.09523, 56.41938], [16.07775, 56.36908], [15.99668, 56.22261], [15.92031, 56.16738], [15.82666, 56.12495], [15.81062, 56.13098], [15.82651, 56.15937], [15.80616, 56.16791], [15.74139, 56.15702], [15.72535, 56.16305], [15.71363, 56.17471], [15.70248, 56.17023], [15.69174, 56.17862], [15.6482, 56.19457], [15.63034, 56.18475], [15.58601, 56.1847], [15.5962, 56.20376], [15.58644, 56.20889], [15.51673, 56.18316], [15.44538, 56.17171], [15.43328, 56.1789], [15.40398, 56.17975], [15.37565, 56.15946], [15.32656, 56.15083], [15.31046, 56.15208], [15.3226, 56.15363], [15.29526, 56.18838], [15.27377, 56.17121], [15.23631, 56.15784], [15.16477, 56.16339], [15.15431, 56.16865], [15.14264, 56.16511], [15.08421, 56.16965], [15.07553, 56.18838], [15.03468, 56.18155], [15.03988, 56.17178], [14.95338, 56.17292], [14.93839, 56.1679], [14.79246, 56.16231], [14.77459, 56.16791], [14.72495, 56.16763], [14.70135, 56.16136], [14.6858, 56.14741], [14.6823, 56.11713], [14.70338, 56.10944], [14.71998, 56.08466], [14.74121, 56.06672], [14.75479, 56.03315], [14.65557, 56.01992], [14.61247, 56.03268], [14.60304, 56.04597], [14.60328, 56.05805], [14.5822, 56.04377], [14.56674, 56.05561], [14.5691, 56.05805], [14.53346, 56.04584], [14.49741, 56.04047], [14.47885, 56.03168], [14.4259, 55.98939], [14.38539, 55.96621], [14.34645, 55.95331], [14.33215, 55.93229], [14.27101, 55.89448], [14.23471, 55.8627], [14.20851, 55.82128], [14.1985, 55.77997], [14.19581, 55.72565], [14.2059, 55.70856], [14.23168, 55.69288], [14.27586, 55.63713], [14.3417, 55.52773], [14.17373, 55.39663], [14.07998, 55.39219], [14.03132, 55.39866], [13.95623, 55.42683], [13.89723, 55.43488], [13.84961, 55.42281], [13.80635, 55.42856], [13.64731, 55.42121], [13.62957, 55.41828], [13.59318, 55.39244], [13.57522, 55.3894], [13.53785, 55.39326], [13.50343, 55.38837], [13.45294, 55.36868], [13.32139, 55.34639], [13.11549, 55.38028], [13.01872, 55.39155], [12.97918, 55.40327], [12.95989, 55.40033], [12.88584, 55.41138], [12.89393, 55.42175], [12.9297, 55.41877], [12.95289, 55.42499], [12.96583, 55.43488], [12.95997, 55.4479], [12.96323, 55.45425], [12.98569, 55.4479], [12.97584, 55.47504], [12.93962, 55.50942], [12.93877, 55.5332], [12.95898, 55.59839], [13.02735, 55.62665], [13.04949, 55.64712], [13.06137, 55.67447], [13.05486, 55.69404], [13.02638, 55.71239], [13.01149, 55.72842], [12.97557, 55.72642], [12.97393, 55.74815], [12.94199, 55.80606], [12.93212, 55.81302], [12.92604, 55.83405], [12.89129, 55.85358], [12.86242, 55.86219], [12.83457, 55.88184], [12.80864, 55.90924], [12.80494, 55.92927], [12.77024, 55.94982], [12.75229, 55.99657], [12.70875, 56.02131], [12.69801, 56.0515], [12.6193, 56.10935], [12.59258, 56.1376], [12.50457, 56.27534], [12.47119, 56.29053], [12.50059, 56.29253], [12.65785, 56.24911], [12.66619, 56.23945], [12.70484, 56.22248], [12.73561, 56.22932], [12.79689, 56.22809], [12.81446, 56.23615], [12.8274, 56.24995], [12.83351, 56.26569], [12.82944, 56.27855], [12.78346, 56.2934], [12.73178, 56.35969], [12.69111, 56.38442], [12.65644, 56.44058], [12.77099, 56.45548], [12.83326, 56.44257], [12.89015, 56.45527], [12.92042, 56.4853], [12.93336, 56.50654], [12.93865, 56.52729], [12.93442, 56.54706], [12.90382, 56.593], [12.88608, 56.63715], [12.87176, 56.64948], [12.84205, 56.65388], [12.79643, 56.64803], [12.71758, 56.66284], [12.59691, 56.79644], [12.59832, 56.82099], [12.53386, 56.84634], [12.52703, 56.85993], [12.4992, 56.86685], [12.46957, 56.89204], [12.44089, 56.89573], [12.42148, 56.9064], [12.35187, 56.99097], [16.52276, 57.31499], [16.51149, 57.30298], [16.4852, 57.29462], [16.46909, 57.27538], [16.47659, 57.26579], [16.47739, 57.23397], [16.46599, 57.22801]]], [[[17.05352, 57.20801], [16.93247, 57.0492], [16.89861, 57.03807], [16.91288, 57.0235], [16.87127, 56.96918], [16.876, 56.96071], [16.83828, 56.84053], [16.78159, 56.81061], [16.76873, 56.79678], [16.76166, 56.77146], [16.66808, 56.57843], [16.64324, 56.56843], [16.63697, 56.55972], [16.63152, 56.53221], [16.63844, 56.52416], [16.62485, 56.50365], [16.62181, 56.48297], [16.61266, 56.46411], [16.57586, 56.40575], [16.56879, 56.3736], [16.52852, 56.29053], [16.47715, 56.24019], [16.43164, 56.24375], [16.40262, 56.3079], [16.40838, 56.34463], [16.40577, 56.38703], [16.41407, 56.40278], [16.39576, 56.44445], [16.39414, 56.48364], [16.4123, 56.56899], [16.63037, 56.87685], [16.66878, 56.88677], [16.71681, 56.89183], [16.73129, 56.904], [16.88836, 57.11823], [16.90197, 57.17513], [16.92926, 57.20987], [16.95387, 57.22211], [16.95924, 57.2307], [16.96017, 57.24922], [16.996, 57.31777], [17.02539, 57.34507], [17.08926, 57.33228], [17.11768, 57.31982], [17.09702, 57.31737], [17.07553, 57.30512], [17.042, 57.2709], [17.05427, 57.25506], [17.0582, 57.22925], [17.05352, 57.20801]]]]}}, {"type": "Feature", "properties": {"bidding_zone": "SI"}, "geometry": {"type": "Polygon", "coordinates": [[[13.59038, 45.5035], [13.59596, 45.51813], [13.58611, 45.51952], [13.6466, 45.54176], [13.75294, 45.55288], [13.75294, 45.55907], [13.71982, 45.5876], [13.80053, 45.58125], [13.84776, 45.58466], [13.88704, 45.61877], [13.89469, 45.63184], [13.85841, 45.64936], [13.77872, 45.74341], [13.72082, 45.76173], [13.66348, 45.79199], [13.5834, 45.81235], [13.56963, 45.83413], [13.59372, 45.90344], [13.60824, 45.92655], [13.62282, 45.96639], [13.60587, 45.98541], [13.50918, 45.97378], [13.4877, 45.98711], [13.48027, 46.00923], [13.4928, 46.03249], [13.48789, 46.04073], [13.5469, 46.08819], [13.61641, 46.12504], [13.64504, 46.16173], [13.63739, 46.18039], [13.54473, 46.19658], [13.51016, 46.21398], [13.4683, 46.22343], [13.42283, 46.2286], [13.43255, 46.21681], [13.421, 46.21231], [13.39961, 46.22495], [13.37945, 46.26485], [13.3952, 46.30621], [13.41051, 46.32472], [13.47407, 46.36628], [13.53001, 46.38833], [13.56422, 46.41551], [13.6301, 46.44536], [13.65878, 46.44512], [13.67749, 46.45208], [13.68845, 46.46776], [13.68978, 46.49141], [13.69919, 46.50484], [13.70095, 46.51975], [13.78214, 46.50778], [13.83135, 46.51123], [13.93682, 46.49678], [13.98233, 46.48192], [14.01963, 46.48218], [14.10594, 46.4611], [14.13726, 46.44244], [14.14986, 46.44006], [14.31374, 46.43683], [14.41527, 46.42832], [14.45093, 46.41448], [14.46767, 46.41267], [14.50352, 46.41704], [14.54033, 46.37864], [14.55769, 46.38394], [14.57118, 46.41005], [14.59697, 46.43608], [14.6317, 46.44058], [14.65644, 46.45563], [14.67996, 46.45887], [14.68348, 46.46497], [14.74731, 46.49472], [14.78859, 46.50665], [14.81227, 46.54663], [14.84062, 46.58047], [14.9008, 46.60689], [14.95313, 46.61416], [14.96718, 46.60026], [14.99085, 46.62353], [15.00068, 46.62598], [15.18488, 46.64045], [15.25414, 46.64074], [15.43047, 46.63017], [15.46265, 46.61465], [15.49262, 46.61829], [15.51123, 46.62837], [15.52062, 46.64882], [15.54531, 46.65464], [15.5878, 46.67596], [15.61665, 46.67555], [15.62698, 46.68087], [15.63291, 46.69846], [15.70498, 46.70541], [15.75514, 46.70402], [15.7757, 46.70973], [15.95762, 46.67764], [15.97005, 46.69426], [15.98696, 46.69219], [16.01672, 46.67069], [16.01456, 46.69371], [16.00329, 46.70919], [15.97981, 46.72321], [15.97686, 46.80137], [16.0256, 46.83646], [16.09404, 46.86277], [16.13538, 46.85585], [16.20246, 46.85983], [16.28359, 46.85728], [16.3085, 46.82798], [16.31433, 46.80133], [16.29816, 46.7758], [16.31418, 46.74332], [16.34343, 46.71418], [16.35738, 46.70999], [16.35759, 46.69901], [16.37442, 46.6948], [16.38457, 46.68081], [16.38249, 46.65447], [16.36844, 46.64299], [16.3764, 46.62909], [16.41846, 46.60723], [16.50566, 46.52207], [16.51518, 46.50206], [16.4813, 46.51902], [16.44943, 46.51838], [16.432, 46.52321], [16.40626, 46.53949], [16.36947, 46.54057], [16.3579, 46.54698], [16.35169, 46.53949], [16.34415, 46.54698], [16.32999, 46.53546], [16.26395, 46.51592], [16.23491, 46.49334], [16.23366, 46.47874], [16.25332, 46.38911], [16.22744, 46.37285], [16.17562, 46.37687], [16.14385, 46.39471], [16.13155, 46.39306], [16.11762, 46.38136], [16.07838, 46.37457], [16.05797, 46.37753], [16.05753, 46.36234], [16.00068, 46.30537], [15.94949, 46.2843], [15.8513, 46.25872], [15.81829, 46.25552], [15.78914, 46.24307], [15.78056, 46.23302], [15.7042, 46.21323], [15.6613, 46.21532], [15.6398, 46.20767], [15.60435, 46.167], [15.58998, 46.13868], [15.58988, 46.11352], [15.60383, 46.09099], [15.66621, 46.04849], [15.67506, 45.97816], [15.66855, 45.90955], [15.65215, 45.86216], [15.62481, 45.83403], [15.56682, 45.82166], [15.52353, 45.82682], [15.48539, 45.81018], [15.45128, 45.81514], [15.44033, 45.81147], [15.43557, 45.80211], [15.43931, 45.79218], [15.26349, 45.73039], [15.24892, 45.71184], [15.29191, 45.67556], [15.30494, 45.67215], [15.32245, 45.68229], [15.35371, 45.65991], [15.35693, 45.64551], [15.32674, 45.63225], [15.29739, 45.62569], [15.28788, 45.61034], [15.26856, 45.60166], [15.29667, 45.52296], [15.31103, 45.50591], [15.32833, 45.4977], [15.33945, 45.46704], [15.24209, 45.44141], [15.11045, 45.45078], [15.05617, 45.47991], [15.01556, 45.48069], [14.95274, 45.49966], [14.92263, 45.51495], [14.90444, 45.51443], [14.9005, 45.49274], [14.84707, 45.46733], [14.79307, 45.47822], [14.78125, 45.49335], [14.73359, 45.5085], [14.67136, 45.55512], [14.66405, 45.57004], [14.63961, 45.58083], [14.60859, 45.61011], [14.59395, 45.64599], [14.5919, 45.66336], [14.58095, 45.66781], [14.53398, 45.64526], [14.51413, 45.61076], [14.49858, 45.59618], [14.49158, 45.57959], [14.42734, 45.50576], [14.36992, 45.48145], [14.26324, 45.48638], [14.2187, 45.49717], [14.17302, 45.4853], [14.08555, 45.47783], [14.04373, 45.49207], [14.01396, 45.50797], [13.97189, 45.51423], [13.96145, 45.50389], [13.96145, 45.49314], [13.97012, 45.48262], [13.94014, 45.45408], [13.87871, 45.42837], [13.80749, 45.44145], [13.75929, 45.46317], [13.69966, 45.46125], [13.61523, 45.47676], [13.59038, 45.5035]]]}}, {"type": "Feature", "properties": {"bidding_zone": "SK"}, "geometry": {"type": "Polygon", "coordinates": [[[22.53861, 49.07253], [22.52412, 49.0314], [22.4832, 48.98325], [22.449, 48.97143], [22.42729, 48.92947], [22.38835, 48.87099], [22.3689, 48.85645], [22.36228, 48.84425], [22.36427, 48.81659], [22.34118, 48.76441], [22.33076, 48.7564], [22.32797, 48.73771], [22.29521, 48.68584], [22.25821, 48.65734], [22.24322, 48.65119], [22.23015, 48.63573], [22.19233, 48.6066], [22.15372, 48.58587], [22.13873, 48.56959], [22.13666, 48.54934], [22.14064, 48.53554], [22.13184, 48.40532], [22.11133, 48.39336], [22.02401, 48.37934], [21.92934, 48.37291], [21.88428, 48.35746], [21.76699, 48.33809], [21.72148, 48.34658], [21.67461, 48.37837], [21.63252, 48.41851], [21.60913, 48.45386], [21.60037, 48.48164], [21.59168, 48.49301], [21.56348, 48.49547], [21.5091, 48.5199], [21.49081, 48.54027], [21.42456, 48.56127], [21.36862, 48.55029], [21.32183, 48.54758], [21.29675, 48.53372], [21.2251, 48.51721], [21.17445, 48.5098], [21.06728, 48.50591], [21.03596, 48.51464], [20.98115, 48.51968], [20.8666, 48.54565], [20.84511, 48.54604], [20.80031, 48.56923], [20.51051, 48.53378], [20.48167, 48.52608], [20.475, 48.49512], [20.43979, 48.44536], [20.40902, 48.41371], [20.3902, 48.37528], [20.33379, 48.29556], [20.2476, 48.26467], [20.22908, 48.2709], [20.21781, 48.2676], [20.18764, 48.24899], [20.17089, 48.24403], [20.13451, 48.24667], [20.12201, 48.23675], [20.11383, 48.21577], [19.95039, 48.14663], [19.89863, 48.13135], [19.86788, 48.13957], [19.84626, 48.15267], [19.82166, 48.15791], [19.81006, 48.15503], [19.77208, 48.17189], [19.77433, 48.1859], [19.75655, 48.20031], [19.70921, 48.19979], [19.66174, 48.21299], [19.6439, 48.22481], [19.62323, 48.22701], [19.51398, 48.20396], [19.50303, 48.18941], [19.49565, 48.15905], [19.46699, 48.11069], [19.34046, 48.08709], [19.29322, 48.08776], [19.25793, 48.07259], [19.15524, 48.06609], [19.0985, 48.07074], [19.03866, 48.06487], [18.99649, 48.06621], [18.83847, 48.04001], [18.821, 48.03045], [18.80251, 48.00468], [18.7919, 48.00029], [18.78305, 47.98742], [18.7562, 47.98183], [18.74318, 47.97105], [18.75144, 47.96335], [18.75475, 47.9518], [18.74225, 47.88946], [18.74876, 47.87072], [18.77726, 47.85194], [18.73979, 47.80551], [18.71392, 47.78674], [18.6231, 47.78302], [18.59745, 47.79065], [18.55259, 47.79285], [18.34785, 47.77677], [18.32621, 47.77084], [18.1456, 47.76343], [17.76191, 47.77017], [17.66307, 47.80118], [17.61911, 47.82923], [17.60423, 47.83424], [17.59063, 47.83233], [17.5416, 47.85697], [17.52661, 47.87212], [17.48066, 47.8876], [17.4562, 47.90307], [17.36941, 47.98121], [17.33789, 47.99873], [17.18482, 48.02027], [17.14745, 48.00598], [17.08594, 48.03955], [17.06732, 48.08392], [17.08023, 48.09761], [17.04747, 48.13099], [17.02338, 48.13691], [16.97472, 48.19561], [16.95434, 48.25256], [16.95434, 48.27313], [16.9211, 48.28888], [16.90162, 48.32319], [16.90649, 48.33147], [16.88644, 48.34992], [16.86543, 48.38691], [16.86269, 48.44141], [16.92023, 48.52271], [16.9469, 48.53973], [16.95434, 48.5574], [16.94883, 48.58857], [16.99754, 48.69326], [17.06328, 48.78076], [17.08436, 48.79372], [17.13565, 48.84106], [17.18848, 48.86094], [17.3076, 48.84195], [17.37437, 48.81961], [17.39173, 48.82178], [17.41774, 48.83304], [17.48269, 48.82779], [17.4985, 48.81676], [17.53508, 48.81299], [17.72722, 48.86291], [17.74489, 48.87257], [17.75871, 48.88825], [17.82126, 48.92324], [17.86034, 48.92172], [17.87873, 48.93355], [17.89299, 48.97156], [17.91328, 48.99873], [17.94072, 49.01196], [17.98032, 49.02079], [18.01288, 49.01913], [18.04606, 49.02915], [18.07552, 49.04719], [18.09629, 49.07029], [18.1029, 49.09225], [18.10187, 49.12865], [18.10996, 49.17979], [18.13262, 49.22456], [18.16094, 49.25737], [18.25317, 49.29304], [18.3246, 49.31125], [18.38516, 49.34226], [18.38644, 49.36667], [18.41036, 49.38641], [18.43922, 49.39507], [18.49121, 49.43238], [18.52293, 49.44608], [18.53457, 49.4647], [18.58679, 49.48727], [18.66369, 49.48894], [18.70452, 49.47925], [18.73253, 49.48029], [18.75992, 49.49671], [18.81987, 49.51003], [18.93818, 49.49829], [18.95723, 49.44829], [18.96069, 49.43212], [18.9567, 49.40045], [18.96228, 49.38918], [19.00714, 49.3881], [19.03207, 49.39756], [19.08801, 49.39872], [19.11659, 49.39094], [19.1725, 49.40226], [19.17974, 49.41027], [19.18935, 49.4422], [19.20899, 49.44499], [19.21136, 49.45166], [19.20475, 49.46119], [19.2502, 49.51143], [19.29926, 49.52406], [19.33952, 49.52876], [19.4416, 49.5977], [19.48196, 49.57342], [19.528, 49.51357], [19.55677, 49.45388], [19.57393, 49.44525], [19.6013, 49.44154], [19.62666, 49.42437], [19.62704, 49.40187], [19.68451, 49.38908], [19.73008, 49.3896], [19.77393, 49.37217], [19.78701, 49.31856], [19.7873, 49.30444], [19.7797, 49.29337], [19.78763, 49.28788], [19.78799, 49.26997], [19.76821, 49.2366], [19.7518, 49.21906], [19.74777, 49.20589], [19.76068, 49.19421], [19.7859, 49.18816], [19.832, 49.18589], [19.85422, 49.19126], [19.87794, 49.20732], [19.91611, 49.22139], [19.99074, 49.20024], [20.01731, 49.18387], [20.05049, 49.17323], [20.07002, 49.1831], [20.08354, 49.22768], [20.10924, 49.27208], [20.15129, 49.30632], [20.16035, 49.30562], [20.18386, 49.32229], [20.22901, 49.33546], [20.28437, 49.33864], [20.29904, 49.36405], [20.35998, 49.38427], [20.42214, 49.38298], [20.42266, 49.39233], [20.47451, 49.39019], [20.544, 49.37084], [20.56766, 49.37637], [20.58435, 49.38761], [20.61611, 49.3917], [20.72859, 49.37], [20.79411, 49.32366], [20.8561, 49.3172], [20.90056, 49.2926], [20.91896, 49.29033], [20.94242, 49.29586], [20.96402, 49.3081], [21.01725, 49.35244], [21.07254, 49.3572], [21.08071, 49.36634], [21.06851, 49.38143], [21.04999, 49.38878], [21.0794, 49.41826], [21.13884, 49.41742], [21.17259, 49.39828], [21.19409, 49.4006], [21.23019, 49.42941], [21.32724, 49.42889], [21.42787, 49.4098], [21.48151, 49.41523], [21.49619, 49.41239], [21.52069, 49.41887], [21.63965, 49.41196], [21.71894, 49.38046], [21.74217, 49.35709], [21.75757, 49.34893], [21.785, 49.36618], [21.88849, 49.34381], [21.96768, 49.29907], [22.00215, 49.24609], [22.01243, 49.21105], [22.04075, 49.19746], [22.07171, 49.1936], [22.2069, 49.15206], [22.20849, 49.14418], [22.21594, 49.14], [22.26286, 49.13059], [22.2855, 49.13117], [22.36388, 49.11032], [22.39009, 49.09303], [22.53861, 49.07253]]]}}, {"type": "Feature", "properties": {"bidding_zone": "GB"}, "geometry": {"type": "MultiPolygon", "coordinates": [[[[-2.53936, 51.69521], [-2.74214, 51.5811], [-2.97852, 51.53887], [-3.08037, 51.4958], [-3.25879, 51.39849], [-3.29311, 51.39043], [-3.56235, 51.41382], [-3.76269, 51.53994], [-3.89077, 51.59165], [-3.94365, 51.59751], [-3.99834, 51.58213], [-4.11528, 51.56641], [-4.23457, 51.56909], [-4.17368, 51.62734], [-4.09102, 51.65991], [-4.27617, 51.68252], [-4.32764, 51.70024], [-4.38628, 51.74106], [-4.53149, 51.74805], [-4.60078, 51.73765], [-4.71763, 51.68369], [-4.90229, 51.62627], [-5.12476, 51.70586], [-5.16836, 51.74072], [-5.16724, 51.80806], [-5.20059, 51.86138], [-5.2623, 51.88018], [-5.18335, 51.94966], [-5.08809, 51.9959], [-4.87852, 52.04185], [-4.56113, 52.15088], [-4.38315, 52.19731], [-4.21772, 52.27744], [-4.14937, 52.32627], [-4.09976, 52.39312], [-4.05054, 52.47515], [-3.98032, 52.54175], [-4.04844, 52.55762], [-4.07891, 52.60786], [-4.0707, 52.65884], [-4.03926, 52.70405], [-4.06743, 52.76074], [-4.11753, 52.82002], [-4.11475, 52.86616], [-4.10147, 52.91548], [-4.22915, 52.91284], [-4.35644, 52.89741], [-4.47183, 52.86245], [-4.58369, 52.81494], [-4.68306, 52.80615], [-4.68145, 52.84414], [-4.63833, 52.89111], [-4.52568, 52.9582], [-4.40508, 53.01382], [-4.36221, 53.05606], [-4.32842, 53.10513], [-4.26856, 53.14453], [-4.11104, 53.21894], [-3.80928, 53.30269], [-3.76421, 53.30762], [-3.6459, 53.2979], [-3.52959, 53.31055], [-3.42773, 53.34067], [-3.32617, 53.34717], [-3.09756, 53.2603], [-3.16558, 53.39468], [-3.06475, 53.42686], [-2.91856, 53.30537], [-2.86416, 53.29258], [-2.74951, 53.31021], [-2.79375, 53.33071], [-2.84541, 53.33193], [-2.91309, 53.35024], [-2.96997, 53.38921], [-3.0646, 53.51284], [-3.05947, 53.58623], [-2.9957, 53.66255], [-2.9251, 53.73276], [-2.98433, 53.74673], [-3.03179, 53.77358], [-3.04536, 53.84385], [-3.02676, 53.90591], [-2.89985, 53.96069], [-2.8624, 54.04385], [-2.84648, 54.1353], [-2.86758, 54.17725], [-2.99351, 54.17051], [-3.05474, 54.15342], [-3.10967, 54.12632], [-3.16597, 54.12793], [-3.32153, 54.2291], [-3.41025, 54.30562], [-3.56939, 54.46758], [-3.59204, 54.56435], [-3.4646, 54.7731], [-3.26792, 54.90659], [-3.03623, 54.95308], [-3.08106, 54.96196], [-3.43408, 54.96377], [-3.55044, 54.94741], [-3.6583, 54.89287], [-3.71924, 54.87612], [-3.78325, 54.86992], [-3.8416, 54.84277], [-3.89858, 54.80508], [-3.95791, 54.78096], [-4.07578, 54.78721], [-4.13296, 54.77925], [-4.17402, 54.80107], [-4.2084, 54.83716], [-4.25342, 54.84678], [-4.30366, 54.83569], [-4.40991, 54.78706], [-4.51748, 54.75835], [-4.64756, 54.78901], [-4.81807, 54.84614], [-4.85171, 54.82529], [-4.8895, 54.77227], [-4.91123, 54.68945], [-5.03232, 54.76138], [-5.1355, 54.85752], [-5.17012, 54.91792], [-5.1727, 54.98589], [-5.1167, 55.01226], [-5.05586, 54.98813], [-4.96519, 55.14946], [-4.78481, 55.35942], [-4.72114, 55.421], [-4.67676, 55.50132], [-4.68438, 55.55391], [-4.72417, 55.59829], [-4.89185, 55.69912], [-4.88965, 55.7812], [-4.87168, 55.87393], [-4.82607, 55.92954], [-4.80684, 55.94014], [-4.58408, 55.93867], [-4.67095, 55.96738], [-4.84409, 56.05117], [-4.84102, 56.08086], [-4.80029, 56.15835], [-4.81914, 56.15049], [-4.85625, 56.1147], [-4.9271, 56.02808], [-4.97036, 56.00786], [-5.09282, 55.9873], [-5.11499, 55.94463], [-5.13467, 55.9335], [-5.19585, 55.92866], [-5.2146, 55.88887], [-5.22822, 55.88633], [-5.24561, 55.92925], [-5.24731, 56.00039], [-5.22295, 56.06582], [-5.17642, 56.11699], [-4.99697, 56.23335], [-5.08433, 56.19746], [-5.28232, 56.08994], [-5.38345, 56.01924], [-5.41045, 55.99536], [-5.4189, 55.97524], [-5.41831, 55.95205], [-5.3729, 55.82769], [-5.38584, 55.77012], [-5.55645, 55.3896], [-5.58877, 55.35142], [-5.61846, 55.33145], [-5.64653, 55.32686], [-5.73066, 55.33413], [-5.76821, 55.36265], [-5.76787, 55.39497], [-5.7521, 55.44346], [-5.68135, 55.62398], [-5.65064, 55.67412], [-5.60503, 55.72075], [-5.50449, 55.80239], [-5.50693, 55.80772], [-5.57388, 55.7917], [-5.60239, 55.79697], [-5.62285, 55.81314], [-5.60957, 56.05527], [-5.55527, 56.13496], [-5.53496, 56.25083], [-5.48789, 56.35005], [-5.4334, 56.42231], [-5.39194, 56.51479], [-5.32944, 56.55591], [-5.31269, 56.6188], [-5.24258, 56.68686], [-5.18838, 56.75806], [-5.21758, 56.75102], [-5.56421, 56.56572], [-5.65244, 56.53198], [-5.7728, 56.54102], [-5.86484, 56.56186], [-5.93677, 56.60571], [-5.9689, 56.68989], [-6.05771, 56.69214], [-6.13369, 56.70669], [-6.13276, 56.71802], [-6.03472, 56.76392], [-5.87764, 56.77964], [-5.73062, 56.85308], [-5.86143, 56.90269], [-5.85039, 56.91841], [-5.73628, 56.96064], [-5.59131, 57.10234], [-5.56191, 57.23271], [-5.63125, 57.29395], [-5.65635, 57.33408], [-5.79492, 57.37881], [-5.81807, 57.43608], [-5.80195, 57.46802], [-5.75674, 57.49922], [-5.68862, 57.52354], [-5.58179, 57.54678], [-5.67876, 57.57168], [-5.71494, 57.60107], [-5.74238, 57.64365], [-5.74492, 57.66831], [-5.69473, 57.77822], [-5.66548, 57.82353], [-5.60835, 57.88135], [-5.34902, 57.87808], [-5.31919, 57.90361], [-5.28979, 57.90459], [-5.15723, 57.88135], [-5.1769, 57.9064], [-5.39375, 58.0436], [-5.41318, 58.06973], [-5.35137, 58.1437], [-5.34687, 58.17666], [-5.35596, 58.21191], [-5.33828, 58.23872], [-5.26953, 58.25142], [-5.05996, 58.25015], [-5.0083, 58.26265], [-5.03184, 58.29829], [-5.08061, 58.34517], [-5.09014, 58.38452], [-5.07871, 58.41929], [-5.07602, 58.48926], [-5.0665, 58.52022], [-5.01675, 58.56655], [-4.97563, 58.58032], [-4.92466, 58.58838], [-4.80962, 58.5729], [-4.76577, 58.5542], [-4.71543, 58.51001], [-4.67822, 58.51357], [-4.53496, 58.56157], [-4.4919, 58.56846], [-4.43325, 58.51284], [-4.18862, 58.55723], [-3.85952, 58.5771], [-3.66182, 58.6063], [-3.45356, 58.61689], [-3.25913, 58.65], [-3.05308, 58.63481], [-3.04619, 58.61553], [-3.05698, 58.58877], [-3.10967, 58.51548], [-3.10112, 58.43369], [-3.11289, 58.40889], [-3.13677, 58.37832], [-3.21235, 58.32124], [-3.41099, 58.23965], [-3.775, 58.0521], [-3.99004, 57.95903], [-4.01963, 57.91426], [-4.0356, 57.852], [-3.90684, 57.83965], [-3.85713, 57.81856], [-3.88794, 57.78691], [-4.07842, 57.67705], [-4.13452, 57.57773], [-3.98848, 57.58125], [-3.86816, 57.60034], [-3.62822, 57.66226], [-3.40278, 57.70825], [-3.29453, 57.71016], [-3.08394, 57.67349], [-3.03604, 57.67231], [-2.94668, 57.68926], [-2.8563, 57.69228], [-2.24414, 57.68086], [-2.07407, 57.70239], [-1.96152, 57.67666], [-1.86738, 57.61235], [-1.77793, 57.49375], [-1.78066, 57.47402], [-1.83472, 57.41997], [-1.93447, 57.3522], [-2.02031, 57.25889], [-2.04551, 57.20855], [-2.06235, 57.15347], [-2.08955, 57.10254], [-2.26025, 56.86333], [-2.42666, 56.73071], [-2.50098, 56.63657], [-2.59268, 56.56157], [-2.68096, 56.5144], [-2.7752, 56.48296], [-3.04741, 56.44937], [-3.12358, 56.42529], [-3.21445, 56.38394], [-3.30996, 56.36348], [-3.198, 56.36606], [-3.08701, 56.38906], [-2.88516, 56.39751], [-2.65273, 56.31826], [-2.67427, 56.25342], [-2.76758, 56.20215], [-2.97979, 56.19409], [-3.17822, 56.08013], [-3.26777, 56.04507], [-3.36226, 56.02764], [-3.48042, 56.03281], [-3.69512, 56.06333], [-3.78906, 56.09522], [-3.70415, 56.04316], [-3.60781, 56.01602], [-3.04873, 55.95195], [-3.01509, 55.95859], [-2.83686, 56.02627], [-2.59932, 56.0273], [-2.14707, 55.90298], [-1.83027, 55.67173], [-1.72876, 55.61856], [-1.65537, 55.57036], [-1.61016, 55.4981], [-1.52256, 55.25952], [-1.42266, 55.02642], [-1.29175, 54.77388], [-1.23242, 54.70371], [-1.1544, 54.65449], [-0.75933, 54.54141], [-0.67139, 54.50391], [-0.51811, 54.39512], [-0.37036, 54.2792], [-0.23286, 54.19014], [-0.08438, 54.11807], [-0.1563, 54.08062], [-0.20557, 54.02173], [-0.16875, 53.94165], [-0.10825, 53.86519], [0.01055, 53.74282], [0.11533, 53.60928], [0.07671, 53.62944], [0.03608, 53.64053], [-0.01943, 53.63721], [-0.07373, 53.64365], [-0.17383, 53.68545], [-0.27002, 53.73677], [-0.46138, 53.71616], [-0.56768, 53.72539], [-0.65991, 53.72402], [-0.48506, 53.69438], [-0.2937, 53.69233], [0.12832, 53.46826], [0.271, 53.3355], [0.35576, 53.15996], [0.29805, 53.0811], [0.2082, 53.03003], [0.12441, 52.97158], [0.0459, 52.90561], [0.27979, 52.80869], [0.33018, 52.81162], [0.38193, 52.8252], [0.43164, 52.85815], [0.51553, 52.93838], [0.55879, 52.96694], [0.70449, 52.97725], [0.82676, 52.97109], [0.94854, 52.95337], [1.05557, 52.95898], [1.27129, 52.92456], [1.38213, 52.89351], [1.65674, 52.75371], [1.71611, 52.67725], [1.74336, 52.57852], [1.74658, 52.46899], [1.70039, 52.3689], [1.64736, 52.27852], [1.61465, 52.16182], [1.59141, 52.11977], [1.55898, 52.08687], [1.41348, 51.99477], [1.3168, 51.95693], [1.27598, 51.97353], [1.23242, 51.97124], [1.22783, 51.94912], [1.27383, 51.9021], [1.27441, 51.84536], [1.18848, 51.80337], [1.10117, 51.78545], [0.95508, 51.80781], [0.75225, 51.72959], [0.89805, 51.6894], [0.92744, 51.64663], [0.89092, 51.57144], [0.79922, 51.53789], [0.69756, 51.52305], [0.59346, 51.51948], [0.50723, 51.50107], [0.42451, 51.46563], [0.52832, 51.48447], [0.60029, 51.46797], [0.64551, 51.40469], [0.68652, 51.38657], [0.88936, 51.35952], [1.01494, 51.35972], [1.25713, 51.3751], [1.37344, 51.37471], [1.41494, 51.36328], [1.41562, 51.31084], [1.39756, 51.18203], [1.36553, 51.15547], [1.04443, 51.04727], [0.97861, 50.97168], [0.96016, 50.92588], [0.77236, 50.93398], [0.68437, 50.88555], [0.53232, 50.85342], [0.41475, 50.81919], [0.29971, 50.77598], [0.20508, 50.76304], [-0.20391, 50.81435], [-0.45078, 50.81016], [-0.78525, 50.76543], [-0.87139, 50.7728], [-1.00059, 50.81562], [-1.13286, 50.84458], [-1.28506, 50.85732], [-1.41646, 50.89688], [-1.33447, 50.8208], [-1.51675, 50.74746], [-1.60083, 50.73286], [-1.68789, 50.73516], [-1.86602, 50.71523], [-2.03105, 50.72539], [-2.00625, 50.67324], [-1.96206, 50.62778], [-1.9979, 50.60801], [-2.03584, 50.60308], [-2.35015, 50.6374], [-2.39468, 50.63091], [-2.43345, 50.59922], [-2.54775, 50.61631], [-2.65884, 50.66973], [-2.77695, 50.70557], [-2.90088, 50.72241], [-2.99941, 50.7166], [-3.40459, 50.63242], [-3.48545, 50.54795], [-3.52588, 50.42817], [-3.58438, 50.32183], [-3.67978, 50.23994], [-3.79336, 50.22925], [-3.9002, 50.28594], [-4.10342, 50.34853], [-4.17256, 50.39082], [-4.19458, 50.39331], [-4.21729, 50.37817], [-4.29697, 50.35908], [-4.37949, 50.3582], [-4.50669, 50.34136], [-4.72798, 50.29048], [-4.81738, 50.25596], [-5.00952, 50.16074], [-5.04863, 50.13437], [-5.11851, 50.03833], [-5.22524, 50.02139], [-5.32285, 50.08296], [-5.43398, 50.10444], [-5.55122, 50.0834], [-5.62212, 50.05068], [-5.65518, 50.07725], [-5.65625, 50.13188], [-5.57065, 50.19697], [-5.34229, 50.24614], [-5.1418, 50.37373], [-5.04346, 50.45151], [-5.00444, 50.49526], [-4.9564, 50.52314], [-4.89356, 50.53369], [-4.86128, 50.58203], [-4.58291, 50.77637], [-4.55996, 50.82095], [-4.54609, 50.90068], [-4.5231, 50.97744], [-4.29648, 51.02715], [-4.18818, 51.18852], [-4.1584, 51.20132], [-3.84233, 51.23091], [-3.60791, 51.22856], [-3.3751, 51.19697], [-3.25576, 51.19414], [-3.13599, 51.20503], [-3.04204, 51.24858], [-2.88125, 51.40566], [-2.79082, 51.47481], [-2.68721, 51.53726], [-2.59028, 51.60859], [-2.43306, 51.74072], [-2.53936, 51.69521]]], [[[-4.19678, 53.32144], [-4.15488, 53.30283], [-4.04936, 53.30576], [-4.08428, 53.26431], [-4.20039, 53.21807], [-4.27861, 53.17241], [-4.37305, 53.13418], [-4.41885, 53.17803], [-4.47197, 53.17637], [-4.55322, 53.26045], [-4.56787, 53.38647], [-4.46172, 53.41929], [-4.31509, 53.41724], [-4.19678, 53.32144]]], [[[-2.54888, 59.23135], [-2.66206, 59.23018], [-2.60361, 59.28931], [-2.53565, 59.30415], [-2.40698, 59.29756], [-2.42983, 59.27105], [-2.54888, 59.23135]]], [[[-1.04253, 60.51387], [-1.06787, 60.50229], [-1.16553, 60.60391], [-1.09331, 60.72022], [-1.00561, 60.7165], [-0.99165, 60.68603], [-1.00034, 60.65801], [-1.04502, 60.65552], [-1.04902, 60.64692], [-1.03511, 60.59292], [-1.03423, 60.53018], [-1.04253, 60.51387]]], [[[-1.30811, 60.5375], [-1.2874, 60.46704], [-1.23574, 60.4853], [-1.15776, 60.41772], [-1.11797, 60.41763], [-1.05244, 60.44448], [-1.06567, 60.38159], [-1.13369, 60.20698], [-1.15278, 60.17734], [-1.16572, 60.12427], [-1.17925, 60.11392], [-1.19932, 60.00659], [-1.24531, 59.97124], [-1.28379, 59.88691], [-1.29946, 59.87866], [-1.35586, 59.91113], [-1.29951, 60.03984], [-1.27617, 60.11465], [-1.29092, 60.15347], [-1.3228, 60.18838], [-1.40903, 60.1895], [-1.48149, 60.17339], [-1.49687, 60.19399], [-1.49912, 60.22178], [-1.5166, 60.23101], [-1.61304, 60.2291], [-1.64136, 60.23677], [-1.66006, 60.26226], [-1.66377, 60.28252], [-1.57666, 60.29839], [-1.49443, 60.29248], [-1.37461, 60.33291], [-1.44956, 60.46856], [-1.54883, 60.4813], [-1.57178, 60.49443], [-1.55264, 60.51743], [-1.49815, 60.52983], [-1.41421, 60.59873], [-1.36397, 60.60957], [-1.30171, 60.60767], [-1.30811, 60.5375]]], [[[-0.77427, 60.81196], [-0.77432, 60.80049], [-0.82617, 60.71616], [-0.82549, 60.68394], [-0.90913, 60.68701], [-0.92227, 60.69727], [-0.93809, 60.74565], [-0.92754, 60.79717], [-0.91582, 60.81045], [-0.89141, 60.81592], [-0.86494, 60.80581], [-0.82344, 60.83188], [-0.80181, 60.83125], [-0.77427, 60.81196]]], [[[-3.16494, 58.79419], [-3.22212, 58.78096], [-3.27881, 58.78193], [-3.36719, 58.83975], [-3.40083, 58.88179], [-3.39473, 58.90962], [-3.35742, 58.91899], [-3.27192, 58.90527], [-3.22764, 58.85718], [-3.22212, 58.82588], [-3.21162, 58.81357], [-3.15855, 58.80122], [-3.16494, 58.79419]]], [[[-2.92939, 58.7416], [-2.93897, 58.73862], [-2.97539, 58.75693], [-3.03545, 58.82266], [-2.94121, 58.83569], [-2.89644, 58.82759], [-2.91309, 58.79961], [-2.92939, 58.7416]]], [[[-3.05742, 59.02964], [-3.0707, 59.00498], [-2.99468, 59.00557], [-2.88457, 58.98452], [-2.81792, 58.98188], [-2.76245, 58.95581], [-2.79302, 58.90693], [-2.82622, 58.89326], [-2.86377, 58.89053], [-2.99482, 58.93935], [-3.1666, 58.91909], [-3.20078, 58.92529], [-3.22334, 58.93877], [-3.23262, 58.95552], [-3.23281, 58.98965], [-3.24214, 58.99971], [-3.30435, 58.96743], [-3.33164, 58.97124], [-3.34707, 58.98672], [-3.35371, 59.01875], [-3.34683, 59.06499], [-3.31035, 59.13081], [-3.24858, 59.14395], [-3.15649, 59.13633], [-3.05112, 59.09902], [-3.01924, 59.07603], [-3.02002, 59.05767], [-3.05742, 59.02964]]], [[[-2.72939, 59.18677], [-2.81523, 59.16191], [-2.85186, 59.18247], [-2.86143, 59.24683], [-3.01348, 59.29145], [-3.05205, 59.32388], [-3.04224, 59.33384], [-2.97554, 59.34712], [-2.86162, 59.28833], [-2.81504, 59.24082], [-2.73066, 59.22676], [-2.71992, 59.21948], [-2.72939, 59.18677]]], [[[-6.60762, 56.58501], [-6.66445, 56.57944], [-6.66855, 56.5936], [-6.56992, 56.66123], [-6.50605, 56.67236], [-6.48369, 56.66577], [-6.53008, 56.62661], [-6.60762, 56.58501]]], [[[-5.10542, 55.44883], [-5.23149, 55.4481], [-5.27705, 55.45674], [-5.33149, 55.48105], [-5.39268, 55.61836], [-5.3708, 55.66694], [-5.31811, 55.70918], [-5.25161, 55.71694], [-5.18545, 55.69097], [-5.1604, 55.6668], [-5.10498, 55.57397], [-5.09473, 55.49434], [-5.10542, 55.44883]]], [[[-5.77788, 56.34434], [-6.17617, 56.28872], [-6.31343, 56.29365], [-6.32583, 56.32095], [-6.29849, 56.33916], [-6.18486, 56.35688], [-6.13887, 56.49063], [-6.31065, 56.55215], [-6.31968, 56.56943], [-6.30625, 56.59878], [-6.28633, 56.61187], [-6.18208, 56.64297], [-6.13828, 56.64985], [-6.10273, 56.64565], [-6.02959, 56.60981], [-5.94668, 56.53452], [-5.83603, 56.52256], [-5.76084, 56.49067], [-5.77788, 56.34434]]], [[[-6.12891, 55.93057], [-6.09282, 55.80215], [-6.05762, 55.72251], [-6.05532, 55.69531], [-6.08838, 55.65752], [-6.25317, 55.60723], [-6.30508, 55.60693], [-6.30723, 55.61914], [-6.27002, 55.67031], [-6.30205, 55.72837], [-6.28643, 55.77251], [-6.30176, 55.78061], [-6.33389, 55.77437], [-6.45195, 55.70425], [-6.49136, 55.69731], [-6.49565, 55.71157], [-6.46645, 55.76899], [-6.46284, 55.80825], [-6.44526, 55.83237], [-6.41318, 55.85464], [-6.37495, 55.87134], [-6.34414, 55.87373], [-6.31128, 55.85649], [-6.21567, 55.90459], [-6.12891, 55.93057]]], [[[-5.97007, 55.81455], [-5.99092, 55.80381], [-6.04155, 55.80679], [-6.06035, 55.8229], [-6.0707, 55.84766], [-6.07197, 55.89312], [-6.04131, 55.92563], [-5.91177, 55.97476], [-5.97031, 55.99219], [-5.97266, 56.00444], [-5.93906, 56.04526], [-5.79961, 56.10879], [-5.76226, 56.12031], [-5.72515, 56.11856], [-5.79722, 56.00561], [-5.97007, 55.81455]]], [[[-6.19868, 58.36328], [-6.32583, 58.18887], [-6.37559, 58.18457], [-6.41929, 58.14097], [-6.55459, 58.09287], [-6.43652, 58.0919], [-6.40337, 58.07588], [-6.40244, 58.04136], [-6.4252, 58.02129], [-6.57812, 57.94136], [-6.6833, 57.91103], [-6.79658, 57.82754], [-6.85376, 57.82651], [-6.91035, 57.77339], [-6.95693, 57.75005], [-6.98311, 57.75], [-7.01318, 57.76177], [-7.08345, 57.81377], [-6.95596, 57.86489], [-6.94414, 57.89365], [-6.85684, 57.92354], [-6.86416, 57.93286], [-7.00254, 57.9749], [-7.05708, 58.00317], [-7.0519, 58.01797], [-6.9853, 58.05049], [-7.01689, 58.05479], [-7.03823, 58.07231], [-7.0769, 58.079], [-7.08848, 58.09536], [-7.0956, 58.13828], [-7.08525, 58.18218], [-7.04492, 58.20156], [-7.02842, 58.22231], [-7.01206, 58.22871], [-6.94956, 58.21768], [-6.88623, 58.18257], [-6.81231, 58.19609], [-6.72647, 58.1894], [-6.72471, 58.19756], [-6.78774, 58.28389], [-6.77646, 58.30151], [-6.74228, 58.32163], [-6.54419, 58.38315], [-6.29717, 58.48662], [-6.23745, 58.50283], [-6.21943, 58.48872], [-6.19424, 58.43511], [-6.19868, 58.36328]]], [[[-6.27905, 56.9647], [-6.30874, 56.95181], [-6.34624, 56.9543], [-6.3834, 56.9709], [-6.43262, 57.01792], [-6.32236, 57.05054], [-6.27822, 57.0314], [-6.26128, 57.00952], [-6.26055, 56.98525], [-6.27905, 56.9647]]], [[[-6.14473, 57.50498], [-6.14614, 57.46079], [-6.16377, 57.40884], [-6.14082, 57.35366], [-6.13555, 57.31426], [-6.09341, 57.30171], [-6.06763, 57.28354], [-5.88027, 57.26323], [-5.70601, 57.26895], [-5.67246, 57.25269], [-5.66865, 57.2269], [-5.69619, 57.19844], [-5.79541, 57.14653], [-5.91377, 57.06265], [-5.94907, 57.04517], [-5.98731, 57.04443], [-6.01475, 57.05195], [-6.03437, 57.20122], [-6.16274, 57.18213], [-6.26611, 57.18433], [-6.32271, 57.20249], [-6.3624, 57.2375], [-6.44243, 57.32749], [-6.67544, 57.36289], [-6.74131, 57.41245], [-6.76113, 57.44238], [-6.75273, 57.45894], [-6.7042, 57.49575], [-6.64346, 57.48262], [-6.60586, 57.49067], [-6.58301, 57.50713], [-6.5835, 57.52065], [-6.61528, 57.55273], [-6.6168, 57.56269], [-6.37852, 57.60332], [-6.35767, 57.6668], [-6.30596, 57.67197], [-6.24692, 57.65122], [-6.16606, 57.5853], [-6.14473, 57.50498]]], [[[-7.20557, 57.68296], [-7.09277, 57.62666], [-7.18262, 57.5333], [-7.32056, 57.53374], [-7.51475, 57.60195], [-7.51562, 57.61587], [-7.49941, 57.63633], [-7.47031, 57.65254], [-7.44004, 57.6564], [-7.39189, 57.64522], [-7.32485, 57.66313], [-7.27119, 57.65747], [-7.20557, 57.68296]]], [[[-7.24985, 57.11533], [-7.29204, 57.10977], [-7.34741, 57.11514], [-7.38149, 57.13066], [-7.41592, 57.19214], [-7.42236, 57.22935], [-7.40703, 57.29849], [-7.41055, 57.3811], [-7.29639, 57.38369], [-7.26714, 57.37178], [-7.24756, 57.12637], [-7.24985, 57.11533]]], [[[-7.4169, 56.96543], [-7.50479, 56.95166], [-7.5374, 56.95972], [-7.54297, 56.97236], [-7.52295, 57.00679], [-7.45547, 57.01895], [-7.40669, 57.00029], [-7.39893, 56.98335], [-7.4169, 56.96543]]], [[[-6.21802, 54.08872], [-6.30366, 54.09487], [-6.40259, 54.06065], [-6.44028, 54.06362], [-6.54814, 54.05727], [-6.6498, 54.05864], [-6.66421, 54.08477], [-6.64687, 54.16343], [-6.66953, 54.18472], [-6.7666, 54.19561], [-6.80259, 54.21435], [-6.85835, 54.26865], [-6.87725, 54.3291], [-6.93613, 54.37432], [-7.00772, 54.40669], [-7.04971, 54.40825], [-7.1335, 54.35537], [-7.20259, 54.30181], [-7.17808, 54.2749], [-7.15547, 54.2395], [-7.19307, 54.21411], [-7.30674, 54.15601], [-7.32451, 54.13345], [-7.35518, 54.12124], [-7.40942, 54.1373], [-7.54443, 54.13359], [-7.60654, 54.14385], [-7.67876, 54.18667], [-7.85493, 54.21528], [-7.88447, 54.28379], [-7.91846, 54.29658], [-8.11826, 54.41426], [-8.14482, 54.45352], [-8.11895, 54.47695], [-8.04434, 54.51245], [-7.7938, 54.57124], [-7.75439, 54.59492], [-7.74629, 54.61582], [-7.88613, 54.66606], [-7.90874, 54.68335], [-7.9106, 54.69834], [-7.87295, 54.71787], [-7.79727, 54.71929], [-7.7375, 54.71045], [-7.68999, 54.72803], [-7.60644, 54.7457], [-7.55039, 54.76797], [-7.45127, 54.8771], [-7.446, 54.90513], [-7.40142, 55.00332], [-7.3769, 55.02769], [-7.21865, 55.09199], [-7.17861, 55.05689], [-7.10063, 55.04829], [-7.03076, 55.08062], [-6.94717, 55.18252], [-6.88896, 55.18892], [-6.82485, 55.18066], [-6.69883, 55.19346], [-6.47505, 55.24102], [-6.37529, 55.2418], [-6.23423, 55.21685], [-6.12915, 55.21738], [-6.03579, 55.14453], [-5.98574, 55.02969], [-5.86919, 54.91621], [-5.71685, 54.81748], [-5.71074, 54.75708], [-5.76519, 54.72466], [-5.8791, 54.68438], [-5.87861, 54.64131], [-5.80347, 54.66304], [-5.73862, 54.67305], [-5.58252, 54.66343], [-5.52793, 54.61963], [-5.49019, 54.55405], [-5.47041, 54.50019], [-5.48389, 54.44165], [-5.52588, 54.46021], [-5.56855, 54.5126], [-5.61597, 54.53672], [-5.67109, 54.54976], [-5.64609, 54.47788], [-5.65596, 54.38174], [-5.63188, 54.37266], [-5.55781, 54.371], [-5.60679, 54.27256], [-5.70806, 54.24585], [-5.82617, 54.23584], [-5.85464, 54.20098], [-5.87607, 54.15606], [-5.93774, 54.08906], [-6.01904, 54.05127], [-6.11953, 54.05889], [-6.21802, 54.08872]]], [[[-1.06558, 50.69023], [-1.14936, 50.65571], [-1.17583, 50.61523], [-1.19609, 50.59922], [-1.25147, 50.58882], [-1.3063, 50.58852], [-1.51533, 50.66978], [-1.56343, 50.66611], [-1.51567, 50.70332], [-1.38584, 50.73354], [-1.31279, 50.77349], [-1.14424, 50.73472], [-1.06558, 50.69023]]]]}}, {"type": "Feature", "properties": {"bidding_zone": "IE"}, "geometry": {"type": "MultiPolygon", "coordinates": [[[[-9.94819, 53.91313], [-9.95244, 53.88457], [-10.02651, 53.92056], [-10.0625, 53.95972], [-10.26572, 53.97769], [-10.18106, 54.01685], [-10.13975, 54.00523], [-9.99639, 54.00361], [-9.95615, 53.98721], [-9.94819, 53.91313]]], [[[-7.21865, 55.09199], [-7.3769, 55.02769], [-7.40142, 55.00332], [-7.446, 54.90513], [-7.45127, 54.8771], [-7.55039, 54.76797], [-7.60644, 54.7457], [-7.68999, 54.72803], [-7.7375, 54.71045], [-7.79727, 54.71929], [-7.87295, 54.71787], [-7.9106, 54.69834], [-7.90874, 54.68335], [-7.88613, 54.66606], [-7.74629, 54.61582], [-7.75439, 54.59492], [-7.7938, 54.57124], [-8.04434, 54.51245], [-8.11895, 54.47695], [-8.14482, 54.45352], [-8.11826, 54.41426], [-7.91846, 54.29658], [-7.88447, 54.28379], [-7.85493, 54.21528], [-7.67876, 54.18667], [-7.60654, 54.14385], [-7.54443, 54.13359], [-7.40942, 54.1373], [-7.35518, 54.12124], [-7.32451, 54.13345], [-7.30674, 54.15601], [-7.19307, 54.21411], [-7.15547, 54.2395], [-7.17808, 54.2749], [-7.20259, 54.30181], [-7.1335, 54.35537], [-7.04971, 54.40825], [-7.00772, 54.40669], [-6.93613, 54.37432], [-6.87725, 54.3291], [-6.85835, 54.26865], [-6.80259, 54.21435], [-6.7666, 54.19561], [-6.66953, 54.18472], [-6.64687, 54.16343], [-6.66421, 54.08477], [-6.6498, 54.05864], [-6.54814, 54.05727], [-6.44028, 54.06362], [-6.40259, 54.06065], [-6.30366, 54.09487], [-6.21802, 54.08872], [-6.17573, 54.05352], [-6.15693, 54.01724], [-6.23066, 54.00361], [-6.30762, 54.01103], [-6.34517, 53.98721], [-6.34761, 53.94131], [-6.32158, 53.88218], [-6.27012, 53.84023], [-6.229, 53.7457], [-6.19487, 53.64087], [-6.14185, 53.57754], [-6.13096, 53.49893], [-6.13877, 53.4603], [-6.1291, 53.39087], [-6.15166, 53.36641], [-6.13472, 53.30122], [-6.07227, 53.16631], [-6.04502, 53.09116], [-6.02739, 52.9271], [-6.07148, 52.86563], [-6.13066, 52.80727], [-6.16934, 52.73813], [-6.19922, 52.66348], [-6.21724, 52.54312], [-6.34541, 52.402], [-6.39995, 52.36694], [-6.46318, 52.34536], [-6.325, 52.24668], [-6.43794, 52.20269], [-6.56108, 52.18882], [-6.69731, 52.21352], [-6.78223, 52.2105], [-6.85972, 52.17856], [-6.89023, 52.15923], [-6.91465, 52.16855], [-6.96577, 52.24951], [-7.00327, 52.16592], [-7.08179, 52.13931], [-7.21621, 52.14497], [-7.44087, 52.12271], [-7.52729, 52.09888], [-7.56318, 52.06162], [-7.58984, 52.01855], [-7.6249, 51.99312], [-7.66455, 51.97974], [-7.83799, 51.948], [-7.87217, 51.9353], [-7.95249, 51.86577], [-8.05781, 51.82559], [-8.14502, 51.81352], [-8.22246, 51.854], [-8.2543, 51.87832], [-8.29023, 51.89067], [-8.40918, 51.88877], [-8.37163, 51.87627], [-8.34736, 51.8477], [-8.3356, 51.79297], [-8.34912, 51.73931], [-8.40781, 51.71206], [-8.47783, 51.70703], [-8.58828, 51.65137], [-8.73447, 51.63618], [-8.81343, 51.58491], [-9.29648, 51.49824], [-9.32388, 51.49722], [-9.39058, 51.51929], [-9.46289, 51.52905], [-9.53486, 51.52217], [-9.7373, 51.47373], [-9.83535, 51.48335], [-9.71035, 51.60371], [-9.54238, 51.66445], [-9.5249, 51.6811], [-9.57983, 51.68926], [-9.89902, 51.64707], [-10.00991, 51.61113], [-10.12075, 51.60068], [-10.06943, 51.65557], [-9.92642, 51.73071], [-9.84971, 51.76611], [-9.80288, 51.78013], [-9.74951, 51.82427], [-9.59883, 51.87441], [-10.08423, 51.771], [-10.21172, 51.78359], [-10.24175, 51.81245], [-10.34106, 51.79893], [-10.37871, 51.86875], [-10.23159, 51.97451], [-10.14585, 52.02002], [-10.04404, 52.04458], [-9.94604, 52.07983], [-9.90967, 52.12295], [-9.95581, 52.13667], [-10.24951, 52.12573], [-10.39023, 52.13491], [-10.38262, 52.16909], [-10.35669, 52.20693], [-10.21094, 52.27168], [-10.13208, 52.28208], [-10.06177, 52.27593], [-9.99311, 52.25933], [-9.93731, 52.23765], [-9.77212, 52.2501], [-9.84106, 52.29145], [-9.85322, 52.37549], [-9.90606, 52.40371], [-9.83848, 52.44268], [-9.76113, 52.46636], [-9.63223, 52.54692], [-9.58633, 52.55918], [-9.33125, 52.57876], [-9.05615, 52.62114], [-8.78345, 52.67964], [-8.92329, 52.71231], [-8.99028, 52.75542], [-9.0979, 52.66826], [-9.17539, 52.63491], [-9.39424, 52.61709], [-9.46348, 52.6269], [-9.56104, 52.65396], [-9.59136, 52.64365], [-9.61953, 52.62275], [-9.76436, 52.57998], [-9.9166, 52.56973], [-9.7396, 52.64819], [-9.51499, 52.78115], [-9.46489, 52.82319], [-9.39365, 52.89624], [-9.41572, 52.92876], [-9.46196, 52.94727], [-9.29922, 53.09756], [-9.24189, 53.12485], [-9.1376, 53.12925], [-9.06113, 53.15308], [-9.02744, 53.15317], [-8.99717, 53.16206], [-8.93013, 53.20708], [-9.03355, 53.23574], [-9.14033, 53.25049], [-9.47075, 53.23486], [-9.51421, 53.23823], [-9.55518, 53.25205], [-9.58174, 53.27197], [-9.60176, 53.32305], [-9.62598, 53.33447], [-9.70059, 53.33447], [-9.77407, 53.31885], [-9.82539, 53.32036], [-9.87578, 53.34273], [-9.79541, 53.39497], [-9.89902, 53.40727], [-10.00391, 53.39702], [-10.09126, 53.41284], [-10.09399, 53.44561], [-10.05439, 53.47832], [-10.10625, 53.50933], [-10.11699, 53.54854], [-10.06172, 53.56782], [-10.00137, 53.56143], [-9.87827, 53.59043], [-9.72065, 53.60449], [-9.85586, 53.63311], [-9.90972, 53.65762], [-9.9123, 53.69512], [-9.90161, 53.7272], [-9.74507, 53.78149], [-9.57822, 53.80542], [-9.59053, 53.84116], [-9.57886, 53.87983], [-9.74751, 53.89102], [-9.91406, 53.86372], [-9.89624, 53.9376], [-9.85635, 54.0043], [-9.84849, 54.04829], [-9.85645, 54.09536], [-9.93447, 54.07524], [-9.9436, 54.1416], [-9.9771, 54.18711], [-10.09268, 54.15576], [-10.0897, 54.21582], [-10.0564, 54.25781], [-9.99595, 54.27602], [-9.93594, 54.26812], [-9.82456, 54.2689], [-9.71714, 54.30044], [-9.56231, 54.30855], [-9.31553, 54.29863], [-9.1459, 54.20962], [-9.1021, 54.22554], [-9.03428, 54.28179], [-9.00244, 54.28799], [-8.74678, 54.26348], [-8.58804, 54.2311], [-8.54556, 54.24121], [-8.56846, 54.30361], [-8.62314, 54.34687], [-8.55444, 54.40356], [-8.471, 54.44194], [-8.41523, 54.46108], [-8.28652, 54.48486], [-8.23037, 54.50727], [-8.19297, 54.58013], [-8.13345, 54.64082], [-8.45654, 54.60928], [-8.76392, 54.6812], [-8.71519, 54.73203], [-8.65029, 54.76089], [-8.53828, 54.78296], [-8.52769, 54.80947], [-8.471, 54.83154], [-8.3773, 54.88945], [-8.41172, 54.96509], [-8.39326, 55.02041], [-8.32578, 55.05644], [-8.30469, 55.1082], [-8.27461, 55.14629], [-8.1377, 55.15991], [-8.0061, 55.19531], [-7.95859, 55.1919], [-7.80317, 55.20005], [-7.75054, 55.18579], [-7.76255, 55.24834], [-7.66709, 55.25649], [-7.62979, 55.24399], [-7.61338, 55.19966], [-7.57002, 55.17139], [-7.55664, 55.12222], [-7.58569, 55.08423], [-7.63428, 55.05498], [-7.58984, 55.02505], [-7.65874, 54.97095], [-7.58437, 54.99399], [-7.47842, 55.04697], [-7.48394, 55.09028], [-7.50195, 55.14473], [-7.53144, 55.19385], [-7.51787, 55.24795], [-7.4583, 55.28179], [-7.30176, 55.29878], [-7.36597, 55.36021], [-7.30879, 55.36582], [-7.24668, 55.35303], [-7.15532, 55.30518], [-7.06025, 55.26763], [-6.96167, 55.23789], [-7.0564, 55.17832], [-7.17285, 55.13701], [-7.21865, 55.09199]]]]}}]}